provincia ;canton;Edad;personas_por_edad
Total Nacional;Nacional;Nacional;16.938.986
Total Nacional;Nacional;De 0-4;1.293.325
Total Nacional;Nacional;De 5-9;1.412.087
Total Nacional;Nacional;De 10-14;1.607.577
Total Nacional;Nacional;De 15-19;1.533.824
Total Nacional;Nacional;De 20-24;1.495.912
Total Nacional;Nacional;De 25-29;1.347.168
Total Nacional;Nacional;De 30-34;1.243.063
Total Nacional;Nacional;De 35-39;1.173.922
Total Nacional;Nacional;De 40-44;1.112.429
Total Nacional;Nacional;De 45-49;951.536
Total Nacional;Nacional;De 50-54;860.590
Total Nacional;Nacional;De 55-59;752.046
Total Nacional;Nacional;De 60-64;634.917
Total Nacional;Nacional;De 65-69;516.770
Total Nacional;Nacional;De 70-74;380.529
Total Nacional;Nacional;De 75-79;271.820
Total Nacional;Nacional;De 80-84;178.073
Total Nacional;Nacional;85 o más;173.398
Azuay;Total Azuay;Total Azuay;801.609
Azuay;Total Azuay;De 0-4;54.110
Azuay;Total Azuay;De 5-9;66.035
Azuay;Total Azuay;De 10-14;71.876
Azuay;Total Azuay;De 15-19;71.444
Azuay;Total Azuay;De 20-24;71.192
Azuay;Total Azuay;De 25-29;64.283
Azuay;Total Azuay;De 30-34;60.276
Azuay;Total Azuay;De 35-39;57.703
Azuay;Total Azuay;De 40-44;51.875
Azuay;Total Azuay;De 45-49;43.196
Azuay;Total Azuay;De 50-54;39.725
Azuay;Total Azuay;De 55-59;34.529
Azuay;Total Azuay;De 60-64;30.365
Azuay;Total Azuay;De 65-69;25.486
Azuay;Total Azuay;De 70-74;20.324
Azuay;Total Azuay;De 75-79;16.039
Azuay;Total Azuay;De 80-84;11.407
Azuay;Total Azuay;85 o más;11.744
Azuay;Cuenca;Total Cuenca;596.101
Azuay;Cuenca;De 0-4;37.739
Azuay;Cuenca;De 5-9;47.891
Azuay;Cuenca;De 10-14;51.642
Azuay;Cuenca;De 15-19;51.327
Azuay;Cuenca;De 20-24;53.853
Azuay;Cuenca;De 25-29;49.556
Azuay;Cuenca;De 30-34;46.763
Azuay;Cuenca;De 35-39;44.980
Azuay;Cuenca;De 40-44;40.488
Azuay;Cuenca;De 45-49;33.404
Azuay;Cuenca;De 50-54;30.242
Azuay;Cuenca;De 55-59;26.159
Azuay;Cuenca;De 60-64;22.597
Azuay;Cuenca;De 65-69;18.701
Azuay;Cuenca;De 70-74;14.421
Azuay;Cuenca;De 75-79;11.062
Azuay;Cuenca;De 80-84;7.557
Azuay;Cuenca;85 o más;7.719
Azuay;Cuenca;Total Cuenca;361.524
Azuay;Cuenca;De 0-4;20.477
Azuay;Cuenca;De 5-9;26.807
Azuay;Cuenca;De 10-14;28.787
Azuay;Cuenca;De 15-19;29.159
Azuay;Cuenca;De 20-24;32.976
Azuay;Cuenca;De 25-29;31.257
Azuay;Cuenca;De 30-34;28.919
Azuay;Cuenca;De 35-39;27.844
Azuay;Cuenca;De 40-44;25.045
Azuay;Cuenca;De 45-49;21.147
Azuay;Cuenca;De 50-54;19.327
Azuay;Cuenca;De 55-59;17.057
Azuay;Cuenca;De 60-64;14.910
Azuay;Cuenca;De 65-69;12.385
Azuay;Cuenca;De 70-74;9.327
Azuay;Cuenca;De 75-79;6.828
Azuay;Cuenca;De 80-84;4.540
Azuay;Cuenca;85 o más;4.732
Azuay;Cuenca;Total Baños;21.797
Azuay;Cuenca;De 0-4;1.752
Azuay;Cuenca;De 5-9;2.043
Azuay;Cuenca;De 10-14;2.086
Azuay;Cuenca;De 15-19;2.047
Azuay;Cuenca;De 20-24;2.016
Azuay;Cuenca;De 25-29;1.800
Azuay;Cuenca;De 30-34;1.769
Azuay;Cuenca;De 35-39;1.549
Azuay;Cuenca;De 40-44;1.368
Azuay;Cuenca;De 45-49;1.106
Azuay;Cuenca;De 50-54;1.035
Azuay;Cuenca;De 55-59;890
Azuay;Cuenca;De 60-64;624
Azuay;Cuenca;De 65-69;563
Azuay;Cuenca;De 70-74;406
Azuay;Cuenca;De 75-79;302
Azuay;Cuenca;De 80-84;215
Azuay;Cuenca;85 o más;226
Azuay;Cuenca;Total Cumbe;6.455
Azuay;Cuenca;De 0-4;465
Azuay;Cuenca;De 5-9;580
Azuay;Cuenca;De 10-14;656
Azuay;Cuenca;De 15-19;584
Azuay;Cuenca;De 20-24;554
Azuay;Cuenca;De 25-29;489
Azuay;Cuenca;De 30-34;450
Azuay;Cuenca;De 35-39;442
Azuay;Cuenca;De 40-44;320
Azuay;Cuenca;De 45-49;280
Azuay;Cuenca;De 50-54;281
Azuay;Cuenca;De 55-59;260
Azuay;Cuenca;De 60-64;281
Azuay;Cuenca;De 65-69;198
Azuay;Cuenca;De 70-74;201
Azuay;Cuenca;De 75-79;169
Azuay;Cuenca;De 80-84;116
Azuay;Cuenca;85 o más;129
Azuay;Cuenca;Total Chaucha;1.721
Azuay;Cuenca;De 0-4;134
Azuay;Cuenca;De 5-9;177
Azuay;Cuenca;De 10-14;181
Azuay;Cuenca;De 15-19;194
Azuay;Cuenca;De 20-24;112
Azuay;Cuenca;De 25-29;119
Azuay;Cuenca;De 30-34;100
Azuay;Cuenca;De 35-39;111
Azuay;Cuenca;De 40-44;85
Azuay;Cuenca;De 45-49;78
Azuay;Cuenca;De 50-54;64
Azuay;Cuenca;De 55-59;65
Azuay;Cuenca;De 60-64;65
Azuay;Cuenca;De 65-69;88
Azuay;Cuenca;De 70-74;57
Azuay;Cuenca;De 75-79;39
Azuay;Cuenca;De 80-84;32
Azuay;Cuenca;85 o más;20
Azuay;Cuenca;Total Checa;3.204
Azuay;Cuenca;De 0-4;189
Azuay;Cuenca;De 5-9;244
Azuay;Cuenca;De 10-14;303
Azuay;Cuenca;De 15-19;309
Azuay;Cuenca;De 20-24;246
Azuay;Cuenca;De 25-29;202
Azuay;Cuenca;De 30-34;198
Azuay;Cuenca;De 35-39;204
Azuay;Cuenca;De 40-44;193
Azuay;Cuenca;De 45-49;179
Azuay;Cuenca;De 50-54;181
Azuay;Cuenca;De 55-59;123
Azuay;Cuenca;De 60-64;123
Azuay;Cuenca;De 65-69;141
Azuay;Cuenca;De 70-74;110
Azuay;Cuenca;De 75-79;114
Azuay;Cuenca;De 80-84;65
Azuay;Cuenca;85 o más;80
Azuay;Cuenca;Total Chiquintad;5.738
Azuay;Cuenca;De 0-4;365
Azuay;Cuenca;De 5-9;488
Azuay;Cuenca;De 10-14;525
Azuay;Cuenca;De 15-19;539
Azuay;Cuenca;De 20-24;501
Azuay;Cuenca;De 25-29;464
Azuay;Cuenca;De 30-34;398
Azuay;Cuenca;De 35-39;415
Azuay;Cuenca;De 40-44;388
Azuay;Cuenca;De 45-49;309
Azuay;Cuenca;De 50-54;244
Azuay;Cuenca;De 55-59;207
Azuay;Cuenca;De 60-64;202
Azuay;Cuenca;De 65-69;185
Azuay;Cuenca;De 70-74;151
Azuay;Cuenca;De 75-79;159
Azuay;Cuenca;De 80-84;106
Azuay;Cuenca;85 o más;92
Azuay;Cuenca;Total Llacao;7.468
Azuay;Cuenca;De 0-4;524
Azuay;Cuenca;De 5-9;696
Azuay;Cuenca;De 10-14;757
Azuay;Cuenca;De 15-19;651
Azuay;Cuenca;De 20-24;624
Azuay;Cuenca;De 25-29;555
Azuay;Cuenca;De 30-34;599
Azuay;Cuenca;De 35-39;531
Azuay;Cuenca;De 40-44;493
Azuay;Cuenca;De 45-49;410
Azuay;Cuenca;De 50-54;344
Azuay;Cuenca;De 55-59;323
Azuay;Cuenca;De 60-64;247
Azuay;Cuenca;De 65-69;206
Azuay;Cuenca;De 70-74;166
Azuay;Cuenca;De 75-79;143
Azuay;Cuenca;De 80-84;97
Azuay;Cuenca;85 o más;102
Azuay;Cuenca;Total Molleturo;6.882
Azuay;Cuenca;De 0-4;596
Azuay;Cuenca;De 5-9;669
Azuay;Cuenca;De 10-14;869
Azuay;Cuenca;De 15-19;778
Azuay;Cuenca;De 20-24;560
Azuay;Cuenca;De 25-29;434
Azuay;Cuenca;De 30-34;401
Azuay;Cuenca;De 35-39;395
Azuay;Cuenca;De 40-44;367
Azuay;Cuenca;De 45-49;295
Azuay;Cuenca;De 50-54;304
Azuay;Cuenca;De 55-59;273
Azuay;Cuenca;De 60-64;238
Azuay;Cuenca;De 65-69;191
Azuay;Cuenca;De 70-74;189
Azuay;Cuenca;De 75-79;140
Azuay;Cuenca;De 80-84;99
Azuay;Cuenca;85 o más;84
Azuay;Cuenca;Total Nulti;6.707
Azuay;Cuenca;De 0-4;427
Azuay;Cuenca;De 5-9;558
Azuay;Cuenca;De 10-14;667
Azuay;Cuenca;De 15-19;610
Azuay;Cuenca;De 20-24;626
Azuay;Cuenca;De 25-29;457
Azuay;Cuenca;De 30-34;496
Azuay;Cuenca;De 35-39;545
Azuay;Cuenca;De 40-44;488
Azuay;Cuenca;De 45-49;400
Azuay;Cuenca;De 50-54;353
Azuay;Cuenca;De 55-59;268
Azuay;Cuenca;De 60-64;217
Azuay;Cuenca;De 65-69;175
Azuay;Cuenca;De 70-74;128
Azuay;Cuenca;De 75-79;110
Azuay;Cuenca;De 80-84;90
Azuay;Cuenca;85 o más;92
Azuay;Cuenca;Total Octavio Cordero Palacios;2.516
Azuay;Cuenca;De 0-4;168
Azuay;Cuenca;De 5-9;215
Azuay;Cuenca;De 10-14;241
Azuay;Cuenca;De 15-19;200
Azuay;Cuenca;De 20-24;210
Azuay;Cuenca;De 25-29;148
Azuay;Cuenca;De 30-34;165
Azuay;Cuenca;De 35-39;163
Azuay;Cuenca;De 40-44;134
Azuay;Cuenca;De 45-49;122
Azuay;Cuenca;De 50-54;106
Azuay;Cuenca;De 55-59;90
Azuay;Cuenca;De 60-64;114
Azuay;Cuenca;De 65-69;108
Azuay;Cuenca;De 70-74;87
Azuay;Cuenca;De 75-79;95
Azuay;Cuenca;De 80-84;71
Azuay;Cuenca;85 o más;79
Azuay;Cuenca;Total Paccha;8.497
Azuay;Cuenca;De 0-4;579
Azuay;Cuenca;De 5-9;736
Azuay;Cuenca;De 10-14;761
Azuay;Cuenca;De 15-19;785
Azuay;Cuenca;De 20-24;747
Azuay;Cuenca;De 25-29;684
Azuay;Cuenca;De 30-34;698
Azuay;Cuenca;De 35-39;602
Azuay;Cuenca;De 40-44;564
Azuay;Cuenca;De 45-49;454
Azuay;Cuenca;De 50-54;385
Azuay;Cuenca;De 55-59;335
Azuay;Cuenca;De 60-64;295
Azuay;Cuenca;De 65-69;243
Azuay;Cuenca;De 70-74;188
Azuay;Cuenca;De 75-79;163
Azuay;Cuenca;De 80-84;146
Azuay;Cuenca;85 o más;132
Azuay;Cuenca;Total Quingeo;7.318
Azuay;Cuenca;De 0-4;705
Azuay;Cuenca;De 5-9;773
Azuay;Cuenca;De 10-14;838
Azuay;Cuenca;De 15-19;861
Azuay;Cuenca;De 20-24;726
Azuay;Cuenca;De 25-29;412
Azuay;Cuenca;De 30-34;345
Azuay;Cuenca;De 35-39;398
Azuay;Cuenca;De 40-44;390
Azuay;Cuenca;De 45-49;325
Azuay;Cuenca;De 50-54;291
Azuay;Cuenca;De 55-59;206
Azuay;Cuenca;De 60-64;225
Azuay;Cuenca;De 65-69;204
Azuay;Cuenca;De 70-74;194
Azuay;Cuenca;De 75-79;197
Azuay;Cuenca;De 80-84;116
Azuay;Cuenca;85 o más;112
Azuay;Cuenca;Total Ricaurte;26.919
Azuay;Cuenca;De 0-4;1.856
Azuay;Cuenca;De 5-9;2.409
Azuay;Cuenca;De 10-14;2.577
Azuay;Cuenca;De 15-19;2.465
Azuay;Cuenca;De 20-24;2.353
Azuay;Cuenca;De 25-29;2.070
Azuay;Cuenca;De 30-34;2.060
Azuay;Cuenca;De 35-39;2.228
Azuay;Cuenca;De 40-44;2.026
Azuay;Cuenca;De 45-49;1.566
Azuay;Cuenca;De 50-54;1.322
Azuay;Cuenca;De 55-59;1.090
Azuay;Cuenca;De 60-64;850
Azuay;Cuenca;De 65-69;666
Azuay;Cuenca;De 70-74;483
Azuay;Cuenca;De 75-79;396
Azuay;Cuenca;De 80-84;248
Azuay;Cuenca;85 o más;254
Azuay;Cuenca;Total San Joaquín;10.728
Azuay;Cuenca;De 0-4;791
Azuay;Cuenca;De 5-9;953
Azuay;Cuenca;De 10-14;1.120
Azuay;Cuenca;De 15-19;1.064
Azuay;Cuenca;De 20-24;1.004
Azuay;Cuenca;De 25-29;872
Azuay;Cuenca;De 30-34;809
Azuay;Cuenca;De 35-39;770
Azuay;Cuenca;De 40-44;684
Azuay;Cuenca;De 45-49;571
Azuay;Cuenca;De 50-54;493
Azuay;Cuenca;De 55-59;453
Azuay;Cuenca;De 60-64;332
Azuay;Cuenca;De 65-69;278
Azuay;Cuenca;De 70-74;194
Azuay;Cuenca;De 75-79;125
Azuay;Cuenca;De 80-84;110
Azuay;Cuenca;85 o más;105
Azuay;Cuenca;Total Santa Ana;7.027
Azuay;Cuenca;De 0-4;519
Azuay;Cuenca;De 5-9;634
Azuay;Cuenca;De 10-14;652
Azuay;Cuenca;De 15-19;714
Azuay;Cuenca;De 20-24;630
Azuay;Cuenca;De 25-29;553
Azuay;Cuenca;De 30-34;520
Azuay;Cuenca;De 35-39;470
Azuay;Cuenca;De 40-44;391
Azuay;Cuenca;De 45-49;330
Azuay;Cuenca;De 50-54;287
Azuay;Cuenca;De 55-59;254
Azuay;Cuenca;De 60-64;284
Azuay;Cuenca;De 65-69;225
Azuay;Cuenca;De 70-74;198
Azuay;Cuenca;De 75-79;142
Azuay;Cuenca;De 80-84;120
Azuay;Cuenca;85 o más;104
Azuay;Cuenca;Total Sayausí;10.352
Azuay;Cuenca;De 0-4;749
Azuay;Cuenca;De 5-9;967
Azuay;Cuenca;De 10-14;1.105
Azuay;Cuenca;De 15-19;1.035
Azuay;Cuenca;De 20-24;979
Azuay;Cuenca;De 25-29;903
Azuay;Cuenca;De 30-34;803
Azuay;Cuenca;De 35-39;751
Azuay;Cuenca;De 40-44;707
Azuay;Cuenca;De 45-49;510
Azuay;Cuenca;De 50-54;491
Azuay;Cuenca;De 55-59;369
Azuay;Cuenca;De 60-64;297
Azuay;Cuenca;De 65-69;227
Azuay;Cuenca;De 70-74;164
Azuay;Cuenca;De 75-79;131
Azuay;Cuenca;De 80-84;98
Azuay;Cuenca;85 o más;66
Azuay;Cuenca;Total Sidcay;5.039
Azuay;Cuenca;De 0-4;334
Azuay;Cuenca;De 5-9;418
Azuay;Cuenca;De 10-14;493
Azuay;Cuenca;De 15-19;465
Azuay;Cuenca;De 20-24;322
Azuay;Cuenca;De 25-29;302
Azuay;Cuenca;De 30-34;395
Azuay;Cuenca;De 35-39;434
Azuay;Cuenca;De 40-44;357
Azuay;Cuenca;De 45-49;241
Azuay;Cuenca;De 50-54;222
Azuay;Cuenca;De 55-59;203
Azuay;Cuenca;De 60-64;186
Azuay;Cuenca;De 65-69;167
Azuay;Cuenca;De 70-74;156
Azuay;Cuenca;De 75-79;144
Azuay;Cuenca;De 80-84;98
Azuay;Cuenca;85 o más;102
Azuay;Cuenca;Total Sinincay;26.725
Azuay;Cuenca;De 0-4;2.050
Azuay;Cuenca;De 5-9;2.396
Azuay;Cuenca;De 10-14;2.652
Azuay;Cuenca;De 15-19;2.529
Azuay;Cuenca;De 20-24;2.379
Azuay;Cuenca;De 25-29;2.069
Azuay;Cuenca;De 30-34;2.121
Azuay;Cuenca;De 35-39;1.963
Azuay;Cuenca;De 40-44;1.822
Azuay;Cuenca;De 45-49;1.429
Azuay;Cuenca;De 50-54;1.268
Azuay;Cuenca;De 55-59;965
Azuay;Cuenca;De 60-64;867
Azuay;Cuenca;De 65-69;623
Azuay;Cuenca;De 70-74;534
Azuay;Cuenca;De 75-79;450
Azuay;Cuenca;De 80-84;309
Azuay;Cuenca;85 o más;299
Azuay;Cuenca;Total Tarqui;14.144
Azuay;Cuenca;De 0-4;1.080
Azuay;Cuenca;De 5-9;1.326
Azuay;Cuenca;De 10-14;1.372
Azuay;Cuenca;De 15-19;1.247
Azuay;Cuenca;De 20-24;1.258
Azuay;Cuenca;De 25-29;1.198
Azuay;Cuenca;De 30-34;1.151
Azuay;Cuenca;De 35-39;1.050
Azuay;Cuenca;De 40-44;811
Azuay;Cuenca;De 45-49;640
Azuay;Cuenca;De 50-54;586
Azuay;Cuenca;De 55-59;555
Azuay;Cuenca;De 60-64;491
Azuay;Cuenca;De 65-69;389
Azuay;Cuenca;De 70-74;333
Azuay;Cuenca;De 75-79;259
Azuay;Cuenca;De 80-84;188
Azuay;Cuenca;85 o más;210
Azuay;Cuenca;Total Turi;13.901
Azuay;Cuenca;De 0-4;1.023
Azuay;Cuenca;De 5-9;1.117
Azuay;Cuenca;De 10-14;1.258
Azuay;Cuenca;De 15-19;1.315
Azuay;Cuenca;De 20-24;1.314
Azuay;Cuenca;De 25-29;1.306
Azuay;Cuenca;De 30-34;1.245
Azuay;Cuenca;De 35-39;1.099
Azuay;Cuenca;De 40-44;1.017
Azuay;Cuenca;De 45-49;738
Azuay;Cuenca;De 50-54;589
Azuay;Cuenca;De 55-59;455
Azuay;Cuenca;De 60-64;421
Azuay;Cuenca;De 65-69;330
Azuay;Cuenca;De 70-74;216
Azuay;Cuenca;De 75-79;179
Azuay;Cuenca;De 80-84;146
Azuay;Cuenca;85 o más;133
Azuay;Cuenca;Total Valle;34.785
Azuay;Cuenca;De 0-4;2.421
Azuay;Cuenca;De 5-9;3.047
Azuay;Cuenca;De 10-14;3.082
Azuay;Cuenca;De 15-19;3.156
Azuay;Cuenca;De 20-24;3.191
Azuay;Cuenca;De 25-29;2.745
Azuay;Cuenca;De 30-34;2.658
Azuay;Cuenca;De 35-39;2.587
Azuay;Cuenca;De 40-44;2.494
Azuay;Cuenca;De 45-49;1.997
Azuay;Cuenca;De 50-54;1.773
Azuay;Cuenca;De 55-59;1.438
Azuay;Cuenca;De 60-64;1.104
Azuay;Cuenca;De 65-69;884
Azuay;Cuenca;De 70-74;754
Azuay;Cuenca;De 75-79;603
Azuay;Cuenca;De 80-84;418
Azuay;Cuenca;85 o más;433
Azuay;Cuenca;Total Victoria del Portete;6.654
Azuay;Cuenca;De 0-4;535
Azuay;Cuenca;De 5-9;638
Azuay;Cuenca;De 10-14;660
Azuay;Cuenca;De 15-19;620
Azuay;Cuenca;De 20-24;525
Azuay;Cuenca;De 25-29;517
Azuay;Cuenca;De 30-34;463
Azuay;Cuenca;De 35-39;429
Azuay;Cuenca;De 40-44;344
Azuay;Cuenca;De 45-49;277
Azuay;Cuenca;De 50-54;296
Azuay;Cuenca;De 55-59;280
Azuay;Cuenca;De 60-64;224
Azuay;Cuenca;De 65-69;225
Azuay;Cuenca;De 70-74;185
Azuay;Cuenca;De 75-79;174
Azuay;Cuenca;De 80-84;129
Azuay;Cuenca;85 o más;133
Azuay;Girón;Total Girón;12.182
Azuay;Girón;De 0-4;840
Azuay;Girón;De 5-9;1.046
Azuay;Girón;De 10-14;1.207
Azuay;Girón;De 15-19;1.142
Azuay;Girón;De 20-24;962
Azuay;Girón;De 25-29;748
Azuay;Girón;De 30-34;786
Azuay;Girón;De 35-39;823
Azuay;Girón;De 40-44;684
Azuay;Girón;De 45-49;578
Azuay;Girón;De 50-54;534
Azuay;Girón;De 55-59;462
Azuay;Girón;De 60-64;541
Azuay;Girón;De 65-69;475
Azuay;Girón;De 70-74;400
Azuay;Girón;De 75-79;384
Azuay;Girón;De 80-84;303
Azuay;Girón;85 o más;267
Azuay;Girón;Total Girón;8.441
Azuay;Girón;De 0-4;585
Azuay;Girón;De 5-9;747
Azuay;Girón;De 10-14;838
Azuay;Girón;De 15-19;820
Azuay;Girón;De 20-24;690
Azuay;Girón;De 25-29;526
Azuay;Girón;De 30-34;584
Azuay;Girón;De 35-39;595
Azuay;Girón;De 40-44;457
Azuay;Girón;De 45-49;376
Azuay;Girón;De 50-54;357
Azuay;Girón;De 55-59;317
Azuay;Girón;De 60-64;348
Azuay;Girón;De 65-69;296
Azuay;Girón;De 70-74;256
Azuay;Girón;De 75-79;255
Azuay;Girón;De 80-84;208
Azuay;Girón;85 o más;186
Azuay;Girón;Total La Asunción;2.683
Azuay;Girón;De 0-4;166
Azuay;Girón;De 5-9;200
Azuay;Girón;De 10-14;254
Azuay;Girón;De 15-19;222
Azuay;Girón;De 20-24;174
Azuay;Girón;De 25-29;160
Azuay;Girón;De 30-34;146
Azuay;Girón;De 35-39;166
Azuay;Girón;De 40-44;161
Azuay;Girón;De 45-49;145
Azuay;Girón;De 50-54;135
Azuay;Girón;De 55-59;109
Azuay;Girón;De 60-64;150
Azuay;Girón;De 65-69;139
Azuay;Girón;De 70-74;117
Azuay;Girón;De 75-79;103
Azuay;Girón;De 80-84;73
Azuay;Girón;85 o más;63
Azuay;Girón;Total San Gerardo;1.058
Azuay;Girón;De 0-4;89
Azuay;Girón;De 5-9;99
Azuay;Girón;De 10-14;115
Azuay;Girón;De 15-19;100
Azuay;Girón;De 20-24;98
Azuay;Girón;De 25-29;62
Azuay;Girón;De 30-34;56
Azuay;Girón;De 35-39;62
Azuay;Girón;De 40-44;66
Azuay;Girón;De 45-49;57
Azuay;Girón;De 50-54;42
Azuay;Girón;De 55-59;36
Azuay;Girón;De 60-64;43
Azuay;Girón;De 65-69;40
Azuay;Girón;De 70-74;27
Azuay;Girón;De 75-79;26
Azuay;Girón;De 80-84;22
Azuay;Girón;85 o más;18
Azuay;Gualaceo;Total Gualaceo;43.188
Azuay;Gualaceo;De 0-4;3.533
Azuay;Gualaceo;De 5-9;4.071
Azuay;Gualaceo;De 10-14;4.247
Azuay;Gualaceo;De 15-19;4.251
Azuay;Gualaceo;De 20-24;3.690
Azuay;Gualaceo;De 25-29;3.280
Azuay;Gualaceo;De 30-34;2.868
Azuay;Gualaceo;De 35-39;2.658
Azuay;Gualaceo;De 40-44;2.277
Azuay;Gualaceo;De 45-49;1.902
Azuay;Gualaceo;De 50-54;1.861
Azuay;Gualaceo;De 55-59;1.704
Azuay;Gualaceo;De 60-64;1.544
Azuay;Gualaceo;De 65-69;1.432
Azuay;Gualaceo;De 70-74;1.243
Azuay;Gualaceo;De 75-79;1.009
Azuay;Gualaceo;De 80-84;780
Azuay;Gualaceo;85 o más;838
Azuay;Gualaceo;Total Gualaceo;22.019
Azuay;Gualaceo;De 0-4;1.713
Azuay;Gualaceo;De 5-9;2.104
Azuay;Gualaceo;De 10-14;2.142
Azuay;Gualaceo;De 15-19;2.052
Azuay;Gualaceo;De 20-24;1.786
Azuay;Gualaceo;De 25-29;1.663
Azuay;Gualaceo;De 30-34;1.622
Azuay;Gualaceo;De 35-39;1.569
Azuay;Gualaceo;De 40-44;1.277
Azuay;Gualaceo;De 45-49;998
Azuay;Gualaceo;De 50-54;972
Azuay;Gualaceo;De 55-59;836
Azuay;Gualaceo;De 60-64;764
Azuay;Gualaceo;De 65-69;705
Azuay;Gualaceo;De 70-74;612
Azuay;Gualaceo;De 75-79;482
Azuay;Gualaceo;De 80-84;359
Azuay;Gualaceo;85 o más;363
Azuay;Gualaceo;Total Daniel Córdova Toral;1.552
Azuay;Gualaceo;De 0-4;111
Azuay;Gualaceo;De 5-9;109
Azuay;Gualaceo;De 10-14;145
Azuay;Gualaceo;De 15-19;99
Azuay;Gualaceo;De 20-24;121
Azuay;Gualaceo;De 25-29;130
Azuay;Gualaceo;De 30-34;112
Azuay;Gualaceo;De 35-39;97
Azuay;Gualaceo;De 40-44;69
Azuay;Gualaceo;De 45-49;63
Azuay;Gualaceo;De 50-54;67
Azuay;Gualaceo;De 55-59;61
Azuay;Gualaceo;De 60-64;57
Azuay;Gualaceo;De 65-69;82
Azuay;Gualaceo;De 70-74;68
Azuay;Gualaceo;De 75-79;51
Azuay;Gualaceo;De 80-84;47
Azuay;Gualaceo;85 o más;63
Azuay;Gualaceo;Total Jadán;4.581
Azuay;Gualaceo;De 0-4;436
Azuay;Gualaceo;De 5-9;447
Azuay;Gualaceo;De 10-14;437
Azuay;Gualaceo;De 15-19;509
Azuay;Gualaceo;De 20-24;450
Azuay;Gualaceo;De 25-29;352
Azuay;Gualaceo;De 30-34;261
Azuay;Gualaceo;De 35-39;228
Azuay;Gualaceo;De 40-44;223
Azuay;Gualaceo;De 45-49;181
Azuay;Gualaceo;De 50-54;186
Azuay;Gualaceo;De 55-59;173
Azuay;Gualaceo;De 60-64;146
Azuay;Gualaceo;De 65-69;153
Azuay;Gualaceo;De 70-74;137
Azuay;Gualaceo;De 75-79;92
Azuay;Gualaceo;De 80-84;88
Azuay;Gualaceo;85 o más;82
Azuay;Gualaceo;Total Mariano Moreno;2.513
Azuay;Gualaceo;De 0-4;191
Azuay;Gualaceo;De 5-9;237
Azuay;Gualaceo;De 10-14;264
Azuay;Gualaceo;De 15-19;227
Azuay;Gualaceo;De 20-24;172
Azuay;Gualaceo;De 25-29;203
Azuay;Gualaceo;De 30-34;165
Azuay;Gualaceo;De 35-39;128
Azuay;Gualaceo;De 40-44;136
Azuay;Gualaceo;De 45-49;109
Azuay;Gualaceo;De 50-54;106
Azuay;Gualaceo;De 55-59;122
Azuay;Gualaceo;De 60-64;126
Azuay;Gualaceo;De 65-69;84
Azuay;Gualaceo;De 70-74;73
Azuay;Gualaceo;De 75-79;57
Azuay;Gualaceo;De 80-84;54
Azuay;Gualaceo;85 o más;59
Azuay;Gualaceo;Total Remigio Crespo Toral;1.380
Azuay;Gualaceo;De 0-4;104
Azuay;Gualaceo;De 5-9;87
Azuay;Gualaceo;De 10-14;115
Azuay;Gualaceo;De 15-19;109
Azuay;Gualaceo;De 20-24;129
Azuay;Gualaceo;De 25-29;98
Azuay;Gualaceo;De 30-34;86
Azuay;Gualaceo;De 35-39;75
Azuay;Gualaceo;De 40-44;62
Azuay;Gualaceo;De 45-49;80
Azuay;Gualaceo;De 50-54;72
Azuay;Gualaceo;De 55-59;80
Azuay;Gualaceo;De 60-64;73
Azuay;Gualaceo;De 65-69;51
Azuay;Gualaceo;De 70-74;48
Azuay;Gualaceo;De 75-79;44
Azuay;Gualaceo;De 80-84;35
Azuay;Gualaceo;85 o más;32
Azuay;Gualaceo;Total San Juan;4.696
Azuay;Gualaceo;De 0-4;449
Azuay;Gualaceo;De 5-9;478
Azuay;Gualaceo;De 10-14;541
Azuay;Gualaceo;De 15-19;577
Azuay;Gualaceo;De 20-24;464
Azuay;Gualaceo;De 25-29;317
Azuay;Gualaceo;De 30-34;229
Azuay;Gualaceo;De 35-39;206
Azuay;Gualaceo;De 40-44;176
Azuay;Gualaceo;De 45-49;170
Azuay;Gualaceo;De 50-54;188
Azuay;Gualaceo;De 55-59;177
Azuay;Gualaceo;De 60-64;165
Azuay;Gualaceo;De 65-69;167
Azuay;Gualaceo;De 70-74;112
Azuay;Gualaceo;De 75-79;110
Azuay;Gualaceo;De 80-84;76
Azuay;Gualaceo;85 o más;94
Azuay;Gualaceo;Total Zhidmad;3.045
Azuay;Gualaceo;De 0-4;255
Azuay;Gualaceo;De 5-9;306
Azuay;Gualaceo;De 10-14;302
Azuay;Gualaceo;De 15-19;351
Azuay;Gualaceo;De 20-24;285
Azuay;Gualaceo;De 25-29;244
Azuay;Gualaceo;De 30-34;161
Azuay;Gualaceo;De 35-39;169
Azuay;Gualaceo;De 40-44;160
Azuay;Gualaceo;De 45-49;144
Azuay;Gualaceo;De 50-54;129
Azuay;Gualaceo;De 55-59;117
Azuay;Gualaceo;De 60-64;80
Azuay;Gualaceo;De 65-69;82
Azuay;Gualaceo;De 70-74;77
Azuay;Gualaceo;De 75-79;72
Azuay;Gualaceo;De 80-84;49
Azuay;Gualaceo;85 o más;62
Azuay;Gualaceo;Total Luis Cordero Vega;2.670
Azuay;Gualaceo;De 0-4;224
Azuay;Gualaceo;De 5-9;246
Azuay;Gualaceo;De 10-14;232
Azuay;Gualaceo;De 15-19;275
Azuay;Gualaceo;De 20-24;225
Azuay;Gualaceo;De 25-29;226
Azuay;Gualaceo;De 30-34;193
Azuay;Gualaceo;De 35-39;149
Azuay;Gualaceo;De 40-44;136
Azuay;Gualaceo;De 45-49;123
Azuay;Gualaceo;De 50-54;108
Azuay;Gualaceo;De 55-59;111
Azuay;Gualaceo;De 60-64;101
Azuay;Gualaceo;De 65-69;76
Azuay;Gualaceo;De 70-74;81
Azuay;Gualaceo;De 75-79;64
Azuay;Gualaceo;De 80-84;51
Azuay;Gualaceo;85 o más;49
Azuay;Gualaceo;Total Simón Bolívar;732
Azuay;Gualaceo;De 0-4;50
Azuay;Gualaceo;De 5-9;57
Azuay;Gualaceo;De 10-14;69
Azuay;Gualaceo;De 15-19;52
Azuay;Gualaceo;De 20-24;58
Azuay;Gualaceo;De 25-29;47
Azuay;Gualaceo;De 30-34;39
Azuay;Gualaceo;De 35-39;37
Azuay;Gualaceo;De 40-44;38
Azuay;Gualaceo;De 45-49;34
Azuay;Gualaceo;De 50-54;33
Azuay;Gualaceo;De 55-59;27
Azuay;Gualaceo;De 60-64;32
Azuay;Gualaceo;De 65-69;32
Azuay;Gualaceo;De 70-74;35
Azuay;Gualaceo;De 75-79;37
Azuay;Gualaceo;De 80-84;21
Azuay;Gualaceo;85 o más;34
Azuay;Nabón;Total Nabón;14.776
Azuay;Nabón;De 0-4;1.054
Azuay;Nabón;De 5-9;1.181
Azuay;Nabón;De 10-14;1.352
Azuay;Nabón;De 15-19;1.633
Azuay;Nabón;De 20-24;1.251
Azuay;Nabón;De 25-29;875
Azuay;Nabón;De 30-34;779
Azuay;Nabón;De 35-39;768
Azuay;Nabón;De 40-44;733
Azuay;Nabón;De 45-49;684
Azuay;Nabón;De 50-54;746
Azuay;Nabón;De 55-59;683
Azuay;Nabón;De 60-64;657
Azuay;Nabón;De 65-69;643
Azuay;Nabón;De 70-74;578
Azuay;Nabón;De 75-79;442
Azuay;Nabón;De 80-84;369
Azuay;Nabón;85 o más;348
Azuay;Nabón;Total Nabón;9.097
Azuay;Nabón;De 0-4;660
Azuay;Nabón;De 5-9;740
Azuay;Nabón;De 10-14;870
Azuay;Nabón;De 15-19;1.019
Azuay;Nabón;De 20-24;796
Azuay;Nabón;De 25-29;557
Azuay;Nabón;De 30-34;503
Azuay;Nabón;De 35-39;494
Azuay;Nabón;De 40-44;462
Azuay;Nabón;De 45-49;435
Azuay;Nabón;De 50-54;470
Azuay;Nabón;De 55-59;432
Azuay;Nabón;De 60-64;387
Azuay;Nabón;De 65-69;375
Azuay;Nabón;De 70-74;281
Azuay;Nabón;De 75-79;248
Azuay;Nabón;De 80-84;197
Azuay;Nabón;85 o más;171
Azuay;Nabón;Total Cochapata;2.981
Azuay;Nabón;De 0-4;231
Azuay;Nabón;De 5-9;233
Azuay;Nabón;De 10-14;278
Azuay;Nabón;De 15-19;309
Azuay;Nabón;De 20-24;259
Azuay;Nabón;De 25-29;199
Azuay;Nabón;De 30-34;168
Azuay;Nabón;De 35-39;146
Azuay;Nabón;De 40-44;154
Azuay;Nabón;De 45-49;133
Azuay;Nabón;De 50-54;141
Azuay;Nabón;De 55-59;109
Azuay;Nabón;De 60-64;123
Azuay;Nabón;De 65-69;126
Azuay;Nabón;De 70-74;133
Azuay;Nabón;De 75-79;92
Azuay;Nabón;De 80-84;76
Azuay;Nabón;85 o más;71
Azuay;Nabón;Total El Progreso;1.388
Azuay;Nabón;De 0-4;88
Azuay;Nabón;De 5-9;91
Azuay;Nabón;De 10-14;101
Azuay;Nabón;De 15-19;164
Azuay;Nabón;De 20-24;88
Azuay;Nabón;De 25-29;54
Azuay;Nabón;De 30-34;55
Azuay;Nabón;De 35-39;53
Azuay;Nabón;De 40-44;51
Azuay;Nabón;De 45-49;52
Azuay;Nabón;De 50-54;66
Azuay;Nabón;De 55-59;74
Azuay;Nabón;De 60-64;89
Azuay;Nabón;De 65-69;79
Azuay;Nabón;De 70-74;93
Azuay;Nabón;De 75-79;53
Azuay;Nabón;De 80-84;65
Azuay;Nabón;85 o más;72
Azuay;Nabón;Total Las Nieves;1.310
Azuay;Nabón;De 0-4;75
Azuay;Nabón;De 5-9;117
Azuay;Nabón;De 10-14;103
Azuay;Nabón;De 15-19;141
Azuay;Nabón;De 20-24;108
Azuay;Nabón;De 25-29;65
Azuay;Nabón;De 30-34;53
Azuay;Nabón;De 35-39;75
Azuay;Nabón;De 40-44;66
Azuay;Nabón;De 45-49;64
Azuay;Nabón;De 50-54;69
Azuay;Nabón;De 55-59;68
Azuay;Nabón;De 60-64;58
Azuay;Nabón;De 65-69;63
Azuay;Nabón;De 70-74;71
Azuay;Nabón;De 75-79;49
Azuay;Nabón;De 80-84;31
Azuay;Nabón;85 o más;34
Azuay;Paute;Total Paute;26.782
Azuay;Paute;De 0-4;1.944
Azuay;Paute;De 5-9;2.244
Azuay;Paute;De 10-14;2.507
Azuay;Paute;De 15-19;2.538
Azuay;Paute;De 20-24;2.347
Azuay;Paute;De 25-29;1.994
Azuay;Paute;De 30-34;1.804
Azuay;Paute;De 35-39;1.766
Azuay;Paute;De 40-44;1.631
Azuay;Paute;De 45-49;1.325
Azuay;Paute;De 50-54;1.238
Azuay;Paute;De 55-59;1.080
Azuay;Paute;De 60-64;1.010
Azuay;Paute;De 65-69;829
Azuay;Paute;De 70-74;750
Azuay;Paute;De 75-79;661
Azuay;Paute;De 80-84;548
Azuay;Paute;85 o más;566
Azuay;Paute;Total Paute;11.497
Azuay;Paute;De 0-4;857
Azuay;Paute;De 5-9;974
Azuay;Paute;De 10-14;1.112
Azuay;Paute;De 15-19;1.120
Azuay;Paute;De 20-24;1.054
Azuay;Paute;De 25-29;877
Azuay;Paute;De 30-34;810
Azuay;Paute;De 35-39;809
Azuay;Paute;De 40-44;793
Azuay;Paute;De 45-49;623
Azuay;Paute;De 50-54;498
Azuay;Paute;De 55-59;439
Azuay;Paute;De 60-64;364
Azuay;Paute;De 65-69;297
Azuay;Paute;De 70-74;265
Azuay;Paute;De 75-79;224
Azuay;Paute;De 80-84;179
Azuay;Paute;85 o más;202
Azuay;Paute;Total Bulán;1.911
Azuay;Paute;De 0-4;122
Azuay;Paute;De 5-9;131
Azuay;Paute;De 10-14;177
Azuay;Paute;De 15-19;166
Azuay;Paute;De 20-24;132
Azuay;Paute;De 25-29;111
Azuay;Paute;De 30-34;111
Azuay;Paute;De 35-39;152
Azuay;Paute;De 40-44;122
Azuay;Paute;De 45-49;73
Azuay;Paute;De 50-54;105
Azuay;Paute;De 55-59;109
Azuay;Paute;De 60-64;97
Azuay;Paute;De 65-69;80
Azuay;Paute;De 70-74;68
Azuay;Paute;De 75-79;63
Azuay;Paute;De 80-84;45
Azuay;Paute;85 o más;47
Azuay;Paute;Total Chicán;3.394
Azuay;Paute;De 0-4;263
Azuay;Paute;De 5-9;288
Azuay;Paute;De 10-14;309
Azuay;Paute;De 15-19;306
Azuay;Paute;De 20-24;306
Azuay;Paute;De 25-29;279
Azuay;Paute;De 30-34;222
Azuay;Paute;De 35-39;191
Azuay;Paute;De 40-44;164
Azuay;Paute;De 45-49;148
Azuay;Paute;De 50-54;138
Azuay;Paute;De 55-59;163
Azuay;Paute;De 60-64;133
Azuay;Paute;De 65-69;108
Azuay;Paute;De 70-74;97
Azuay;Paute;De 75-79;102
Azuay;Paute;De 80-84;84
Azuay;Paute;85 o más;93
Azuay;Paute;Total El Cabo;3.366
Azuay;Paute;De 0-4;250
Azuay;Paute;De 5-9;295
Azuay;Paute;De 10-14;330
Azuay;Paute;De 15-19;338
Azuay;Paute;De 20-24;300
Azuay;Paute;De 25-29;273
Azuay;Paute;De 30-34;230
Azuay;Paute;De 35-39;221
Azuay;Paute;De 40-44;172
Azuay;Paute;De 45-49;175
Azuay;Paute;De 50-54;134
Azuay;Paute;De 55-59;117
Azuay;Paute;De 60-64;119
Azuay;Paute;De 65-69;103
Azuay;Paute;De 70-74;105
Azuay;Paute;De 75-79;85
Azuay;Paute;De 80-84;63
Azuay;Paute;85 o más;56
Azuay;Paute;Total Guarainag;701
Azuay;Paute;De 0-4;21
Azuay;Paute;De 5-9;45
Azuay;Paute;De 10-14;50
Azuay;Paute;De 15-19;47
Azuay;Paute;De 20-24;46
Azuay;Paute;De 25-29;43
Azuay;Paute;De 30-34;36
Azuay;Paute;De 35-39;25
Azuay;Paute;De 40-44;38
Azuay;Paute;De 45-49;39
Azuay;Paute;De 50-54;38
Azuay;Paute;De 55-59;32
Azuay;Paute;De 60-64;47
Azuay;Paute;De 65-69;38
Azuay;Paute;De 70-74;50
Azuay;Paute;De 75-79;37
Azuay;Paute;De 80-84;42
Azuay;Paute;85 o más;27
Azuay;Paute;Total San Cristóbal;2.819
Azuay;Paute;De 0-4;217
Azuay;Paute;De 5-9;251
Azuay;Paute;De 10-14;258
Azuay;Paute;De 15-19;244
Azuay;Paute;De 20-24;251
Azuay;Paute;De 25-29;234
Azuay;Paute;De 30-34;188
Azuay;Paute;De 35-39;156
Azuay;Paute;De 40-44;174
Azuay;Paute;De 45-49;123
Azuay;Paute;De 50-54;144
Azuay;Paute;De 55-59;109
Azuay;Paute;De 60-64;112
Azuay;Paute;De 65-69;100
Azuay;Paute;De 70-74;77
Azuay;Paute;De 75-79;67
Azuay;Paute;De 80-84;54
Azuay;Paute;85 o más;60
Azuay;Paute;Total Tomebamba;1.315
Azuay;Paute;De 0-4;97
Azuay;Paute;De 5-9;121
Azuay;Paute;De 10-14;108
Azuay;Paute;De 15-19;126
Azuay;Paute;De 20-24;115
Azuay;Paute;De 25-29;74
Azuay;Paute;De 30-34;92
Azuay;Paute;De 35-39;78
Azuay;Paute;De 40-44;66
Azuay;Paute;De 45-49;58
Azuay;Paute;De 50-54;81
Azuay;Paute;De 55-59;45
Azuay;Paute;De 60-64;55
Azuay;Paute;De 65-69;52
Azuay;Paute;De 70-74;35
Azuay;Paute;De 75-79;44
Azuay;Paute;De 80-84;31
Azuay;Paute;85 o más;37
Azuay;Paute;Total Dug Dug;1.779
Azuay;Paute;De 0-4;117
Azuay;Paute;De 5-9;139
Azuay;Paute;De 10-14;163
Azuay;Paute;De 15-19;191
Azuay;Paute;De 20-24;143
Azuay;Paute;De 25-29;103
Azuay;Paute;De 30-34;115
Azuay;Paute;De 35-39;134
Azuay;Paute;De 40-44;102
Azuay;Paute;De 45-49;86
Azuay;Paute;De 50-54;100
Azuay;Paute;De 55-59;66
Azuay;Paute;De 60-64;83
Azuay;Paute;De 65-69;51
Azuay;Paute;De 70-74;53
Azuay;Paute;De 75-79;39
Azuay;Paute;De 80-84;50
Azuay;Paute;85 o más;44
Azuay;Pucará;Total Pucará;9.693
Azuay;Pucará;De 0-4;784
Azuay;Pucará;De 5-9;871
Azuay;Pucará;De 10-14;1.020
Azuay;Pucará;De 15-19;1.056
Azuay;Pucará;De 20-24;763
Azuay;Pucará;De 25-29;647
Azuay;Pucará;De 30-34;588
Azuay;Pucará;De 35-39;460
Azuay;Pucará;De 40-44;512
Azuay;Pucará;De 45-49;483
Azuay;Pucará;De 50-54;450
Azuay;Pucará;De 55-59;431
Azuay;Pucará;De 60-64;376
Azuay;Pucará;De 65-69;378
Azuay;Pucará;De 70-74;286
Azuay;Pucará;De 75-79;228
Azuay;Pucará;De 80-84;187
Azuay;Pucará;85 o más;173
Azuay;Pucará;Total Pucará;8.001
Azuay;Pucará;De 0-4;656
Azuay;Pucará;De 5-9;701
Azuay;Pucará;De 10-14;839
Azuay;Pucará;De 15-19;870
Azuay;Pucará;De 20-24;629
Azuay;Pucará;De 25-29;538
Azuay;Pucará;De 30-34;489
Azuay;Pucará;De 35-39;365
Azuay;Pucará;De 40-44;439
Azuay;Pucará;De 45-49;394
Azuay;Pucará;De 50-54;373
Azuay;Pucará;De 55-59;355
Azuay;Pucará;De 60-64;313
Azuay;Pucará;De 65-69;304
Azuay;Pucará;De 70-74;228
Azuay;Pucará;De 75-79;196
Azuay;Pucará;De 80-84;161
Azuay;Pucará;85 o más;151
Azuay;Pucará;Total San Rafael de Sharug;1.692
Azuay;Pucará;De 0-4;128
Azuay;Pucará;De 5-9;170
Azuay;Pucará;De 10-14;181
Azuay;Pucará;De 15-19;186
Azuay;Pucará;De 20-24;134
Azuay;Pucará;De 25-29;109
Azuay;Pucará;De 30-34;99
Azuay;Pucará;De 35-39;95
Azuay;Pucará;De 40-44;73
Azuay;Pucará;De 45-49;89
Azuay;Pucará;De 50-54;77
Azuay;Pucará;De 55-59;76
Azuay;Pucará;De 60-64;63
Azuay;Pucará;De 65-69;74
Azuay;Pucará;De 70-74;58
Azuay;Pucará;De 75-79;32
Azuay;Pucará;De 80-84;26
Azuay;Pucará;85 o más;22
Azuay;San Fernando;Total San Fernando;3.738
Azuay;San Fernando;De 0-4;264
Azuay;San Fernando;De 5-9;281
Azuay;San Fernando;De 10-14;324
Azuay;San Fernando;De 15-19;313
Azuay;San Fernando;De 20-24;261
Azuay;San Fernando;De 25-29;250
Azuay;San Fernando;De 30-34;277
Azuay;San Fernando;De 35-39;229
Azuay;San Fernando;De 40-44;212
Azuay;San Fernando;De 45-49;153
Azuay;San Fernando;De 50-54;199
Azuay;San Fernando;De 55-59;180
Azuay;San Fernando;De 60-64;161
Azuay;San Fernando;De 65-69;143
Azuay;San Fernando;De 70-74;139
Azuay;San Fernando;De 75-79;128
Azuay;San Fernando;De 80-84;111
Azuay;San Fernando;85 o más;113
Azuay;San Fernando;Total San Fernando;2.985
Azuay;San Fernando;De 0-4;207
Azuay;San Fernando;De 5-9;219
Azuay;San Fernando;De 10-14;273
Azuay;San Fernando;De 15-19;247
Azuay;San Fernando;De 20-24;204
Azuay;San Fernando;De 25-29;188
Azuay;San Fernando;De 30-34;205
Azuay;San Fernando;De 35-39;186
Azuay;San Fernando;De 40-44;174
Azuay;San Fernando;De 45-49;122
Azuay;San Fernando;De 50-54;163
Azuay;San Fernando;De 55-59;135
Azuay;San Fernando;De 60-64;127
Azuay;San Fernando;De 65-69;121
Azuay;San Fernando;De 70-74;119
Azuay;San Fernando;De 75-79;104
Azuay;San Fernando;De 80-84;95
Azuay;San Fernando;85 o más;96
Azuay;San Fernando;Total Chumblín;753
Azuay;San Fernando;De 0-4;57
Azuay;San Fernando;De 5-9;62
Azuay;San Fernando;De 10-14;51
Azuay;San Fernando;De 15-19;66
Azuay;San Fernando;De 20-24;57
Azuay;San Fernando;De 25-29;62
Azuay;San Fernando;De 30-34;72
Azuay;San Fernando;De 35-39;43
Azuay;San Fernando;De 40-44;38
Azuay;San Fernando;De 45-49;31
Azuay;San Fernando;De 50-54;36
Azuay;San Fernando;De 55-59;45
Azuay;San Fernando;De 60-64;34
Azuay;San Fernando;De 65-69;22
Azuay;San Fernando;De 70-74;20
Azuay;San Fernando;De 75-79;24
Azuay;San Fernando;De 80-84;16
Azuay;San Fernando;85 o más;17
Azuay;Santa Isabel;Total Santa Isabel;20.753
Azuay;Santa Isabel;De 0-4;1.623
Azuay;Santa Isabel;De 5-9;1.711
Azuay;Santa Isabel;De 10-14;2.071
Azuay;Santa Isabel;De 15-19;2.011
Azuay;Santa Isabel;De 20-24;1.736
Azuay;Santa Isabel;De 25-29;1.386
Azuay;Santa Isabel;De 30-34;1.305
Azuay;Santa Isabel;De 35-39;1.332
Azuay;Santa Isabel;De 40-44;1.145
Azuay;Santa Isabel;De 45-49;1.065
Azuay;Santa Isabel;De 50-54;1.005
Azuay;Santa Isabel;De 55-59;915
Azuay;Santa Isabel;De 60-64;831
Azuay;Santa Isabel;De 65-69;712
Azuay;Santa Isabel;De 70-74;649
Azuay;Santa Isabel;De 75-79;516
Azuay;Santa Isabel;De 80-84;375
Azuay;Santa Isabel;85 o más;365
Azuay;Santa Isabel;Total Santa Isabel;10.410
Azuay;Santa Isabel;De 0-4;794
Azuay;Santa Isabel;De 5-9;859
Azuay;Santa Isabel;De 10-14;972
Azuay;Santa Isabel;De 15-19;979
Azuay;Santa Isabel;De 20-24;940
Azuay;Santa Isabel;De 25-29;754
Azuay;Santa Isabel;De 30-34;689
Azuay;Santa Isabel;De 35-39;724
Azuay;Santa Isabel;De 40-44;578
Azuay;Santa Isabel;De 45-49;537
Azuay;Santa Isabel;De 50-54;512
Azuay;Santa Isabel;De 55-59;470
Azuay;Santa Isabel;De 60-64;391
Azuay;Santa Isabel;De 65-69;338
Azuay;Santa Isabel;De 70-74;293
Azuay;Santa Isabel;De 75-79;216
Azuay;Santa Isabel;De 80-84;182
Azuay;Santa Isabel;85 o más;182
Azuay;Santa Isabel;Total Abdón Calderón;4.228
Azuay;Santa Isabel;De 0-4;276
Azuay;Santa Isabel;De 5-9;300
Azuay;Santa Isabel;De 10-14;385
Azuay;Santa Isabel;De 15-19;389
Azuay;Santa Isabel;De 20-24;324
Azuay;Santa Isabel;De 25-29;284
Azuay;Santa Isabel;De 30-34;275
Azuay;Santa Isabel;De 35-39;299
Azuay;Santa Isabel;De 40-44;270
Azuay;Santa Isabel;De 45-49;203
Azuay;Santa Isabel;De 50-54;225
Azuay;Santa Isabel;De 55-59;199
Azuay;Santa Isabel;De 60-64;203
Azuay;Santa Isabel;De 65-69;171
Azuay;Santa Isabel;De 70-74;152
Azuay;Santa Isabel;De 75-79;109
Azuay;Santa Isabel;De 80-84;78
Azuay;Santa Isabel;85 o más;86
Azuay;Santa Isabel;Total El Carmen de Pijilí;2.648
Azuay;Santa Isabel;De 0-4;275
Azuay;Santa Isabel;De 5-9;231
Azuay;Santa Isabel;De 10-14;319
Azuay;Santa Isabel;De 15-19;277
Azuay;Santa Isabel;De 20-24;237
Azuay;Santa Isabel;De 25-29;154
Azuay;Santa Isabel;De 30-34;174
Azuay;Santa Isabel;De 35-39;145
Azuay;Santa Isabel;De 40-44;130
Azuay;Santa Isabel;De 45-49;140
Azuay;Santa Isabel;De 50-54;105
Azuay;Santa Isabel;De 55-59;106
Azuay;Santa Isabel;De 60-64;87
Azuay;Santa Isabel;De 65-69;55
Azuay;Santa Isabel;De 70-74;76
Azuay;Santa Isabel;De 75-79;75
Azuay;Santa Isabel;De 80-84;32
Azuay;Santa Isabel;85 o más;30
Azuay;Santa Isabel;Total Shaglli;1.849
Azuay;Santa Isabel;De 0-4;142
Azuay;Santa Isabel;De 5-9;172
Azuay;Santa Isabel;De 10-14;223
Azuay;Santa Isabel;De 15-19;199
Azuay;Santa Isabel;De 20-24;110
Azuay;Santa Isabel;De 25-29;104
Azuay;Santa Isabel;De 30-34;91
Azuay;Santa Isabel;De 35-39;91
Azuay;Santa Isabel;De 40-44;97
Azuay;Santa Isabel;De 45-49;107
Azuay;Santa Isabel;De 50-54;90
Azuay;Santa Isabel;De 55-59;74
Azuay;Santa Isabel;De 60-64;85
Azuay;Santa Isabel;De 65-69;69
Azuay;Santa Isabel;De 70-74;60
Azuay;Santa Isabel;De 75-79;61
Azuay;Santa Isabel;De 80-84;38
Azuay;Santa Isabel;85 o más;36
Azuay;Santa Isabel;Total San Salvador de Cañaribamba;1.618
Azuay;Santa Isabel;De 0-4;136
Azuay;Santa Isabel;De 5-9;149
Azuay;Santa Isabel;De 10-14;172
Azuay;Santa Isabel;De 15-19;167
Azuay;Santa Isabel;De 20-24;125
Azuay;Santa Isabel;De 25-29;90
Azuay;Santa Isabel;De 30-34;76
Azuay;Santa Isabel;De 35-39;73
Azuay;Santa Isabel;De 40-44;70
Azuay;Santa Isabel;De 45-49;78
Azuay;Santa Isabel;De 50-54;73
Azuay;Santa Isabel;De 55-59;66
Azuay;Santa Isabel;De 60-64;65
Azuay;Santa Isabel;De 65-69;79
Azuay;Santa Isabel;De 70-74;68
Azuay;Santa Isabel;De 75-79;55
Azuay;Santa Isabel;De 80-84;45
Azuay;Santa Isabel;85 o más;31
Azuay;Sígsig;Total Sígsig;24.992
Azuay;Sígsig;De 0-4;2.055
Azuay;Sígsig;De 5-9;2.332
Azuay;Sígsig;De 10-14;2.551
Azuay;Sígsig;De 15-19;2.519
Azuay;Sígsig;De 20-24;1.956
Azuay;Sígsig;De 25-29;1.676
Azuay;Sígsig;De 30-34;1.436
Azuay;Sígsig;De 35-39;1.315
Azuay;Sígsig;De 40-44;1.280
Azuay;Sígsig;De 45-49;1.265
Azuay;Sígsig;De 50-54;1.241
Azuay;Sígsig;De 55-59;1.021
Azuay;Sígsig;De 60-64;1.043
Azuay;Sígsig;De 65-69;837
Azuay;Sígsig;De 70-74;781
Azuay;Sígsig;De 75-79;681
Azuay;Sígsig;De 80-84;492
Azuay;Sígsig;85 o más;511
Azuay;Sígsig;Total Sígsig;10.656
Azuay;Sígsig;De 0-4;802
Azuay;Sígsig;De 5-9;976
Azuay;Sígsig;De 10-14;1.061
Azuay;Sígsig;De 15-19;995
Azuay;Sígsig;De 20-24;823
Azuay;Sígsig;De 25-29;784
Azuay;Sígsig;De 30-34;711
Azuay;Sígsig;De 35-39;605
Azuay;Sígsig;De 40-44;573
Azuay;Sígsig;De 45-49;576
Azuay;Sígsig;De 50-54;534
Azuay;Sígsig;De 55-59;440
Azuay;Sígsig;De 60-64;434
Azuay;Sígsig;De 65-69;338
Azuay;Sígsig;De 70-74;305
Azuay;Sígsig;De 75-79;275
Azuay;Sígsig;De 80-84;191
Azuay;Sígsig;85 o más;233
Azuay;Sígsig;Total Cuchil;1.638
Azuay;Sígsig;De 0-4;113
Azuay;Sígsig;De 5-9;131
Azuay;Sígsig;De 10-14;149
Azuay;Sígsig;De 15-19;151
Azuay;Sígsig;De 20-24;117
Azuay;Sígsig;De 25-29;98
Azuay;Sígsig;De 30-34;89
Azuay;Sígsig;De 35-39;64
Azuay;Sígsig;De 40-44;94
Azuay;Sígsig;De 45-49;91
Azuay;Sígsig;De 50-54;102
Azuay;Sígsig;De 55-59;91
Azuay;Sígsig;De 60-64;87
Azuay;Sígsig;De 65-69;58
Azuay;Sígsig;De 70-74;65
Azuay;Sígsig;De 75-79;56
Azuay;Sígsig;De 80-84;40
Azuay;Sígsig;85 o más;42
Azuay;Sígsig;Total Jima;2.778
Azuay;Sígsig;De 0-4;224
Azuay;Sígsig;De 5-9;235
Azuay;Sígsig;De 10-14;245
Azuay;Sígsig;De 15-19;233
Azuay;Sígsig;De 20-24;201
Azuay;Sígsig;De 25-29;151
Azuay;Sígsig;De 30-34;138
Azuay;Sígsig;De 35-39;132
Azuay;Sígsig;De 40-44;168
Azuay;Sígsig;De 45-49;133
Azuay;Sígsig;De 50-54;172
Azuay;Sígsig;De 55-59;121
Azuay;Sígsig;De 60-64;121
Azuay;Sígsig;De 65-69;127
Azuay;Sígsig;De 70-74;111
Azuay;Sígsig;De 75-79;104
Azuay;Sígsig;De 80-84;75
Azuay;Sígsig;85 o más;87
Azuay;Sígsig;Total Güel;1.058
Azuay;Sígsig;De 0-4;82
Azuay;Sígsig;De 5-9;92
Azuay;Sígsig;De 10-14;85
Azuay;Sígsig;De 15-19;98
Azuay;Sígsig;De 20-24;78
Azuay;Sígsig;De 25-29;74
Azuay;Sígsig;De 30-34;63
Azuay;Sígsig;De 35-39;66
Azuay;Sígsig;De 40-44;54
Azuay;Sígsig;De 45-49;53
Azuay;Sígsig;De 50-54;47
Azuay;Sígsig;De 55-59;56
Azuay;Sígsig;De 60-64;56
Azuay;Sígsig;De 65-69;31
Azuay;Sígsig;De 70-74;43
Azuay;Sígsig;De 75-79;39
Azuay;Sígsig;De 80-84;21
Azuay;Sígsig;85 o más;20
Azuay;Sígsig;Total Ludo;3.429
Azuay;Sígsig;De 0-4;336
Azuay;Sígsig;De 5-9;383
Azuay;Sígsig;De 10-14;431
Azuay;Sígsig;De 15-19;443
Azuay;Sígsig;De 20-24;291
Azuay;Sígsig;De 25-29;193
Azuay;Sígsig;De 30-34;155
Azuay;Sígsig;De 35-39;177
Azuay;Sígsig;De 40-44;138
Azuay;Sígsig;De 45-49;175
Azuay;Sígsig;De 50-54;138
Azuay;Sígsig;De 55-59;110
Azuay;Sígsig;De 60-64;108
Azuay;Sígsig;De 65-69;94
Azuay;Sígsig;De 70-74;86
Azuay;Sígsig;De 75-79;76
Azuay;Sígsig;De 80-84;55
Azuay;Sígsig;85 o más;40
Azuay;Sígsig;Total San Bartolomé;3.368
Azuay;Sígsig;De 0-4;280
Azuay;Sígsig;De 5-9;290
Azuay;Sígsig;De 10-14;327
Azuay;Sígsig;De 15-19;413
Azuay;Sígsig;De 20-24;290
Azuay;Sígsig;De 25-29;231
Azuay;Sígsig;De 30-34;173
Azuay;Sígsig;De 35-39;173
Azuay;Sígsig;De 40-44;163
Azuay;Sígsig;De 45-49;136
Azuay;Sígsig;De 50-54;152
Azuay;Sígsig;De 55-59;129
Azuay;Sígsig;De 60-64;155
Azuay;Sígsig;De 65-69;119
Azuay;Sígsig;De 70-74;109
Azuay;Sígsig;De 75-79;90
Azuay;Sígsig;De 80-84;73
Azuay;Sígsig;85 o más;65
Azuay;Sígsig;Total San José de Raranga;2.065
Azuay;Sígsig;De 0-4;218
Azuay;Sígsig;De 5-9;225
Azuay;Sígsig;De 10-14;253
Azuay;Sígsig;De 15-19;186
Azuay;Sígsig;De 20-24;156
Azuay;Sígsig;De 25-29;145
Azuay;Sígsig;De 30-34;107
Azuay;Sígsig;De 35-39;98
Azuay;Sígsig;De 40-44;90
Azuay;Sígsig;De 45-49;101
Azuay;Sígsig;De 50-54;96
Azuay;Sígsig;De 55-59;74
Azuay;Sígsig;De 60-64;82
Azuay;Sígsig;De 65-69;70
Azuay;Sígsig;De 70-74;62
Azuay;Sígsig;De 75-79;41
Azuay;Sígsig;De 80-84;37
Azuay;Sígsig;85 o más;24
Azuay;Oña;Total Oña;3.422
Azuay;Oña;De 0-4;248
Azuay;Oña;De 5-9;268
Azuay;Oña;De 10-14;317
Azuay;Oña;De 15-19;318
Azuay;Oña;De 20-24;286
Azuay;Oña;De 25-29;235
Azuay;Oña;De 30-34;221
Azuay;Oña;De 35-39;196
Azuay;Oña;De 40-44;164
Azuay;Oña;De 45-49;179
Azuay;Oña;De 50-54;167
Azuay;Oña;De 55-59;139
Azuay;Oña;De 60-64;170
Azuay;Oña;De 65-69;149
Azuay;Oña;De 70-74;114
Azuay;Oña;De 75-79;92
Azuay;Oña;De 80-84;76
Azuay;Oña;85 o más;83
Azuay;Oña;Total San Felipe de Oña;2.456
Azuay;Oña;De 0-4;170
Azuay;Oña;De 5-9;189
Azuay;Oña;De 10-14;225
Azuay;Oña;De 15-19;222
Azuay;Oña;De 20-24;208
Azuay;Oña;De 25-29;172
Azuay;Oña;De 30-34;151
Azuay;Oña;De 35-39;141
Azuay;Oña;De 40-44;117
Azuay;Oña;De 45-49;126
Azuay;Oña;De 50-54;123
Azuay;Oña;De 55-59;103
Azuay;Oña;De 60-64;138
Azuay;Oña;De 65-69;102
Azuay;Oña;De 70-74;85
Azuay;Oña;De 75-79;68
Azuay;Oña;De 80-84;55
Azuay;Oña;85 o más;61
Azuay;Oña;Total Susudel;966
Azuay;Oña;De 0-4;78
Azuay;Oña;De 5-9;79
Azuay;Oña;De 10-14;92
Azuay;Oña;De 15-19;96
Azuay;Oña;De 20-24;78
Azuay;Oña;De 25-29;63
Azuay;Oña;De 30-34;70
Azuay;Oña;De 35-39;55
Azuay;Oña;De 40-44;47
Azuay;Oña;De 45-49;53
Azuay;Oña;De 50-54;44
Azuay;Oña;De 55-59;36
Azuay;Oña;De 60-64;32
Azuay;Oña;De 65-69;47
Azuay;Oña;De 70-74;29
Azuay;Oña;De 75-79;24
Azuay;Oña;De 80-84;21
Azuay;Oña;85 o más;22
Azuay;Chordeleg;Total Chordeleg;12.197
Azuay;Chordeleg;De 0-4;982
Azuay;Chordeleg;De 5-9;1.092
Azuay;Chordeleg;De 10-14;1.250
Azuay;Chordeleg;De 15-19;1.068
Azuay;Chordeleg;De 20-24;963
Azuay;Chordeleg;De 25-29;932
Azuay;Chordeleg;De 30-34;858
Azuay;Chordeleg;De 35-39;779
Azuay;Chordeleg;De 40-44;659
Azuay;Chordeleg;De 45-49;582
Azuay;Chordeleg;De 50-54;578
Azuay;Chordeleg;De 55-59;508
Azuay;Chordeleg;De 60-64;458
Azuay;Chordeleg;De 65-69;392
Azuay;Chordeleg;De 70-74;318
Azuay;Chordeleg;De 75-79;297
Azuay;Chordeleg;De 80-84;214
Azuay;Chordeleg;85 o más;267
Azuay;Chordeleg;Total Chordeleg;6.907
Azuay;Chordeleg;De 0-4;524
Azuay;Chordeleg;De 5-9;638
Azuay;Chordeleg;De 10-14;707
Azuay;Chordeleg;De 15-19;589
Azuay;Chordeleg;De 20-24;521
Azuay;Chordeleg;De 25-29;565
Azuay;Chordeleg;De 30-34;509
Azuay;Chordeleg;De 35-39;481
Azuay;Chordeleg;De 40-44;407
Azuay;Chordeleg;De 45-49;340
Azuay;Chordeleg;De 50-54;322
Azuay;Chordeleg;De 55-59;292
Azuay;Chordeleg;De 60-64;252
Azuay;Chordeleg;De 65-69;215
Azuay;Chordeleg;De 70-74;159
Azuay;Chordeleg;De 75-79;140
Azuay;Chordeleg;De 80-84;101
Azuay;Chordeleg;85 o más;145
Azuay;Chordeleg;Total Principal;1.158
Azuay;Chordeleg;De 0-4;83
Azuay;Chordeleg;De 5-9;104
Azuay;Chordeleg;De 10-14;118
Azuay;Chordeleg;De 15-19;86
Azuay;Chordeleg;De 20-24;95
Azuay;Chordeleg;De 25-29;70
Azuay;Chordeleg;De 30-34;83
Azuay;Chordeleg;De 35-39;66
Azuay;Chordeleg;De 40-44;66
Azuay;Chordeleg;De 45-49;57
Azuay;Chordeleg;De 50-54;60
Azuay;Chordeleg;De 55-59;42
Azuay;Chordeleg;De 60-64;51
Azuay;Chordeleg;De 65-69;40
Azuay;Chordeleg;De 70-74;32
Azuay;Chordeleg;De 75-79;43
Azuay;Chordeleg;De 80-84;26
Azuay;Chordeleg;85 o más;36
Azuay;Chordeleg;Total La Unión;1.875
Azuay;Chordeleg;De 0-4;184
Azuay;Chordeleg;De 5-9;146
Azuay;Chordeleg;De 10-14;199
Azuay;Chordeleg;De 15-19;189
Azuay;Chordeleg;De 20-24;150
Azuay;Chordeleg;De 25-29;156
Azuay;Chordeleg;De 30-34;133
Azuay;Chordeleg;De 35-39;127
Azuay;Chordeleg;De 40-44;94
Azuay;Chordeleg;De 45-49;78
Azuay;Chordeleg;De 50-54;72
Azuay;Chordeleg;De 55-59;76
Azuay;Chordeleg;De 60-64;59
Azuay;Chordeleg;De 65-69;48
Azuay;Chordeleg;De 70-74;49
Azuay;Chordeleg;De 75-79;44
Azuay;Chordeleg;De 80-84;37
Azuay;Chordeleg;85 o más;34
Azuay;Chordeleg;Total Luis Galarza Orellana;1.237
Azuay;Chordeleg;De 0-4;101
Azuay;Chordeleg;De 5-9;106
Azuay;Chordeleg;De 10-14;114
Azuay;Chordeleg;De 15-19;108
Azuay;Chordeleg;De 20-24;105
Azuay;Chordeleg;De 25-29;72
Azuay;Chordeleg;De 30-34;66
Azuay;Chordeleg;De 35-39;69
Azuay;Chordeleg;De 40-44;50
Azuay;Chordeleg;De 45-49;61
Azuay;Chordeleg;De 50-54;66
Azuay;Chordeleg;De 55-59;50
Azuay;Chordeleg;De 60-64;60
Azuay;Chordeleg;De 65-69;48
Azuay;Chordeleg;De 70-74;54
Azuay;Chordeleg;De 75-79;43
Azuay;Chordeleg;De 80-84;32
Azuay;Chordeleg;85 o más;32
Azuay;Chordeleg;Total San Martín de Puzhio;1.020
Azuay;Chordeleg;De 0-4;90
Azuay;Chordeleg;De 5-9;98
Azuay;Chordeleg;De 10-14;112
Azuay;Chordeleg;De 15-19;96
Azuay;Chordeleg;De 20-24;92
Azuay;Chordeleg;De 25-29;69
Azuay;Chordeleg;De 30-34;67
Azuay;Chordeleg;De 35-39;36
Azuay;Chordeleg;De 40-44;42
Azuay;Chordeleg;De 45-49;46
Azuay;Chordeleg;De 50-54;58
Azuay;Chordeleg;De 55-59;48
Azuay;Chordeleg;De 60-64;36
Azuay;Chordeleg;De 65-69;41
Azuay;Chordeleg;De 70-74;24
Azuay;Chordeleg;De 75-79;27
Azuay;Chordeleg;De 80-84;18
Azuay;Chordeleg;85 o más;20
Azuay;El Pan;Total El Pan;2.776
Azuay;El Pan;De 0-4;147
Azuay;El Pan;De 5-9;204
Azuay;El Pan;De 10-14;219
Azuay;El Pan;De 15-19;203
Azuay;El Pan;De 20-24;180
Azuay;El Pan;De 25-29;177
Azuay;El Pan;De 30-34;170
Azuay;El Pan;De 35-39;175
Azuay;El Pan;De 40-44;149
Azuay;El Pan;De 45-49;125
Azuay;El Pan;De 50-54;143
Azuay;El Pan;De 55-59;143
Azuay;El Pan;De 60-64;153
Azuay;El Pan;De 65-69;137
Azuay;El Pan;De 70-74;112
Azuay;El Pan;De 75-79;115
Azuay;El Pan;De 80-84;87
Azuay;El Pan;85 o más;137
Azuay;El Pan;Total El Pan;1.085
Azuay;El Pan;De 0-4;62
Azuay;El Pan;De 5-9;88
Azuay;El Pan;De 10-14;75
Azuay;El Pan;De 15-19;80
Azuay;El Pan;De 20-24;88
Azuay;El Pan;De 25-29;76
Azuay;El Pan;De 30-34;73
Azuay;El Pan;De 35-39;66
Azuay;El Pan;De 40-44;50
Azuay;El Pan;De 45-49;54
Azuay;El Pan;De 50-54;66
Azuay;El Pan;De 55-59;67
Azuay;El Pan;De 60-64;52
Azuay;El Pan;De 65-69;43
Azuay;El Pan;De 70-74;34
Azuay;El Pan;De 75-79;31
Azuay;El Pan;De 80-84;30
Azuay;El Pan;85 o más;50
Azuay;El Pan;Total San Vicente;1.691
Azuay;El Pan;De 0-4;85
Azuay;El Pan;De 5-9;116
Azuay;El Pan;De 10-14;144
Azuay;El Pan;De 15-19;123
Azuay;El Pan;De 20-24;92
Azuay;El Pan;De 25-29;101
Azuay;El Pan;De 30-34;97
Azuay;El Pan;De 35-39;109
Azuay;El Pan;De 40-44;99
Azuay;El Pan;De 45-49;71
Azuay;El Pan;De 50-54;77
Azuay;El Pan;De 55-59;76
Azuay;El Pan;De 60-64;101
Azuay;El Pan;De 65-69;94
Azuay;El Pan;De 70-74;78
Azuay;El Pan;De 75-79;84
Azuay;El Pan;De 80-84;57
Azuay;El Pan;85 o más;87
Azuay;Sevilla de Oro;Total Sevilla de Oro;4.613
Azuay;Sevilla de Oro;De 0-4;287
Azuay;Sevilla de Oro;De 5-9;369
Azuay;Sevilla de Oro;De 10-14;460
Azuay;Sevilla de Oro;De 15-19;419
Azuay;Sevilla de Oro;De 20-24;315
Azuay;Sevilla de Oro;De 25-29;276
Azuay;Sevilla de Oro;De 30-34;299
Azuay;Sevilla de Oro;De 35-39;313
Azuay;Sevilla de Oro;De 40-44;291
Azuay;Sevilla de Oro;De 45-49;257
Azuay;Sevilla de Oro;De 50-54;237
Azuay;Sevilla de Oro;De 55-59;214
Azuay;Sevilla de Oro;De 60-64;192
Azuay;Sevilla de Oro;De 65-69;181
Azuay;Sevilla de Oro;De 70-74;162
Azuay;Sevilla de Oro;De 75-79;122
Azuay;Sevilla de Oro;De 80-84;92
Azuay;Sevilla de Oro;85 o más;127
Azuay;Sevilla de Oro;Total Sevilla de Oro;2.027
Azuay;Sevilla de Oro;De 0-4;110
Azuay;Sevilla de Oro;De 5-9;161
Azuay;Sevilla de Oro;De 10-14;203
Azuay;Sevilla de Oro;De 15-19;185
Azuay;Sevilla de Oro;De 20-24;157
Azuay;Sevilla de Oro;De 25-29;103
Azuay;Sevilla de Oro;De 30-34;129
Azuay;Sevilla de Oro;De 35-39;144
Azuay;Sevilla de Oro;De 40-44;135
Azuay;Sevilla de Oro;De 45-49;119
Azuay;Sevilla de Oro;De 50-54;101
Azuay;Sevilla de Oro;De 55-59;86
Azuay;Sevilla de Oro;De 60-64;83
Azuay;Sevilla de Oro;De 65-69;76
Azuay;Sevilla de Oro;De 70-74;76
Azuay;Sevilla de Oro;De 75-79;48
Azuay;Sevilla de Oro;De 80-84;46
Azuay;Sevilla de Oro;85 o más;65
Azuay;Sevilla de Oro;Total Amaluza;896
Azuay;Sevilla de Oro;De 0-4;66
Azuay;Sevilla de Oro;De 5-9;86
Azuay;Sevilla de Oro;De 10-14;109
Azuay;Sevilla de Oro;De 15-19;100
Azuay;Sevilla de Oro;De 20-24;55
Azuay;Sevilla de Oro;De 25-29;65
Azuay;Sevilla de Oro;De 30-34;50
Azuay;Sevilla de Oro;De 35-39;69
Azuay;Sevilla de Oro;De 40-44;49
Azuay;Sevilla de Oro;De 45-49;46
Azuay;Sevilla de Oro;De 50-54;38
Azuay;Sevilla de Oro;De 55-59;41
Azuay;Sevilla de Oro;De 60-64;28
Azuay;Sevilla de Oro;De 65-69;32
Azuay;Sevilla de Oro;De 70-74;23
Azuay;Sevilla de Oro;De 75-79;14
Azuay;Sevilla de Oro;De 80-84;11
Azuay;Sevilla de Oro;85 o más;14
Azuay;Sevilla de Oro;Total Palmas;1.690
Azuay;Sevilla de Oro;De 0-4;111
Azuay;Sevilla de Oro;De 5-9;122
Azuay;Sevilla de Oro;De 10-14;148
Azuay;Sevilla de Oro;De 15-19;134
Azuay;Sevilla de Oro;De 20-24;103
Azuay;Sevilla de Oro;De 25-29;108
Azuay;Sevilla de Oro;De 30-34;120
Azuay;Sevilla de Oro;De 35-39;100
Azuay;Sevilla de Oro;De 40-44;107
Azuay;Sevilla de Oro;De 45-49;92
Azuay;Sevilla de Oro;De 50-54;98
Azuay;Sevilla de Oro;De 55-59;87
Azuay;Sevilla de Oro;De 60-64;81
Azuay;Sevilla de Oro;De 65-69;73
Azuay;Sevilla de Oro;De 70-74;63
Azuay;Sevilla de Oro;De 75-79;60
Azuay;Sevilla de Oro;De 80-84;35
Azuay;Sevilla de Oro;85 o más;48
Azuay;Guachapala;Total Guachapala;3.586
Azuay;Guachapala;De 0-4;242
Azuay;Guachapala;De 5-9;286
Azuay;Guachapala;De 10-14;343
Azuay;Guachapala;De 15-19;319
Azuay;Guachapala;De 20-24;289
Azuay;Guachapala;De 25-29;239
Azuay;Guachapala;De 30-34;234
Azuay;Guachapala;De 35-39;261
Azuay;Guachapala;De 40-44;235
Azuay;Guachapala;De 45-49;155
Azuay;Guachapala;De 50-54;179
Azuay;Guachapala;De 55-59;160
Azuay;Guachapala;De 60-64;148
Azuay;Guachapala;De 65-69;102
Azuay;Guachapala;De 70-74;114
Azuay;Guachapala;De 75-79;86
Azuay;Guachapala;De 80-84;95
Azuay;Guachapala;85 o más;99
Azuay;Guachapala;Total Guachapala;3.586
Azuay;Guachapala;De 0-4;242
Azuay;Guachapala;De 5-9;286
Azuay;Guachapala;De 10-14;343
Azuay;Guachapala;De 15-19;319
Azuay;Guachapala;De 20-24;289
Azuay;Guachapala;De 25-29;239
Azuay;Guachapala;De 30-34;234
Azuay;Guachapala;De 35-39;261
Azuay;Guachapala;De 40-44;235
Azuay;Guachapala;De 45-49;155
Azuay;Guachapala;De 50-54;179
Azuay;Guachapala;De 55-59;160
Azuay;Guachapala;De 60-64;148
Azuay;Guachapala;De 65-69;102
Azuay;Guachapala;De 70-74;114
Azuay;Guachapala;De 75-79;86
Azuay;Guachapala;De 80-84;95
Azuay;Guachapala;85 o más;99
Azuay;Camilo Ponce Enríquez;Total Camilo Ponce Enríquez;22.810
Azuay;Camilo Ponce Enríquez;De 0-4;2.368
Azuay;Camilo Ponce Enríquez;De 5-9;2.188
Azuay;Camilo Ponce Enríquez;De 10-14;2.366
Azuay;Camilo Ponce Enríquez;De 15-19;2.327
Azuay;Camilo Ponce Enríquez;De 20-24;2.340
Azuay;Camilo Ponce Enríquez;De 25-29;2.012
Azuay;Camilo Ponce Enríquez;De 30-34;1.888
Azuay;Camilo Ponce Enríquez;De 35-39;1.648
Azuay;Camilo Ponce Enríquez;De 40-44;1.415
Azuay;Camilo Ponce Enríquez;De 45-49;1.039
Azuay;Camilo Ponce Enríquez;De 50-54;905
Azuay;Camilo Ponce Enríquez;De 55-59;730
Azuay;Camilo Ponce Enríquez;De 60-64;484
Azuay;Camilo Ponce Enríquez;De 65-69;375
Azuay;Camilo Ponce Enríquez;De 70-74;257
Azuay;Camilo Ponce Enríquez;De 75-79;216
Azuay;Camilo Ponce Enríquez;De 80-84;121
Azuay;Camilo Ponce Enríquez;85 o más;131
Azuay;Camilo Ponce Enríquez;Total Camilo Ponce Enríquez;22.810
Azuay;Camilo Ponce Enríquez;De 0-4;2.368
Azuay;Camilo Ponce Enríquez;De 5-9;2.188
Azuay;Camilo Ponce Enríquez;De 10-14;2.366
Azuay;Camilo Ponce Enríquez;De 15-19;2.327
Azuay;Camilo Ponce Enríquez;De 20-24;2.340
Azuay;Camilo Ponce Enríquez;De 25-29;2.012
Azuay;Camilo Ponce Enríquez;De 30-34;1.888
Azuay;Camilo Ponce Enríquez;De 35-39;1.648
Azuay;Camilo Ponce Enríquez;De 40-44;1.415
Azuay;Camilo Ponce Enríquez;De 45-49;1.039
Azuay;Camilo Ponce Enríquez;De 50-54;905
Azuay;Camilo Ponce Enríquez;De 55-59;730
Azuay;Camilo Ponce Enríquez;De 60-64;484
Azuay;Camilo Ponce Enríquez;De 65-69;375
Azuay;Camilo Ponce Enríquez;De 70-74;257
Azuay;Camilo Ponce Enríquez;De 75-79;216
Azuay;Camilo Ponce Enríquez;De 80-84;121
Azuay;Camilo Ponce Enríquez;85 o más;131
Bolívar;Total Bolívar;Total Bolívar;199.078
Bolívar;Total Bolívar;De 0-4;14.717
Bolívar;Total Bolívar;De 5-9;15.851
Bolívar;Total Bolívar;De 10-14;19.489
Bolívar;Total Bolívar;De 15-19;19.898
Bolívar;Total Bolívar;De 20-24;17.873
Bolívar;Total Bolívar;De 25-29;14.646
Bolívar;Total Bolívar;De 30-34;12.777
Bolívar;Total Bolívar;De 35-39;12.091
Bolívar;Total Bolívar;De 40-44;11.419
Bolívar;Total Bolívar;De 45-49;10.333
Bolívar;Total Bolívar;De 50-54;9.882
Bolívar;Total Bolívar;De 55-59;8.951
Bolívar;Total Bolívar;De 60-64;7.879
Bolívar;Total Bolívar;De 65-69;6.530
Bolívar;Total Bolívar;De 70-74;5.458
Bolívar;Total Bolívar;De 75-79;4.614
Bolívar;Total Bolívar;De 80-84;3.387
Bolívar;Total Bolívar;85 o más;3.283
Bolívar;Guaranda;Total Guaranda;98.130
Bolívar;Guaranda;De 0-4;7.494
Bolívar;Guaranda;De 5-9;8.337
Bolívar;Guaranda;De 10-14;10.083
Bolívar;Guaranda;De 15-19;10.263
Bolívar;Guaranda;De 20-24;9.256
Bolívar;Guaranda;De 25-29;7.327
Bolívar;Guaranda;De 30-34;6.220
Bolívar;Guaranda;De 35-39;5.906
Bolívar;Guaranda;De 40-44;5.540
Bolívar;Guaranda;De 45-49;4.916
Bolívar;Guaranda;De 50-54;4.633
Bolívar;Guaranda;De 55-59;4.194
Bolívar;Guaranda;De 60-64;3.635
Bolívar;Guaranda;De 65-69;2.968
Bolívar;Guaranda;De 70-74;2.403
Bolívar;Guaranda;De 75-79;2.068
Bolívar;Guaranda;De 80-84;1.465
Bolívar;Guaranda;85 o más;1.422
Bolívar;Guaranda;Total Guaranda;62.611
Bolívar;Guaranda;De 0-4;4.546
Bolívar;Guaranda;De 5-9;5.145
Bolívar;Guaranda;De 10-14;6.077
Bolívar;Guaranda;De 15-19;6.345
Bolívar;Guaranda;De 20-24;6.366
Bolívar;Guaranda;De 25-29;5.037
Bolívar;Guaranda;De 30-34;4.193
Bolívar;Guaranda;De 35-39;3.997
Bolívar;Guaranda;De 40-44;3.644
Bolívar;Guaranda;De 45-49;3.127
Bolívar;Guaranda;De 50-54;3.022
Bolívar;Guaranda;De 55-59;2.679
Bolívar;Guaranda;De 60-64;2.327
Bolívar;Guaranda;De 65-69;1.799
Bolívar;Guaranda;De 70-74;1.417
Bolívar;Guaranda;De 75-79;1.198
Bolívar;Guaranda;De 80-84;847
Bolívar;Guaranda;85 o más;845
Bolívar;Guaranda;Total Facundo Vela;1.859
Bolívar;Guaranda;De 0-4;152
Bolívar;Guaranda;De 5-9;158
Bolívar;Guaranda;De 10-14;201
Bolívar;Guaranda;De 15-19;206
Bolívar;Guaranda;De 20-24;139
Bolívar;Guaranda;De 25-29;106
Bolívar;Guaranda;De 30-34;101
Bolívar;Guaranda;De 35-39;102
Bolívar;Guaranda;De 40-44;88
Bolívar;Guaranda;De 45-49;80
Bolívar;Guaranda;De 50-54;103
Bolívar;Guaranda;De 55-59;96
Bolívar;Guaranda;De 60-64;85
Bolívar;Guaranda;De 65-69;58
Bolívar;Guaranda;De 70-74;55
Bolívar;Guaranda;De 75-79;46
Bolívar;Guaranda;De 80-84;46
Bolívar;Guaranda;85 o más;37
Bolívar;Guaranda;Total Julio E. Moreno;2.527
Bolívar;Guaranda;De 0-4;178
Bolívar;Guaranda;De 5-9;248
Bolívar;Guaranda;De 10-14;317
Bolívar;Guaranda;De 15-19;308
Bolívar;Guaranda;De 20-24;213
Bolívar;Guaranda;De 25-29;127
Bolívar;Guaranda;De 30-34;109
Bolívar;Guaranda;De 35-39;109
Bolívar;Guaranda;De 40-44;106
Bolívar;Guaranda;De 45-49;93
Bolívar;Guaranda;De 50-54;98
Bolívar;Guaranda;De 55-59;111
Bolívar;Guaranda;De 60-64;108
Bolívar;Guaranda;De 65-69;107
Bolívar;Guaranda;De 70-74;89
Bolívar;Guaranda;De 75-79;84
Bolívar;Guaranda;De 80-84;72
Bolívar;Guaranda;85 o más;50
Bolívar;Guaranda;Total Salinas;5.880
Bolívar;Guaranda;De 0-4;555
Bolívar;Guaranda;De 5-9;575
Bolívar;Guaranda;De 10-14;647
Bolívar;Guaranda;De 15-19;658
Bolívar;Guaranda;De 20-24;470
Bolívar;Guaranda;De 25-29;386
Bolívar;Guaranda;De 30-34;372
Bolívar;Guaranda;De 35-39;320
Bolívar;Guaranda;De 40-44;329
Bolívar;Guaranda;De 45-49;323
Bolívar;Guaranda;De 50-54;270
Bolívar;Guaranda;De 55-59;253
Bolívar;Guaranda;De 60-64;201
Bolívar;Guaranda;De 65-69;155
Bolívar;Guaranda;De 70-74;134
Bolívar;Guaranda;De 75-79;107
Bolívar;Guaranda;De 80-84;78
Bolívar;Guaranda;85 o más;47
Bolívar;Guaranda;Total San Lorenzo;1.770
Bolívar;Guaranda;De 0-4;97
Bolívar;Guaranda;De 5-9;105
Bolívar;Guaranda;De 10-14;169
Bolívar;Guaranda;De 15-19;159
Bolívar;Guaranda;De 20-24;135
Bolívar;Guaranda;De 25-29;109
Bolívar;Guaranda;De 30-34;82
Bolívar;Guaranda;De 35-39;94
Bolívar;Guaranda;De 40-44;89
Bolívar;Guaranda;De 45-49;79
Bolívar;Guaranda;De 50-54;106
Bolívar;Guaranda;De 55-59;88
Bolívar;Guaranda;De 60-64;67
Bolívar;Guaranda;De 65-69;76
Bolívar;Guaranda;De 70-74;84
Bolívar;Guaranda;De 75-79;92
Bolívar;Guaranda;De 80-84;70
Bolívar;Guaranda;85 o más;69
Bolívar;Guaranda;Total San Simón;4.288
Bolívar;Guaranda;De 0-4;308
Bolívar;Guaranda;De 5-9;335
Bolívar;Guaranda;De 10-14;383
Bolívar;Guaranda;De 15-19;400
Bolívar;Guaranda;De 20-24;410
Bolívar;Guaranda;De 25-29;313
Bolívar;Guaranda;De 30-34;260
Bolívar;Guaranda;De 35-39;216
Bolívar;Guaranda;De 40-44;214
Bolívar;Guaranda;De 45-49;195
Bolívar;Guaranda;De 50-54;191
Bolívar;Guaranda;De 55-59;174
Bolívar;Guaranda;De 60-64;193
Bolívar;Guaranda;De 65-69;153
Bolívar;Guaranda;De 70-74;168
Bolívar;Guaranda;De 75-79;147
Bolívar;Guaranda;De 80-84;99
Bolívar;Guaranda;85 o más;129
Bolívar;Guaranda;Total Santa Fe;1.896
Bolívar;Guaranda;De 0-4;148
Bolívar;Guaranda;De 5-9;131
Bolívar;Guaranda;De 10-14;167
Bolívar;Guaranda;De 15-19;193
Bolívar;Guaranda;De 20-24;185
Bolívar;Guaranda;De 25-29;143
Bolívar;Guaranda;De 30-34;97
Bolívar;Guaranda;De 35-39;109
Bolívar;Guaranda;De 40-44;104
Bolívar;Guaranda;De 45-49;99
Bolívar;Guaranda;De 50-54;69
Bolívar;Guaranda;De 55-59;80
Bolívar;Guaranda;De 60-64;77
Bolívar;Guaranda;De 65-69;90
Bolívar;Guaranda;De 70-74;59
Bolívar;Guaranda;De 75-79;60
Bolívar;Guaranda;De 80-84;34
Bolívar;Guaranda;85 o más;51
Bolívar;Guaranda;Total Simiátug;9.412
Bolívar;Guaranda;De 0-4;859
Bolívar;Guaranda;De 5-9;1.036
Bolívar;Guaranda;De 10-14;1.302
Bolívar;Guaranda;De 15-19;1.230
Bolívar;Guaranda;De 20-24;649
Bolívar;Guaranda;De 25-29;458
Bolívar;Guaranda;De 30-34;428
Bolívar;Guaranda;De 35-39;438
Bolívar;Guaranda;De 40-44;517
Bolívar;Guaranda;De 45-49;466
Bolívar;Guaranda;De 50-54;390
Bolívar;Guaranda;De 55-59;349
Bolívar;Guaranda;De 60-64;327
Bolívar;Guaranda;De 65-69;340
Bolívar;Guaranda;De 70-74;218
Bolívar;Guaranda;De 75-79;184
Bolívar;Guaranda;De 80-84;133
Bolívar;Guaranda;85 o más;88
Bolívar;Guaranda;Total San Luis de Pambil;7.887
Bolívar;Guaranda;De 0-4;651
Bolívar;Guaranda;De 5-9;604
Bolívar;Guaranda;De 10-14;820
Bolívar;Guaranda;De 15-19;764
Bolívar;Guaranda;De 20-24;689
Bolívar;Guaranda;De 25-29;648
Bolívar;Guaranda;De 30-34;578
Bolívar;Guaranda;De 35-39;521
Bolívar;Guaranda;De 40-44;449
Bolívar;Guaranda;De 45-49;454
Bolívar;Guaranda;De 50-54;384
Bolívar;Guaranda;De 55-59;364
Bolívar;Guaranda;De 60-64;250
Bolívar;Guaranda;De 65-69;190
Bolívar;Guaranda;De 70-74;179
Bolívar;Guaranda;De 75-79;150
Bolívar;Guaranda;De 80-84;86
Bolívar;Guaranda;85 o más;106
Bolívar;Chillanes;Total Chillanes;19.802
Bolívar;Chillanes;De 0-4;1.609
Bolívar;Chillanes;De 5-9;1.492
Bolívar;Chillanes;De 10-14;1.899
Bolívar;Chillanes;De 15-19;1.958
Bolívar;Chillanes;De 20-24;1.620
Bolívar;Chillanes;De 25-29;1.371
Bolívar;Chillanes;De 30-34;1.271
Bolívar;Chillanes;De 35-39;1.175
Bolívar;Chillanes;De 40-44;1.017
Bolívar;Chillanes;De 45-49;984
Bolívar;Chillanes;De 50-54;974
Bolívar;Chillanes;De 55-59;964
Bolívar;Chillanes;De 60-64;855
Bolívar;Chillanes;De 65-69;697
Bolívar;Chillanes;De 70-74;621
Bolívar;Chillanes;De 75-79;543
Bolívar;Chillanes;De 80-84;374
Bolívar;Chillanes;85 o más;378
Bolívar;Chillanes;Total Chillanes;13.855
Bolívar;Chillanes;De 0-4;1.123
Bolívar;Chillanes;De 5-9;998
Bolívar;Chillanes;De 10-14;1.301
Bolívar;Chillanes;De 15-19;1.381
Bolívar;Chillanes;De 20-24;1.151
Bolívar;Chillanes;De 25-29;960
Bolívar;Chillanes;De 30-34;888
Bolívar;Chillanes;De 35-39;822
Bolívar;Chillanes;De 40-44;698
Bolívar;Chillanes;De 45-49;649
Bolívar;Chillanes;De 50-54;637
Bolívar;Chillanes;De 55-59;667
Bolívar;Chillanes;De 60-64;617
Bolívar;Chillanes;De 65-69;495
Bolívar;Chillanes;De 70-74;467
Bolívar;Chillanes;De 75-79;409
Bolívar;Chillanes;De 80-84;291
Bolívar;Chillanes;85 o más;301
Bolívar;Chillanes;Total San José del Tambo;5.947
Bolívar;Chillanes;De 0-4;486
Bolívar;Chillanes;De 5-9;494
Bolívar;Chillanes;De 10-14;598
Bolívar;Chillanes;De 15-19;577
Bolívar;Chillanes;De 20-24;469
Bolívar;Chillanes;De 25-29;411
Bolívar;Chillanes;De 30-34;383
Bolívar;Chillanes;De 35-39;353
Bolívar;Chillanes;De 40-44;319
Bolívar;Chillanes;De 45-49;335
Bolívar;Chillanes;De 50-54;337
Bolívar;Chillanes;De 55-59;297
Bolívar;Chillanes;De 60-64;238
Bolívar;Chillanes;De 65-69;202
Bolívar;Chillanes;De 70-74;154
Bolívar;Chillanes;De 75-79;134
Bolívar;Chillanes;De 80-84;83
Bolívar;Chillanes;85 o más;77
Bolívar;Chimbo;Total Chimbo;15.524
Bolívar;Chimbo;De 0-4;930
Bolívar;Chimbo;De 5-9;1.058
Bolívar;Chimbo;De 10-14;1.467
Bolívar;Chimbo;De 15-19;1.568
Bolívar;Chimbo;De 20-24;1.226
Bolívar;Chimbo;De 25-29;991
Bolívar;Chimbo;De 30-34;941
Bolívar;Chimbo;De 35-39;948
Bolívar;Chimbo;De 40-44;955
Bolívar;Chimbo;De 45-49;849
Bolívar;Chimbo;De 50-54;849
Bolívar;Chimbo;De 55-59;738
Bolívar;Chimbo;De 60-64;695
Bolívar;Chimbo;De 65-69;626
Bolívar;Chimbo;De 70-74;533
Bolívar;Chimbo;De 75-79;425
Bolívar;Chimbo;De 80-84;371
Bolívar;Chimbo;85 o más;354
Bolívar;Chimbo;Total San José de Chimbo;6.020
Bolívar;Chimbo;De 0-4;348
Bolívar;Chimbo;De 5-9;388
Bolívar;Chimbo;De 10-14;530
Bolívar;Chimbo;De 15-19;609
Bolívar;Chimbo;De 20-24;469
Bolívar;Chimbo;De 25-29;406
Bolívar;Chimbo;De 30-34;386
Bolívar;Chimbo;De 35-39;429
Bolívar;Chimbo;De 40-44;417
Bolívar;Chimbo;De 45-49;354
Bolívar;Chimbo;De 50-54;348
Bolívar;Chimbo;De 55-59;283
Bolívar;Chimbo;De 60-64;267
Bolívar;Chimbo;De 65-69;242
Bolívar;Chimbo;De 70-74;158
Bolívar;Chimbo;De 75-79;137
Bolívar;Chimbo;De 80-84;142
Bolívar;Chimbo;85 o más;107
Bolívar;Chimbo;Total Asunción;2.745
Bolívar;Chimbo;De 0-4;193
Bolívar;Chimbo;De 5-9;182
Bolívar;Chimbo;De 10-14;285
Bolívar;Chimbo;De 15-19;258
Bolívar;Chimbo;De 20-24;214
Bolívar;Chimbo;De 25-29;167
Bolívar;Chimbo;De 30-34;165
Bolívar;Chimbo;De 35-39;117
Bolívar;Chimbo;De 40-44;127
Bolívar;Chimbo;De 45-49;124
Bolívar;Chimbo;De 50-54;139
Bolívar;Chimbo;De 55-59;124
Bolívar;Chimbo;De 60-64;130
Bolívar;Chimbo;De 65-69;102
Bolívar;Chimbo;De 70-74;107
Bolívar;Chimbo;De 75-79;110
Bolívar;Chimbo;De 80-84;105
Bolívar;Chimbo;85 o más;96
Bolívar;Chimbo;Total La Magdalena;2.552
Bolívar;Chimbo;De 0-4;140
Bolívar;Chimbo;De 5-9;175
Bolívar;Chimbo;De 10-14;244
Bolívar;Chimbo;De 15-19;264
Bolívar;Chimbo;De 20-24;219
Bolívar;Chimbo;De 25-29;169
Bolívar;Chimbo;De 30-34;133
Bolívar;Chimbo;De 35-39;142
Bolívar;Chimbo;De 40-44;151
Bolívar;Chimbo;De 45-49;141
Bolívar;Chimbo;De 50-54;130
Bolívar;Chimbo;De 55-59;119
Bolívar;Chimbo;De 60-64;124
Bolívar;Chimbo;De 65-69;102
Bolívar;Chimbo;De 70-74;120
Bolívar;Chimbo;De 75-79;72
Bolívar;Chimbo;De 80-84;55
Bolívar;Chimbo;85 o más;52
Bolívar;Chimbo;Total San Sebastián;1.176
Bolívar;Chimbo;De 0-4;66
Bolívar;Chimbo;De 5-9;100
Bolívar;Chimbo;De 10-14;103
Bolívar;Chimbo;De 15-19;103
Bolívar;Chimbo;De 20-24;86
Bolívar;Chimbo;De 25-29;77
Bolívar;Chimbo;De 30-34;81
Bolívar;Chimbo;De 35-39;78
Bolívar;Chimbo;De 40-44;82
Bolívar;Chimbo;De 45-49;55
Bolívar;Chimbo;De 50-54;59
Bolívar;Chimbo;De 55-59;46
Bolívar;Chimbo;De 60-64;48
Bolívar;Chimbo;De 65-69;49
Bolívar;Chimbo;De 70-74;49
Bolívar;Chimbo;De 75-79;28
Bolívar;Chimbo;De 80-84;26
Bolívar;Chimbo;85 o más;40
Bolívar;Chimbo;Total Telimbela;3.031
Bolívar;Chimbo;De 0-4;183
Bolívar;Chimbo;De 5-9;213
Bolívar;Chimbo;De 10-14;305
Bolívar;Chimbo;De 15-19;334
Bolívar;Chimbo;De 20-24;238
Bolívar;Chimbo;De 25-29;172
Bolívar;Chimbo;De 30-34;176
Bolívar;Chimbo;De 35-39;182
Bolívar;Chimbo;De 40-44;178
Bolívar;Chimbo;De 45-49;175
Bolívar;Chimbo;De 50-54;173
Bolívar;Chimbo;De 55-59;166
Bolívar;Chimbo;De 60-64;126
Bolívar;Chimbo;De 65-69;131
Bolívar;Chimbo;De 70-74;99
Bolívar;Chimbo;De 75-79;78
Bolívar;Chimbo;De 80-84;43
Bolívar;Chimbo;85 o más;59
Bolívar;Echeandía;Total Echeandía;14.654
Bolívar;Echeandía;De 0-4;1.124
Bolívar;Echeandía;De 5-9;1.208
Bolívar;Echeandía;De 10-14;1.335
Bolívar;Echeandía;De 15-19;1.341
Bolívar;Echeandía;De 20-24;1.355
Bolívar;Echeandía;De 25-29;1.120
Bolívar;Echeandía;De 30-34;955
Bolívar;Echeandía;De 35-39;856
Bolívar;Echeandía;De 40-44;861
Bolívar;Echeandía;De 45-49;784
Bolívar;Echeandía;De 50-54;782
Bolívar;Echeandía;De 55-59;655
Bolívar;Echeandía;De 60-64;591
Bolívar;Echeandía;De 65-69;493
Bolívar;Echeandía;De 70-74;411
Bolívar;Echeandía;De 75-79;315
Bolívar;Echeandía;De 80-84;223
Bolívar;Echeandía;85 o más;245
Bolívar;Echeandía;Total Echeandía;14.654
Bolívar;Echeandía;De 0-4;1.124
Bolívar;Echeandía;De 5-9;1.208
Bolívar;Echeandía;De 10-14;1.335
Bolívar;Echeandía;De 15-19;1.341
Bolívar;Echeandía;De 20-24;1.355
Bolívar;Echeandía;De 25-29;1.120
Bolívar;Echeandía;De 30-34;955
Bolívar;Echeandía;De 35-39;856
Bolívar;Echeandía;De 40-44;861
Bolívar;Echeandía;De 45-49;784
Bolívar;Echeandía;De 50-54;782
Bolívar;Echeandía;De 55-59;655
Bolívar;Echeandía;De 60-64;591
Bolívar;Echeandía;De 65-69;493
Bolívar;Echeandía;De 70-74;411
Bolívar;Echeandía;De 75-79;315
Bolívar;Echeandía;De 80-84;223
Bolívar;Echeandía;85 o más;245
Bolívar;San Miguel;Total San Miguel;28.349
Bolívar;San Miguel;De 0-4;1.755
Bolívar;San Miguel;De 5-9;1.998
Bolívar;San Miguel;De 10-14;2.552
Bolívar;San Miguel;De 15-19;2.589
Bolívar;San Miguel;De 20-24;2.412
Bolívar;San Miguel;De 25-29;2.148
Bolívar;San Miguel;De 30-34;1.841
Bolívar;San Miguel;De 35-39;1.728
Bolívar;San Miguel;De 40-44;1.593
Bolívar;San Miguel;De 45-49;1.543
Bolívar;San Miguel;De 50-54;1.440
Bolívar;San Miguel;De 55-59;1.372
Bolívar;San Miguel;De 60-64;1.238
Bolívar;San Miguel;De 65-69;1.061
Bolívar;San Miguel;De 70-74;957
Bolívar;San Miguel;De 75-79;864
Bolívar;San Miguel;De 80-84;630
Bolívar;San Miguel;85 o más;628
Bolívar;San Miguel;Total San Miguel;14.040
Bolívar;San Miguel;De 0-4;877
Bolívar;San Miguel;De 5-9;1.021
Bolívar;San Miguel;De 10-14;1.231
Bolívar;San Miguel;De 15-19;1.200
Bolívar;San Miguel;De 20-24;1.213
Bolívar;San Miguel;De 25-29;1.112
Bolívar;San Miguel;De 30-34;999
Bolívar;San Miguel;De 35-39;952
Bolívar;San Miguel;De 40-44;846
Bolívar;San Miguel;De 45-49;767
Bolívar;San Miguel;De 50-54;701
Bolívar;San Miguel;De 55-59;654
Bolívar;San Miguel;De 60-64;621
Bolívar;San Miguel;De 65-69;508
Bolívar;San Miguel;De 70-74;413
Bolívar;San Miguel;De 75-79;378
Bolívar;San Miguel;De 80-84;285
Bolívar;San Miguel;85 o más;262
Bolívar;San Miguel;Total Balsapamba;2.470
Bolívar;San Miguel;De 0-4;136
Bolívar;San Miguel;De 5-9;155
Bolívar;San Miguel;De 10-14;189
Bolívar;San Miguel;De 15-19;200
Bolívar;San Miguel;De 20-24;215
Bolívar;San Miguel;De 25-29;173
Bolívar;San Miguel;De 30-34;153
Bolívar;San Miguel;De 35-39;130
Bolívar;San Miguel;De 40-44;124
Bolívar;San Miguel;De 45-49;142
Bolívar;San Miguel;De 50-54;139
Bolívar;San Miguel;De 55-59;161
Bolívar;San Miguel;De 60-64;122
Bolívar;San Miguel;De 65-69;121
Bolívar;San Miguel;De 70-74;99
Bolívar;San Miguel;De 75-79;77
Bolívar;San Miguel;De 80-84;64
Bolívar;San Miguel;85 o más;70
Bolívar;San Miguel;Total Bilován;2.966
Bolívar;San Miguel;De 0-4;177
Bolívar;San Miguel;De 5-9;215
Bolívar;San Miguel;De 10-14;282
Bolívar;San Miguel;De 15-19;301
Bolívar;San Miguel;De 20-24;243
Bolívar;San Miguel;De 25-29;217
Bolívar;San Miguel;De 30-34;169
Bolívar;San Miguel;De 35-39;138
Bolívar;San Miguel;De 40-44;157
Bolívar;San Miguel;De 45-49;165
Bolívar;San Miguel;De 50-54;170
Bolívar;San Miguel;De 55-59;145
Bolívar;San Miguel;De 60-64;128
Bolívar;San Miguel;De 65-69;97
Bolívar;San Miguel;De 70-74;114
Bolívar;San Miguel;De 75-79;111
Bolívar;San Miguel;De 80-84;53
Bolívar;San Miguel;85 o más;84
Bolívar;San Miguel;Total Régulo de Mora;1.005
Bolívar;San Miguel;De 0-4;62
Bolívar;San Miguel;De 5-9;54
Bolívar;San Miguel;De 10-14;123
Bolívar;San Miguel;De 15-19;119
Bolívar;San Miguel;De 20-24;85
Bolívar;San Miguel;De 25-29;60
Bolívar;San Miguel;De 30-34;47
Bolívar;San Miguel;De 35-39;58
Bolívar;San Miguel;De 40-44;65
Bolívar;San Miguel;De 45-49;45
Bolívar;San Miguel;De 50-54;49
Bolívar;San Miguel;De 55-59;47
Bolívar;San Miguel;De 60-64;33
Bolívar;San Miguel;De 65-69;36
Bolívar;San Miguel;De 70-74;37
Bolívar;San Miguel;De 75-79;43
Bolívar;San Miguel;De 80-84;21
Bolívar;San Miguel;85 o más;21
Bolívar;San Miguel;Total San Pablo;5.180
Bolívar;San Miguel;De 0-4;347
Bolívar;San Miguel;De 5-9;374
Bolívar;San Miguel;De 10-14;463
Bolívar;San Miguel;De 15-19;496
Bolívar;San Miguel;De 20-24;438
Bolívar;San Miguel;De 25-29;422
Bolívar;San Miguel;De 30-34;326
Bolívar;San Miguel;De 35-39;296
Bolívar;San Miguel;De 40-44;260
Bolívar;San Miguel;De 45-49;281
Bolívar;San Miguel;De 50-54;265
Bolívar;San Miguel;De 55-59;241
Bolívar;San Miguel;De 60-64;211
Bolívar;San Miguel;De 65-69;182
Bolívar;San Miguel;De 70-74;185
Bolívar;San Miguel;De 75-79;148
Bolívar;San Miguel;De 80-84;133
Bolívar;San Miguel;85 o más;112
Bolívar;San Miguel;Total Santiago;1.633
Bolívar;San Miguel;De 0-4;103
Bolívar;San Miguel;De 5-9;108
Bolívar;San Miguel;De 10-14;162
Bolívar;San Miguel;De 15-19;181
Bolívar;San Miguel;De 20-24;131
Bolívar;San Miguel;De 25-29;108
Bolívar;San Miguel;De 30-34;89
Bolívar;San Miguel;De 35-39;100
Bolívar;San Miguel;De 40-44;85
Bolívar;San Miguel;De 45-49;83
Bolívar;San Miguel;De 50-54;75
Bolívar;San Miguel;De 55-59;70
Bolívar;San Miguel;De 60-64;69
Bolívar;San Miguel;De 65-69;66
Bolívar;San Miguel;De 70-74;63
Bolívar;San Miguel;De 75-79;52
Bolívar;San Miguel;De 80-84;47
Bolívar;San Miguel;85 o más;41
Bolívar;San Miguel;Total San Vicente;1.055
Bolívar;San Miguel;De 0-4;53
Bolívar;San Miguel;De 5-9;71
Bolívar;San Miguel;De 10-14;102
Bolívar;San Miguel;De 15-19;92
Bolívar;San Miguel;De 20-24;87
Bolívar;San Miguel;De 25-29;56
Bolívar;San Miguel;De 30-34;58
Bolívar;San Miguel;De 35-39;54
Bolívar;San Miguel;De 40-44;56
Bolívar;San Miguel;De 45-49;60
Bolívar;San Miguel;De 50-54;41
Bolívar;San Miguel;De 55-59;54
Bolívar;San Miguel;De 60-64;54
Bolívar;San Miguel;De 65-69;51
Bolívar;San Miguel;De 70-74;46
Bolívar;San Miguel;De 75-79;55
Bolívar;San Miguel;De 80-84;27
Bolívar;San Miguel;85 o más;38
Bolívar;Caluma;Total Caluma;15.607
Bolívar;Caluma;De 0-4;1.222
Bolívar;Caluma;De 5-9;1.210
Bolívar;Caluma;De 10-14;1.492
Bolívar;Caluma;De 15-19;1.507
Bolívar;Caluma;De 20-24;1.344
Bolívar;Caluma;De 25-29;1.140
Bolívar;Caluma;De 30-34;1.060
Bolívar;Caluma;De 35-39;1.023
Bolívar;Caluma;De 40-44;1.007
Bolívar;Caluma;De 45-49;876
Bolívar;Caluma;De 50-54;861
Bolívar;Caluma;De 55-59;692
Bolívar;Caluma;De 60-64;591
Bolívar;Caluma;De 65-69;468
Bolívar;Caluma;De 70-74;372
Bolívar;Caluma;De 75-79;298
Bolívar;Caluma;De 80-84;239
Bolívar;Caluma;85 o más;205
Bolívar;Caluma;Total Caluma;15.607
Bolívar;Caluma;De 0-4;1.222
Bolívar;Caluma;De 5-9;1.210
Bolívar;Caluma;De 10-14;1.492
Bolívar;Caluma;De 15-19;1.507
Bolívar;Caluma;De 20-24;1.344
Bolívar;Caluma;De 25-29;1.140
Bolívar;Caluma;De 30-34;1.060
Bolívar;Caluma;De 35-39;1.023
Bolívar;Caluma;De 40-44;1.007
Bolívar;Caluma;De 45-49;876
Bolívar;Caluma;De 50-54;861
Bolívar;Caluma;De 55-59;692
Bolívar;Caluma;De 60-64;591
Bolívar;Caluma;De 65-69;468
Bolívar;Caluma;De 70-74;372
Bolívar;Caluma;De 75-79;298
Bolívar;Caluma;De 80-84;239
Bolívar;Caluma;85 o más;205
Bolívar;Las Naves;Total Las Naves;7.012
Bolívar;Las Naves;De 0-4;583
Bolívar;Las Naves;De 5-9;548
Bolívar;Las Naves;De 10-14;661
Bolívar;Las Naves;De 15-19;672
Bolívar;Las Naves;De 20-24;660
Bolívar;Las Naves;De 25-29;549
Bolívar;Las Naves;De 30-34;489
Bolívar;Las Naves;De 35-39;455
Bolívar;Las Naves;De 40-44;446
Bolívar;Las Naves;De 45-49;381
Bolívar;Las Naves;De 50-54;343
Bolívar;Las Naves;De 55-59;336
Bolívar;Las Naves;De 60-64;274
Bolívar;Las Naves;De 65-69;217
Bolívar;Las Naves;De 70-74;161
Bolívar;Las Naves;De 75-79;101
Bolívar;Las Naves;De 80-84;85
Bolívar;Las Naves;85 o más;51
Bolívar;Las Naves;Total Las Naves;7.012
Bolívar;Las Naves;De 0-4;583
Bolívar;Las Naves;De 5-9;548
Bolívar;Las Naves;De 10-14;661
Bolívar;Las Naves;De 15-19;672
Bolívar;Las Naves;De 20-24;660
Bolívar;Las Naves;De 25-29;549
Bolívar;Las Naves;De 30-34;489
Bolívar;Las Naves;De 35-39;455
Bolívar;Las Naves;De 40-44;446
Bolívar;Las Naves;De 45-49;381
Bolívar;Las Naves;De 50-54;343
Bolívar;Las Naves;De 55-59;336
Bolívar;Las Naves;De 60-64;274
Bolívar;Las Naves;De 65-69;217
Bolívar;Las Naves;De 70-74;161
Bolívar;Las Naves;De 75-79;101
Bolívar;Las Naves;De 80-84;85
Bolívar;Las Naves;85 o más;51
Cañar;Total Cañar;Total Cañar;227.578
Cañar;Total Cañar;De 0-4;18.013
Cañar;Total Cañar;De 5-9;20.091
Cañar;Total Cañar;De 10-14;22.366
Cañar;Total Cañar;De 15-19;20.616
Cañar;Total Cañar;De 20-24;19.000
Cañar;Total Cañar;De 25-29;16.319
Cañar;Total Cañar;De 30-34;15.465
Cañar;Total Cañar;De 35-39;14.747
Cañar;Total Cañar;De 40-44;13.286
Cañar;Total Cañar;De 45-49;11.587
Cañar;Total Cañar;De 50-54;10.921
Cañar;Total Cañar;De 55-59;9.984
Cañar;Total Cañar;De 60-64;8.702
Cañar;Total Cañar;De 65-69;7.471
Cañar;Total Cañar;De 70-74;6.176
Cañar;Total Cañar;De 75-79;5.157
Cañar;Total Cañar;De 80-84;3.844
Cañar;Total Cañar;85 o más;3.833
Cañar;Azogues;Total Azogues;74.515
Cañar;Azogues;De 0-4;5.209
Cañar;Azogues;De 5-9;6.223
Cañar;Azogues;De 10-14;6.657
Cañar;Azogues;De 15-19;6.331
Cañar;Azogues;De 20-24;6.390
Cañar;Azogues;De 25-29;5.568
Cañar;Azogues;De 30-34;5.559
Cañar;Azogues;De 35-39;5.024
Cañar;Azogues;De 40-44;4.491
Cañar;Azogues;De 45-49;3.866
Cañar;Azogues;De 50-54;3.680
Cañar;Azogues;De 55-59;3.361
Cañar;Azogues;De 60-64;3.008
Cañar;Azogues;De 65-69;2.521
Cañar;Azogues;De 70-74;1.978
Cañar;Azogues;De 75-79;1.806
Cañar;Azogues;De 80-84;1.369
Cañar;Azogues;85 o más;1.474
Cañar;Azogues;Total Azogues;41.249
Cañar;Azogues;De 0-4;2.702
Cañar;Azogues;De 5-9;3.388
Cañar;Azogues;De 10-14;3.613
Cañar;Azogues;De 15-19;3.550
Cañar;Azogues;De 20-24;3.681
Cañar;Azogues;De 25-29;3.190
Cañar;Azogues;De 30-34;3.253
Cañar;Azogues;De 35-39;2.882
Cañar;Azogues;De 40-44;2.686
Cañar;Azogues;De 45-49;2.173
Cañar;Azogues;De 50-54;2.039
Cañar;Azogues;De 55-59;1.961
Cañar;Azogues;De 60-64;1.680
Cañar;Azogues;De 65-69;1.278
Cañar;Azogues;De 70-74;968
Cañar;Azogues;De 75-79;870
Cañar;Azogues;De 80-84;652
Cañar;Azogues;85 o más;683
Cañar;Azogues;Total Cojitambo;3.612
Cañar;Azogues;De 0-4;261
Cañar;Azogues;De 5-9;294
Cañar;Azogues;De 10-14;318
Cañar;Azogues;De 15-19;307
Cañar;Azogues;De 20-24;288
Cañar;Azogues;De 25-29;285
Cañar;Azogues;De 30-34;294
Cañar;Azogues;De 35-39;225
Cañar;Azogues;De 40-44;203
Cañar;Azogues;De 45-49;148
Cañar;Azogues;De 50-54;161
Cañar;Azogues;De 55-59;150
Cañar;Azogues;De 60-64;145
Cañar;Azogues;De 65-69;126
Cañar;Azogues;De 70-74;111
Cañar;Azogues;De 75-79;99
Cañar;Azogues;De 80-84;91
Cañar;Azogues;85 o más;106
Cañar;Azogues;Total Guapán;8.921
Cañar;Azogues;De 0-4;630
Cañar;Azogues;De 5-9;739
Cañar;Azogues;De 10-14;756
Cañar;Azogues;De 15-19;699
Cañar;Azogues;De 20-24;762
Cañar;Azogues;De 25-29;671
Cañar;Azogues;De 30-34;646
Cañar;Azogues;De 35-39;594
Cañar;Azogues;De 40-44;474
Cañar;Azogues;De 45-49;485
Cañar;Azogues;De 50-54;454
Cañar;Azogues;De 55-59;401
Cañar;Azogues;De 60-64;373
Cañar;Azogues;De 65-69;306
Cañar;Azogues;De 70-74;252
Cañar;Azogues;De 75-79;255
Cañar;Azogues;De 80-84;203
Cañar;Azogues;85 o más;221
Cañar;Azogues;Total Javier Loyola;8.591
Cañar;Azogues;De 0-4;621
Cañar;Azogues;De 5-9;742
Cañar;Azogues;De 10-14;736
Cañar;Azogues;De 15-19;736
Cañar;Azogues;De 20-24;776
Cañar;Azogues;De 25-29;634
Cañar;Azogues;De 30-34;602
Cañar;Azogues;De 35-39;626
Cañar;Azogues;De 40-44;556
Cañar;Azogues;De 45-49;498
Cañar;Azogues;De 50-54;402
Cañar;Azogues;De 55-59;329
Cañar;Azogues;De 60-64;293
Cañar;Azogues;De 65-69;290
Cañar;Azogues;De 70-74;218
Cañar;Azogues;De 75-79;212
Cañar;Azogues;De 80-84;155
Cañar;Azogues;85 o más;165
Cañar;Azogues;Total Luis Cordero;3.931
Cañar;Azogues;De 0-4;299
Cañar;Azogues;De 5-9;356
Cañar;Azogues;De 10-14;368
Cañar;Azogues;De 15-19;330
Cañar;Azogues;De 20-24;298
Cañar;Azogues;De 25-29;279
Cañar;Azogues;De 30-34;257
Cañar;Azogues;De 35-39;264
Cañar;Azogues;De 40-44;188
Cañar;Azogues;De 45-49;173
Cañar;Azogues;De 50-54;207
Cañar;Azogues;De 55-59;167
Cañar;Azogues;De 60-64;143
Cañar;Azogues;De 65-69;155
Cañar;Azogues;De 70-74;122
Cañar;Azogues;De 75-79;117
Cañar;Azogues;De 80-84;102
Cañar;Azogues;85 o más;106
Cañar;Azogues;Total Pindilig;1.837
Cañar;Azogues;De 0-4;175
Cañar;Azogues;De 5-9;165
Cañar;Azogues;De 10-14;211
Cañar;Azogues;De 15-19;153
Cañar;Azogues;De 20-24;90
Cañar;Azogues;De 25-29;94
Cañar;Azogues;De 30-34;139
Cañar;Azogues;De 35-39;81
Cañar;Azogues;De 40-44;66
Cañar;Azogues;De 45-49;70
Cañar;Azogues;De 50-54;93
Cañar;Azogues;De 55-59;96
Cañar;Azogues;De 60-64;110
Cañar;Azogues;De 65-69;83
Cañar;Azogues;De 70-74;65
Cañar;Azogues;De 75-79;63
Cañar;Azogues;De 80-84;40
Cañar;Azogues;85 o más;43
Cañar;Azogues;Total Rivera;1.568
Cañar;Azogues;De 0-4;131
Cañar;Azogues;De 5-9;156
Cañar;Azogues;De 10-14;217
Cañar;Azogues;De 15-19;154
Cañar;Azogues;De 20-24;84
Cañar;Azogues;De 25-29;89
Cañar;Azogues;De 30-34;86
Cañar;Azogues;De 35-39;78
Cañar;Azogues;De 40-44;72
Cañar;Azogues;De 45-49;80
Cañar;Azogues;De 50-54;64
Cañar;Azogues;De 55-59;66
Cañar;Azogues;De 60-64;66
Cañar;Azogues;De 65-69;70
Cañar;Azogues;De 70-74;68
Cañar;Azogues;De 75-79;30
Cañar;Azogues;De 80-84;24
Cañar;Azogues;85 o más;33
Cañar;Azogues;Total San Miguel;3.615
Cañar;Azogues;De 0-4;296
Cañar;Azogues;De 5-9;280
Cañar;Azogues;De 10-14;323
Cañar;Azogues;De 15-19;288
Cañar;Azogues;De 20-24;335
Cañar;Azogues;De 25-29;267
Cañar;Azogues;De 30-34;230
Cañar;Azogues;De 35-39;209
Cañar;Azogues;De 40-44;181
Cañar;Azogues;De 45-49;172
Cañar;Azogues;De 50-54;197
Cañar;Azogues;De 55-59;143
Cañar;Azogues;De 60-64;148
Cañar;Azogues;De 65-69;148
Cañar;Azogues;De 70-74;125
Cañar;Azogues;De 75-79;117
Cañar;Azogues;De 80-84;67
Cañar;Azogues;85 o más;89
Cañar;Azogues;Total Taday;1.191
Cañar;Azogues;De 0-4;94
Cañar;Azogues;De 5-9;103
Cañar;Azogues;De 10-14;115
Cañar;Azogues;De 15-19;114
Cañar;Azogues;De 20-24;76
Cañar;Azogues;De 25-29;59
Cañar;Azogues;De 30-34;52
Cañar;Azogues;De 35-39;65
Cañar;Azogues;De 40-44;65
Cañar;Azogues;De 45-49;67
Cañar;Azogues;De 50-54;63
Cañar;Azogues;De 55-59;48
Cañar;Azogues;De 60-64;50
Cañar;Azogues;De 65-69;65
Cañar;Azogues;De 70-74;49
Cañar;Azogues;De 75-79;43
Cañar;Azogues;De 80-84;35
Cañar;Azogues;85 o más;28
Cañar;Biblián;Total Biblián;18.852
Cañar;Biblián;De 0-4;1.330
Cañar;Biblián;De 5-9;1.558
Cañar;Biblián;De 10-14;1.764
Cañar;Biblián;De 15-19;1.598
Cañar;Biblián;De 20-24;1.404
Cañar;Biblián;De 25-29;1.230
Cañar;Biblián;De 30-34;1.282
Cañar;Biblián;De 35-39;1.245
Cañar;Biblián;De 40-44;1.101
Cañar;Biblián;De 45-49;818
Cañar;Biblián;De 50-54;852
Cañar;Biblián;De 55-59;826
Cañar;Biblián;De 60-64;852
Cañar;Biblián;De 65-69;738
Cañar;Biblián;De 70-74;684
Cañar;Biblián;De 75-79;603
Cañar;Biblián;De 80-84;455
Cañar;Biblián;85 o más;512
Cañar;Biblián;Total Biblián;12.379
Cañar;Biblián;De 0-4;837
Cañar;Biblián;De 5-9;998
Cañar;Biblián;De 10-14;1.111
Cañar;Biblián;De 15-19;1.003
Cañar;Biblián;De 20-24;951
Cañar;Biblián;De 25-29;829
Cañar;Biblián;De 30-34;860
Cañar;Biblián;De 35-39;843
Cañar;Biblián;De 40-44;723
Cañar;Biblián;De 45-49;557
Cañar;Biblián;De 50-54;628
Cañar;Biblián;De 55-59;565
Cañar;Biblián;De 60-64;568
Cañar;Biblián;De 65-69;473
Cañar;Biblián;De 70-74;447
Cañar;Biblián;De 75-79;405
Cañar;Biblián;De 80-84;272
Cañar;Biblián;85 o más;309
Cañar;Biblián;Total Nazón;2.232
Cañar;Biblián;De 0-4;157
Cañar;Biblián;De 5-9;204
Cañar;Biblián;De 10-14;238
Cañar;Biblián;De 15-19;218
Cañar;Biblián;De 20-24;166
Cañar;Biblián;De 25-29;130
Cañar;Biblián;De 30-34;133
Cañar;Biblián;De 35-39;116
Cañar;Biblián;De 40-44;142
Cañar;Biblián;De 45-49;97
Cañar;Biblián;De 50-54;86
Cañar;Biblián;De 55-59;89
Cañar;Biblián;De 60-64;103
Cañar;Biblián;De 65-69;106
Cañar;Biblián;De 70-74;68
Cañar;Biblián;De 75-79;67
Cañar;Biblián;De 80-84;51
Cañar;Biblián;85 o más;61
Cañar;Biblián;Total San Francisco de Sageo;1.471
Cañar;Biblián;De 0-4;131
Cañar;Biblián;De 5-9;112
Cañar;Biblián;De 10-14;172
Cañar;Biblián;De 15-19;131
Cañar;Biblián;De 20-24;107
Cañar;Biblián;De 25-29;89
Cañar;Biblián;De 30-34;109
Cañar;Biblián;De 35-39;102
Cañar;Biblián;De 40-44;90
Cañar;Biblián;De 45-49;48
Cañar;Biblián;De 50-54;45
Cañar;Biblián;De 55-59;61
Cañar;Biblián;De 60-64;60
Cañar;Biblián;De 65-69;43
Cañar;Biblián;De 70-74;42
Cañar;Biblián;De 75-79;38
Cañar;Biblián;De 80-84;44
Cañar;Biblián;85 o más;47
Cañar;Biblián;Total Turupamba;1.078
Cañar;Biblián;De 0-4;77
Cañar;Biblián;De 5-9;80
Cañar;Biblián;De 10-14;80
Cañar;Biblián;De 15-19;85
Cañar;Biblián;De 20-24;75
Cañar;Biblián;De 25-29;65
Cañar;Biblián;De 30-34;67
Cañar;Biblián;De 35-39;68
Cañar;Biblián;De 40-44;58
Cañar;Biblián;De 45-49;52
Cañar;Biblián;De 50-54;45
Cañar;Biblián;De 55-59;42
Cañar;Biblián;De 60-64;49
Cañar;Biblián;De 65-69;51
Cañar;Biblián;De 70-74;58
Cañar;Biblián;De 75-79;41
Cañar;Biblián;De 80-84;41
Cañar;Biblián;85 o más;44
Cañar;Biblián;Total Jerusalén;1.692
Cañar;Biblián;De 0-4;128
Cañar;Biblián;De 5-9;164
Cañar;Biblián;De 10-14;163
Cañar;Biblián;De 15-19;161
Cañar;Biblián;De 20-24;105
Cañar;Biblián;De 25-29;117
Cañar;Biblián;De 30-34;113
Cañar;Biblián;De 35-39;116
Cañar;Biblián;De 40-44;88
Cañar;Biblián;De 45-49;64
Cañar;Biblián;De 50-54;48
Cañar;Biblián;De 55-59;69
Cañar;Biblián;De 60-64;72
Cañar;Biblián;De 65-69;65
Cañar;Biblián;De 70-74;69
Cañar;Biblián;De 75-79;52
Cañar;Biblián;De 80-84;47
Cañar;Biblián;85 o más;51
Cañar;Cañar;Total Cañar;52.150
Cañar;Cañar;De 0-4;4.017
Cañar;Cañar;De 5-9;4.539
Cañar;Cañar;De 10-14;5.226
Cañar;Cañar;De 15-19;4.810
Cañar;Cañar;De 20-24;4.035
Cañar;Cañar;De 25-29;3.472
Cañar;Cañar;De 30-34;3.260
Cañar;Cañar;De 35-39;3.035
Cañar;Cañar;De 40-44;2.774
Cañar;Cañar;De 45-49;2.671
Cañar;Cañar;De 50-54;2.677
Cañar;Cañar;De 55-59;2.581
Cañar;Cañar;De 60-64;2.204
Cañar;Cañar;De 65-69;1.935
Cañar;Cañar;De 70-74;1.673
Cañar;Cañar;De 75-79;1.359
Cañar;Cañar;De 80-84;1.013
Cañar;Cañar;85 o más;869
Cañar;Cañar;Total Cañar;17.305
Cañar;Cañar;De 0-4;1.116
Cañar;Cañar;De 5-9;1.374
Cañar;Cañar;De 10-14;1.530
Cañar;Cañar;De 15-19;1.550
Cañar;Cañar;De 20-24;1.411
Cañar;Cañar;De 25-29;1.292
Cañar;Cañar;De 30-34;1.235
Cañar;Cañar;De 35-39;1.155
Cañar;Cañar;De 40-44;1.007
Cañar;Cañar;De 45-49;960
Cañar;Cañar;De 50-54;963
Cañar;Cañar;De 55-59;903
Cañar;Cañar;De 60-64;686
Cañar;Cañar;De 65-69;617
Cañar;Cañar;De 70-74;536
Cañar;Cañar;De 75-79;391
Cañar;Cañar;De 80-84;295
Cañar;Cañar;85 o más;284
Cañar;Cañar;Total Chontamarca;3.191
Cañar;Cañar;De 0-4;299
Cañar;Cañar;De 5-9;305
Cañar;Cañar;De 10-14;345
Cañar;Cañar;De 15-19;333
Cañar;Cañar;De 20-24;224
Cañar;Cañar;De 25-29;177
Cañar;Cañar;De 30-34;153
Cañar;Cañar;De 35-39;159
Cañar;Cañar;De 40-44;145
Cañar;Cañar;De 45-49;158
Cañar;Cañar;De 50-54;167
Cañar;Cañar;De 55-59;170
Cañar;Cañar;De 60-64;159
Cañar;Cañar;De 65-69;126
Cañar;Cañar;De 70-74;94
Cañar;Cañar;De 75-79;65
Cañar;Cañar;De 80-84;69
Cañar;Cañar;85 o más;43
Cañar;Cañar;Total Chorocopte;2.726
Cañar;Cañar;De 0-4;205
Cañar;Cañar;De 5-9;219
Cañar;Cañar;De 10-14;235
Cañar;Cañar;De 15-19;240
Cañar;Cañar;De 20-24;203
Cañar;Cañar;De 25-29;202
Cañar;Cañar;De 30-34;180
Cañar;Cañar;De 35-39;169
Cañar;Cañar;De 40-44;183
Cañar;Cañar;De 45-49;152
Cañar;Cañar;De 50-54;140
Cañar;Cañar;De 55-59;130
Cañar;Cañar;De 60-64;135
Cañar;Cañar;De 65-69;87
Cañar;Cañar;De 70-74;73
Cañar;Cañar;De 75-79;73
Cañar;Cañar;De 80-84;61
Cañar;Cañar;85 o más;39
Cañar;Cañar;Total General Morales;2.300
Cañar;Cañar;De 0-4;214
Cañar;Cañar;De 5-9;235
Cañar;Cañar;De 10-14;272
Cañar;Cañar;De 15-19;223
Cañar;Cañar;De 20-24;159
Cañar;Cañar;De 25-29;118
Cañar;Cañar;De 30-34;102
Cañar;Cañar;De 35-39;89
Cañar;Cañar;De 40-44;95
Cañar;Cañar;De 45-49;102
Cañar;Cañar;De 50-54;99
Cañar;Cañar;De 55-59;125
Cañar;Cañar;De 60-64;85
Cañar;Cañar;De 65-69;112
Cañar;Cañar;De 70-74;92
Cañar;Cañar;De 75-79;81
Cañar;Cañar;De 80-84;54
Cañar;Cañar;85 o más;43
Cañar;Cañar;Total Gualleturo;3.223
Cañar;Cañar;De 0-4;297
Cañar;Cañar;De 5-9;331
Cañar;Cañar;De 10-14;345
Cañar;Cañar;De 15-19;286
Cañar;Cañar;De 20-24;191
Cañar;Cañar;De 25-29;180
Cañar;Cañar;De 30-34;176
Cañar;Cañar;De 35-39;153
Cañar;Cañar;De 40-44;143
Cañar;Cañar;De 45-49;147
Cañar;Cañar;De 50-54;160
Cañar;Cañar;De 55-59;164
Cañar;Cañar;De 60-64;154
Cañar;Cañar;De 65-69;123
Cañar;Cañar;De 70-74;130
Cañar;Cañar;De 75-79;101
Cañar;Cañar;De 80-84;73
Cañar;Cañar;85 o más;69
Cañar;Cañar;Total Honorato Vásquez;5.906
Cañar;Cañar;De 0-4;438
Cañar;Cañar;De 5-9;513
Cañar;Cañar;De 10-14;590
Cañar;Cañar;De 15-19;558
Cañar;Cañar;De 20-24;450
Cañar;Cañar;De 25-29;365
Cañar;Cañar;De 30-34;384
Cañar;Cañar;De 35-39;360
Cañar;Cañar;De 40-44;318
Cañar;Cañar;De 45-49;289
Cañar;Cañar;De 50-54;295
Cañar;Cañar;De 55-59;277
Cañar;Cañar;De 60-64;252
Cañar;Cañar;De 65-69;212
Cañar;Cañar;De 70-74;184
Cañar;Cañar;De 75-79;174
Cañar;Cañar;De 80-84;135
Cañar;Cañar;85 o más;112
Cañar;Cañar;Total Ingapirca;6.964
Cañar;Cañar;De 0-4;609
Cañar;Cañar;De 5-9;635
Cañar;Cañar;De 10-14;743
Cañar;Cañar;De 15-19;641
Cañar;Cañar;De 20-24;513
Cañar;Cañar;De 25-29;495
Cañar;Cañar;De 30-34;409
Cañar;Cañar;De 35-39;359
Cañar;Cañar;De 40-44;325
Cañar;Cañar;De 45-49;344
Cañar;Cañar;De 50-54;326
Cañar;Cañar;De 55-59;336
Cañar;Cañar;De 60-64;319
Cañar;Cañar;De 65-69;255
Cañar;Cañar;De 70-74;219
Cañar;Cañar;De 75-79;189
Cañar;Cañar;De 80-84;146
Cañar;Cañar;85 o más;101
Cañar;Cañar;Total Juncal;1.680
Cañar;Cañar;De 0-4;106
Cañar;Cañar;De 5-9;141
Cañar;Cañar;De 10-14;157
Cañar;Cañar;De 15-19;141
Cañar;Cañar;De 20-24;133
Cañar;Cañar;De 25-29;96
Cañar;Cañar;De 30-34;101
Cañar;Cañar;De 35-39;98
Cañar;Cañar;De 40-44;90
Cañar;Cañar;De 45-49;87
Cañar;Cañar;De 50-54;105
Cañar;Cañar;De 55-59;87
Cañar;Cañar;De 60-64;88
Cañar;Cañar;De 65-69;83
Cañar;Cañar;De 70-74;57
Cañar;Cañar;De 75-79;49
Cañar;Cañar;De 80-84;30
Cañar;Cañar;85 o más;31
Cañar;Cañar;Total San Antonio;2.127
Cañar;Cañar;De 0-4;169
Cañar;Cañar;De 5-9;188
Cañar;Cañar;De 10-14;251
Cañar;Cañar;De 15-19;185
Cañar;Cañar;De 20-24;192
Cañar;Cañar;De 25-29;122
Cañar;Cañar;De 30-34;135
Cañar;Cañar;De 35-39;135
Cañar;Cañar;De 40-44;139
Cañar;Cañar;De 45-49;114
Cañar;Cañar;De 50-54;88
Cañar;Cañar;De 55-59;93
Cañar;Cañar;De 60-64;79
Cañar;Cañar;De 65-69;63
Cañar;Cañar;De 70-74;52
Cañar;Cañar;De 75-79;61
Cañar;Cañar;De 80-84;30
Cañar;Cañar;85 o más;31
Cañar;Cañar;Total Zhud;1.683
Cañar;Cañar;De 0-4;112
Cañar;Cañar;De 5-9;140
Cañar;Cañar;De 10-14;196
Cañar;Cañar;De 15-19;149
Cañar;Cañar;De 20-24;110
Cañar;Cañar;De 25-29;76
Cañar;Cañar;De 30-34;92
Cañar;Cañar;De 35-39;77
Cañar;Cañar;De 40-44;74
Cañar;Cañar;De 45-49;85
Cañar;Cañar;De 50-54;84
Cañar;Cañar;De 55-59;107
Cañar;Cañar;De 60-64;92
Cañar;Cañar;De 65-69;82
Cañar;Cañar;De 70-74;79
Cañar;Cañar;De 75-79;51
Cañar;Cañar;De 80-84;35
Cañar;Cañar;85 o más;42
Cañar;Cañar;Total Ventura;1.357
Cañar;Cañar;De 0-4;100
Cañar;Cañar;De 5-9;123
Cañar;Cañar;De 10-14;161
Cañar;Cañar;De 15-19;158
Cañar;Cañar;De 20-24;116
Cañar;Cañar;De 25-29;83
Cañar;Cañar;De 30-34;78
Cañar;Cañar;De 35-39;71
Cañar;Cañar;De 40-44;79
Cañar;Cañar;De 45-49;67
Cañar;Cañar;De 50-54;60
Cañar;Cañar;De 55-59;52
Cañar;Cañar;De 60-64;38
Cañar;Cañar;De 65-69;38
Cañar;Cañar;De 70-74;44
Cañar;Cañar;De 75-79;41
Cañar;Cañar;De 80-84;25
Cañar;Cañar;85 o más;23
Cañar;Cañar;Total Ducur;3.688
Cañar;Cañar;De 0-4;352
Cañar;Cañar;De 5-9;335
Cañar;Cañar;De 10-14;401
Cañar;Cañar;De 15-19;346
Cañar;Cañar;De 20-24;333
Cañar;Cañar;De 25-29;266
Cañar;Cañar;De 30-34;215
Cañar;Cañar;De 35-39;210
Cañar;Cañar;De 40-44;176
Cañar;Cañar;De 45-49;166
Cañar;Cañar;De 50-54;190
Cañar;Cañar;De 55-59;137
Cañar;Cañar;De 60-64;117
Cañar;Cañar;De 65-69;137
Cañar;Cañar;De 70-74;113
Cañar;Cañar;De 75-79;83
Cañar;Cañar;De 80-84;60
Cañar;Cañar;85 o más;51
Cañar;La Troncal;Total La Troncal;62.103
Cañar;La Troncal;De 0-4;5.870
Cañar;La Troncal;De 5-9;6.000
Cañar;La Troncal;De 10-14;6.774
Cañar;La Troncal;De 15-19;6.105
Cañar;La Troncal;De 20-24;5.584
Cañar;La Troncal;De 25-29;4.669
Cañar;La Troncal;De 30-34;4.082
Cañar;La Troncal;De 35-39;4.248
Cañar;La Troncal;De 40-44;3.845
Cañar;La Troncal;De 45-49;3.240
Cañar;La Troncal;De 50-54;2.745
Cañar;La Troncal;De 55-59;2.302
Cañar;La Troncal;De 60-64;1.866
Cañar;La Troncal;De 65-69;1.572
Cañar;La Troncal;De 70-74;1.197
Cañar;La Troncal;De 75-79;875
Cañar;La Troncal;De 80-84;598
Cañar;La Troncal;85 o más;531
Cañar;La Troncal;Total La Troncal;46.505
Cañar;La Troncal;De 0-4;4.299
Cañar;La Troncal;De 5-9;4.509
Cañar;La Troncal;De 10-14;4.995
Cañar;La Troncal;De 15-19;4.617
Cañar;La Troncal;De 20-24;4.103
Cañar;La Troncal;De 25-29;3.471
Cañar;La Troncal;De 30-34;3.023
Cañar;La Troncal;De 35-39;3.238
Cañar;La Troncal;De 40-44;2.923
Cañar;La Troncal;De 45-49;2.447
Cañar;La Troncal;De 50-54;2.033
Cañar;La Troncal;De 55-59;1.688
Cañar;La Troncal;De 60-64;1.429
Cañar;La Troncal;De 65-69;1.204
Cañar;La Troncal;De 70-74;970
Cañar;La Troncal;De 75-79;688
Cañar;La Troncal;De 80-84;473
Cañar;La Troncal;85 o más;395
Cañar;La Troncal;Total Manuel J. Calle;4.732
Cañar;La Troncal;De 0-4;475
Cañar;La Troncal;De 5-9;431
Cañar;La Troncal;De 10-14;501
Cañar;La Troncal;De 15-19;419
Cañar;La Troncal;De 20-24;452
Cañar;La Troncal;De 25-29;373
Cañar;La Troncal;De 30-34;309
Cañar;La Troncal;De 35-39;292
Cañar;La Troncal;De 40-44;266
Cañar;La Troncal;De 45-49;244
Cañar;La Troncal;De 50-54;243
Cañar;La Troncal;De 55-59;205
Cañar;La Troncal;De 60-64;143
Cañar;La Troncal;De 65-69;122
Cañar;La Troncal;De 70-74;79
Cañar;La Troncal;De 75-79;66
Cañar;La Troncal;De 80-84;58
Cañar;La Troncal;85 o más;54
Cañar;La Troncal;Total Pancho Negro;10.866
Cañar;La Troncal;De 0-4;1.096
Cañar;La Troncal;De 5-9;1.060
Cañar;La Troncal;De 10-14;1.278
Cañar;La Troncal;De 15-19;1.069
Cañar;La Troncal;De 20-24;1.029
Cañar;La Troncal;De 25-29;825
Cañar;La Troncal;De 30-34;750
Cañar;La Troncal;De 35-39;718
Cañar;La Troncal;De 40-44;656
Cañar;La Troncal;De 45-49;549
Cañar;La Troncal;De 50-54;469
Cañar;La Troncal;De 55-59;409
Cañar;La Troncal;De 60-64;294
Cañar;La Troncal;De 65-69;246
Cañar;La Troncal;De 70-74;148
Cañar;La Troncal;De 75-79;121
Cañar;La Troncal;De 80-84;67
Cañar;La Troncal;85 o más;82
Cañar;El Tambo;Total El Tambo;9.285
Cañar;El Tambo;De 0-4;746
Cañar;El Tambo;De 5-9;900
Cañar;El Tambo;De 10-14;944
Cañar;El Tambo;De 15-19;840
Cañar;El Tambo;De 20-24;750
Cañar;El Tambo;De 25-29;671
Cañar;El Tambo;De 30-34;653
Cañar;El Tambo;De 35-39;578
Cañar;El Tambo;De 40-44;489
Cañar;El Tambo;De 45-49;477
Cañar;El Tambo;De 50-54;425
Cañar;El Tambo;De 55-59;408
Cañar;El Tambo;De 60-64;347
Cañar;El Tambo;De 65-69;308
Cañar;El Tambo;De 70-74;279
Cañar;El Tambo;De 75-79;186
Cañar;El Tambo;De 80-84;145
Cañar;El Tambo;85 o más;139
Cañar;El Tambo;Total El Tambo;9.285
Cañar;El Tambo;De 0-4;746
Cañar;El Tambo;De 5-9;900
Cañar;El Tambo;De 10-14;944
Cañar;El Tambo;De 15-19;840
Cañar;El Tambo;De 20-24;750
Cañar;El Tambo;De 25-29;671
Cañar;El Tambo;De 30-34;653
Cañar;El Tambo;De 35-39;578
Cañar;El Tambo;De 40-44;489
Cañar;El Tambo;De 45-49;477
Cañar;El Tambo;De 50-54;425
Cañar;El Tambo;De 55-59;408
Cañar;El Tambo;De 60-64;347
Cañar;El Tambo;De 65-69;308
Cañar;El Tambo;De 70-74;279
Cañar;El Tambo;De 75-79;186
Cañar;El Tambo;De 80-84;145
Cañar;El Tambo;85 o más;139
Cañar;Déleg;Total Déleg;6.046
Cañar;Déleg;De 0-4;471
Cañar;Déleg;De 5-9;462
Cañar;Déleg;De 10-14;567
Cañar;Déleg;De 15-19;525
Cañar;Déleg;De 20-24;444
Cañar;Déleg;De 25-29;387
Cañar;Déleg;De 30-34;354
Cañar;Déleg;De 35-39;354
Cañar;Déleg;De 40-44;337
Cañar;Déleg;De 45-49;280
Cañar;Déleg;De 50-54;268
Cañar;Déleg;De 55-59;281
Cañar;Déleg;De 60-64;233
Cañar;Déleg;De 65-69;228
Cañar;Déleg;De 70-74;235
Cañar;Déleg;De 75-79;205
Cañar;Déleg;De 80-84;191
Cañar;Déleg;85 o más;224
Cañar;Déleg;Total Déleg;4.273
Cañar;Déleg;De 0-4;348
Cañar;Déleg;De 5-9;358
Cañar;Déleg;De 10-14;434
Cañar;Déleg;De 15-19;394
Cañar;Déleg;De 20-24;318
Cañar;Déleg;De 25-29;267
Cañar;Déleg;De 30-34;249
Cañar;Déleg;De 35-39;255
Cañar;Déleg;De 40-44;248
Cañar;Déleg;De 45-49;192
Cañar;Déleg;De 50-54;169
Cañar;Déleg;De 55-59;173
Cañar;Déleg;De 60-64;136
Cañar;Déleg;De 65-69;145
Cañar;Déleg;De 70-74;150
Cañar;Déleg;De 75-79;154
Cañar;Déleg;De 80-84;131
Cañar;Déleg;85 o más;152
Cañar;Déleg;Total Solano;1.773
Cañar;Déleg;De 0-4;123
Cañar;Déleg;De 5-9;104
Cañar;Déleg;De 10-14;133
Cañar;Déleg;De 15-19;131
Cañar;Déleg;De 20-24;126
Cañar;Déleg;De 25-29;120
Cañar;Déleg;De 30-34;105
Cañar;Déleg;De 35-39;99
Cañar;Déleg;De 40-44;89
Cañar;Déleg;De 45-49;88
Cañar;Déleg;De 50-54;99
Cañar;Déleg;De 55-59;108
Cañar;Déleg;De 60-64;97
Cañar;Déleg;De 65-69;83
Cañar;Déleg;De 70-74;85
Cañar;Déleg;De 75-79;51
Cañar;Déleg;De 80-84;60
Cañar;Déleg;85 o más;72
Cañar;Suscal;Total Suscal;4.627
Cañar;Suscal;De 0-4;370
Cañar;Suscal;De 5-9;409
Cañar;Suscal;De 10-14;434
Cañar;Suscal;De 15-19;407
Cañar;Suscal;De 20-24;393
Cañar;Suscal;De 25-29;322
Cañar;Suscal;De 30-34;275
Cañar;Suscal;De 35-39;263
Cañar;Suscal;De 40-44;249
Cañar;Suscal;De 45-49;235
Cañar;Suscal;De 50-54;274
Cañar;Suscal;De 55-59;225
Cañar;Suscal;De 60-64;192
Cañar;Suscal;De 65-69;169
Cañar;Suscal;De 70-74;130
Cañar;Suscal;De 75-79;123
Cañar;Suscal;De 80-84;73
Cañar;Suscal;85 o más;84
Cañar;Suscal;Total Suscal;4.627
Cañar;Suscal;De 0-4;370
Cañar;Suscal;De 5-9;409
Cañar;Suscal;De 10-14;434
Cañar;Suscal;De 15-19;407
Cañar;Suscal;De 20-24;393
Cañar;Suscal;De 25-29;322
Cañar;Suscal;De 30-34;275
Cañar;Suscal;De 35-39;263
Cañar;Suscal;De 40-44;249
Cañar;Suscal;De 45-49;235
Cañar;Suscal;De 50-54;274
Cañar;Suscal;De 55-59;225
Cañar;Suscal;De 60-64;192
Cañar;Suscal;De 65-69;169
Cañar;Suscal;De 70-74;130
Cañar;Suscal;De 75-79;123
Cañar;Suscal;De 80-84;73
Cañar;Suscal;85 o más;84
Carchi;Total Carchi;Total Carchi;172.828
Carchi;Total Carchi;De 0-4;11.341
Carchi;Total Carchi;De 5-9;13.373
Carchi;Total Carchi;De 10-14;15.324
Carchi;Total Carchi;De 15-19;15.293
Carchi;Total Carchi;De 20-24;14.912
Carchi;Total Carchi;De 25-29;13.495
Carchi;Total Carchi;De 30-34;12.363
Carchi;Total Carchi;De 35-39;11.734
Carchi;Total Carchi;De 40-44;11.187
Carchi;Total Carchi;De 45-49;10.429
Carchi;Total Carchi;De 50-54;9.711
Carchi;Total Carchi;De 55-59;8.428
Carchi;Total Carchi;De 60-64;6.787
Carchi;Total Carchi;De 65-69;5.438
Carchi;Total Carchi;De 70-74;4.376
Carchi;Total Carchi;De 75-79;3.665
Carchi;Total Carchi;De 80-84;2.612
Carchi;Total Carchi;85 o más;2.360
Carchi;Tulcán;Total Tulcán;92.375
Carchi;Tulcán;De 0-4;6.212
Carchi;Tulcán;De 5-9;7.424
Carchi;Tulcán;De 10-14;8.315
Carchi;Tulcán;De 15-19;8.044
Carchi;Tulcán;De 20-24;7.993
Carchi;Tulcán;De 25-29;7.484
Carchi;Tulcán;De 30-34;6.999
Carchi;Tulcán;De 35-39;6.567
Carchi;Tulcán;De 40-44;6.120
Carchi;Tulcán;De 45-49;5.476
Carchi;Tulcán;De 50-54;5.255
Carchi;Tulcán;De 55-59;4.619
Carchi;Tulcán;De 60-64;3.572
Carchi;Tulcán;De 65-69;2.657
Carchi;Tulcán;De 70-74;1.952
Carchi;Tulcán;De 75-79;1.569
Carchi;Tulcán;De 80-84;1.141
Carchi;Tulcán;85 o más;976
Carchi;Tulcán;Total Tulcán;64.218
Carchi;Tulcán;De 0-4;3.875
Carchi;Tulcán;De 5-9;4.884
Carchi;Tulcán;De 10-14;5.441
Carchi;Tulcán;De 15-19;5.445
Carchi;Tulcán;De 20-24;5.428
Carchi;Tulcán;De 25-29;5.221
Carchi;Tulcán;De 30-34;4.954
Carchi;Tulcán;De 35-39;4.721
Carchi;Tulcán;De 40-44;4.421
Carchi;Tulcán;De 45-49;3.975
Carchi;Tulcán;De 50-54;3.869
Carchi;Tulcán;De 55-59;3.458
Carchi;Tulcán;De 60-64;2.646
Carchi;Tulcán;De 65-69;1.937
Carchi;Tulcán;De 70-74;1.386
Carchi;Tulcán;De 75-79;1.084
Carchi;Tulcán;De 80-84;782
Carchi;Tulcán;85 o más;691
Carchi;Tulcán;Total El Carmelo;2.162
Carchi;Tulcán;De 0-4;120
Carchi;Tulcán;De 5-9;156
Carchi;Tulcán;De 10-14;223
Carchi;Tulcán;De 15-19;188
Carchi;Tulcán;De 20-24;203
Carchi;Tulcán;De 25-29;161
Carchi;Tulcán;De 30-34;128
Carchi;Tulcán;De 35-39;158
Carchi;Tulcán;De 40-44;169
Carchi;Tulcán;De 45-49;125
Carchi;Tulcán;De 50-54;115
Carchi;Tulcán;De 55-59;94
Carchi;Tulcán;De 60-64;78
Carchi;Tulcán;De 65-69;82
Carchi;Tulcán;De 70-74;66
Carchi;Tulcán;De 75-79;33
Carchi;Tulcán;De 80-84;40
Carchi;Tulcán;85 o más;23
Carchi;Tulcán;Total Julio Andrade;10.594
Carchi;Tulcán;De 0-4;748
Carchi;Tulcán;De 5-9;920
Carchi;Tulcán;De 10-14;1.009
Carchi;Tulcán;De 15-19;896
Carchi;Tulcán;De 20-24;938
Carchi;Tulcán;De 25-29;880
Carchi;Tulcán;De 30-34;826
Carchi;Tulcán;De 35-39;693
Carchi;Tulcán;De 40-44;651
Carchi;Tulcán;De 45-49;652
Carchi;Tulcán;De 50-54;586
Carchi;Tulcán;De 55-59;478
Carchi;Tulcán;De 60-64;336
Carchi;Tulcán;De 65-69;268
Carchi;Tulcán;De 70-74;239
Carchi;Tulcán;De 75-79;201
Carchi;Tulcán;De 80-84;161
Carchi;Tulcán;85 o más;112
Carchi;Tulcán;Total Maldonado;2.069
Carchi;Tulcán;De 0-4;188
Carchi;Tulcán;De 5-9;156
Carchi;Tulcán;De 10-14;218
Carchi;Tulcán;De 15-19;224
Carchi;Tulcán;De 20-24;242
Carchi;Tulcán;De 25-29;182
Carchi;Tulcán;De 30-34;132
Carchi;Tulcán;De 35-39;140
Carchi;Tulcán;De 40-44;102
Carchi;Tulcán;De 45-49;86
Carchi;Tulcán;De 50-54;99
Carchi;Tulcán;De 55-59;60
Carchi;Tulcán;De 60-64;78
Carchi;Tulcán;De 65-69;45
Carchi;Tulcán;De 70-74;45
Carchi;Tulcán;De 75-79;31
Carchi;Tulcán;De 80-84;14
Carchi;Tulcán;85 o más;27
Carchi;Tulcán;Total Pioter;670
Carchi;Tulcán;De 0-4;45
Carchi;Tulcán;De 5-9;51
Carchi;Tulcán;De 10-14;47
Carchi;Tulcán;De 15-19;47
Carchi;Tulcán;De 20-24;56
Carchi;Tulcán;De 25-29;59
Carchi;Tulcán;De 30-34;38
Carchi;Tulcán;De 35-39;37
Carchi;Tulcán;De 40-44;53
Carchi;Tulcán;De 45-49;44
Carchi;Tulcán;De 50-54;45
Carchi;Tulcán;De 55-59;27
Carchi;Tulcán;De 60-64;24
Carchi;Tulcán;De 65-69;23
Carchi;Tulcán;De 70-74;19
Carchi;Tulcán;De 75-79;22
Carchi;Tulcán;De 80-84;14
Carchi;Tulcán;85 o más;19
Carchi;Tulcán;Total Tobar Donoso;1.393
Carchi;Tulcán;De 0-4;195
Carchi;Tulcán;De 5-9;194
Carchi;Tulcán;De 10-14;180
Carchi;Tulcán;De 15-19;167
Carchi;Tulcán;De 20-24;121
Carchi;Tulcán;De 25-29;97
Carchi;Tulcán;De 30-34;94
Carchi;Tulcán;De 35-39;64
Carchi;Tulcán;De 40-44;71
Carchi;Tulcán;De 45-49;50
Carchi;Tulcán;De 50-54;44
Carchi;Tulcán;De 55-59;42
Carchi;Tulcán;De 60-64;36
Carchi;Tulcán;De 65-69;17
Carchi;Tulcán;De 70-74;6
Carchi;Tulcán;De 75-79;8
Carchi;Tulcán;De 80-84;4
Carchi;Tulcán;85 o más;3
Carchi;Tulcán;Total Tufiño;2.692
Carchi;Tulcán;De 0-4;215
Carchi;Tulcán;De 5-9;217
Carchi;Tulcán;De 10-14;251
Carchi;Tulcán;De 15-19;238
Carchi;Tulcán;De 20-24;236
Carchi;Tulcán;De 25-29;229
Carchi;Tulcán;De 30-34;196
Carchi;Tulcán;De 35-39;196
Carchi;Tulcán;De 40-44;165
Carchi;Tulcán;De 45-49;151
Carchi;Tulcán;De 50-54;113
Carchi;Tulcán;De 55-59;129
Carchi;Tulcán;De 60-64;104
Carchi;Tulcán;De 65-69;89
Carchi;Tulcán;De 70-74;49
Carchi;Tulcán;De 75-79;48
Carchi;Tulcán;De 80-84;36
Carchi;Tulcán;85 o más;30
Carchi;Tulcán;Total Urbina;1.770
Carchi;Tulcán;De 0-4;106
Carchi;Tulcán;De 5-9;112
Carchi;Tulcán;De 10-14;162
Carchi;Tulcán;De 15-19;164
Carchi;Tulcán;De 20-24;151
Carchi;Tulcán;De 25-29;133
Carchi;Tulcán;De 30-34;138
Carchi;Tulcán;De 35-39;136
Carchi;Tulcán;De 40-44;120
Carchi;Tulcán;De 45-49;103
Carchi;Tulcán;De 50-54;100
Carchi;Tulcán;De 55-59;85
Carchi;Tulcán;De 60-64;76
Carchi;Tulcán;De 65-69;52
Carchi;Tulcán;De 70-74;35
Carchi;Tulcán;De 75-79;41
Carchi;Tulcán;De 80-84;32
Carchi;Tulcán;85 o más;24
Carchi;Tulcán;Total El Chical;4.403
Carchi;Tulcán;De 0-4;536
Carchi;Tulcán;De 5-9;549
Carchi;Tulcán;De 10-14;574
Carchi;Tulcán;De 15-19;470
Carchi;Tulcán;De 20-24;399
Carchi;Tulcán;De 25-29;331
Carchi;Tulcán;De 30-34;309
Carchi;Tulcán;De 35-39;248
Carchi;Tulcán;De 40-44;219
Carchi;Tulcán;De 45-49;148
Carchi;Tulcán;De 50-54;144
Carchi;Tulcán;De 55-59;133
Carchi;Tulcán;De 60-64;115
Carchi;Tulcán;De 65-69;85
Carchi;Tulcán;De 70-74;55
Carchi;Tulcán;De 75-79;42
Carchi;Tulcán;De 80-84;28
Carchi;Tulcán;85 o más;18
Carchi;Tulcán;Total Santa Martha de Cuba;2.404
Carchi;Tulcán;De 0-4;184
Carchi;Tulcán;De 5-9;185
Carchi;Tulcán;De 10-14;210
Carchi;Tulcán;De 15-19;205
Carchi;Tulcán;De 20-24;219
Carchi;Tulcán;De 25-29;191
Carchi;Tulcán;De 30-34;184
Carchi;Tulcán;De 35-39;174
Carchi;Tulcán;De 40-44;149
Carchi;Tulcán;De 45-49;142
Carchi;Tulcán;De 50-54;140
Carchi;Tulcán;De 55-59;113
Carchi;Tulcán;De 60-64;79
Carchi;Tulcán;De 65-69;59
Carchi;Tulcán;De 70-74;52
Carchi;Tulcán;De 75-79;59
Carchi;Tulcán;De 80-84;30
Carchi;Tulcán;85 o más;29
Carchi;Bolívar;Total Bolívar;15.677
Carchi;Bolívar;De 0-4;1.001
Carchi;Bolívar;De 5-9;1.166
Carchi;Bolívar;De 10-14;1.385
Carchi;Bolívar;De 15-19;1.497
Carchi;Bolívar;De 20-24;1.319
Carchi;Bolívar;De 25-29;1.088
Carchi;Bolívar;De 30-34;960
Carchi;Bolívar;De 35-39;974
Carchi;Bolívar;De 40-44;1.011
Carchi;Bolívar;De 45-49;942
Carchi;Bolívar;De 50-54;860
Carchi;Bolívar;De 55-59;741
Carchi;Bolívar;De 60-64;654
Carchi;Bolívar;De 65-69;588
Carchi;Bolívar;De 70-74;517
Carchi;Bolívar;De 75-79;445
Carchi;Bolívar;De 80-84;284
Carchi;Bolívar;85 o más;245
Carchi;Bolívar;Total Bolívar;5.873
Carchi;Bolívar;De 0-4;348
Carchi;Bolívar;De 5-9;468
Carchi;Bolívar;De 10-14;505
Carchi;Bolívar;De 15-19;539
Carchi;Bolívar;De 20-24;463
Carchi;Bolívar;De 25-29;418
Carchi;Bolívar;De 30-34;384
Carchi;Bolívar;De 35-39;374
Carchi;Bolívar;De 40-44;413
Carchi;Bolívar;De 45-49;377
Carchi;Bolívar;De 50-54;348
Carchi;Bolívar;De 55-59;264
Carchi;Bolívar;De 60-64;213
Carchi;Bolívar;De 65-69;228
Carchi;Bolívar;De 70-74;174
Carchi;Bolívar;De 75-79;159
Carchi;Bolívar;De 80-84;105
Carchi;Bolívar;85 o más;93
Carchi;Bolívar;Total García Moreno;1.364
Carchi;Bolívar;De 0-4;68
Carchi;Bolívar;De 5-9;83
Carchi;Bolívar;De 10-14;95
Carchi;Bolívar;De 15-19;115
Carchi;Bolívar;De 20-24;125
Carchi;Bolívar;De 25-29;84
Carchi;Bolívar;De 30-34;62
Carchi;Bolívar;De 35-39;84
Carchi;Bolívar;De 40-44;98
Carchi;Bolívar;De 45-49;85
Carchi;Bolívar;De 50-54;80
Carchi;Bolívar;De 55-59;68
Carchi;Bolívar;De 60-64;91
Carchi;Bolívar;De 65-69;56
Carchi;Bolívar;De 70-74;66
Carchi;Bolívar;De 75-79;45
Carchi;Bolívar;De 80-84;26
Carchi;Bolívar;85 o más;33
Carchi;Bolívar;Total Los Andes;2.536
Carchi;Bolívar;De 0-4;170
Carchi;Bolívar;De 5-9;184
Carchi;Bolívar;De 10-14;208
Carchi;Bolívar;De 15-19;233
Carchi;Bolívar;De 20-24;227
Carchi;Bolívar;De 25-29;176
Carchi;Bolívar;De 30-34;146
Carchi;Bolívar;De 35-39;151
Carchi;Bolívar;De 40-44;171
Carchi;Bolívar;De 45-49;148
Carchi;Bolívar;De 50-54;140
Carchi;Bolívar;De 55-59;136
Carchi;Bolívar;De 60-64;96
Carchi;Bolívar;De 65-69;109
Carchi;Bolívar;De 70-74;81
Carchi;Bolívar;De 75-79;70
Carchi;Bolívar;De 80-84;50
Carchi;Bolívar;85 o más;40
Carchi;Bolívar;Total Monte Olivo;1.699
Carchi;Bolívar;De 0-4;99
Carchi;Bolívar;De 5-9;130
Carchi;Bolívar;De 10-14;158
Carchi;Bolívar;De 15-19;169
Carchi;Bolívar;De 20-24;163
Carchi;Bolívar;De 25-29;112
Carchi;Bolívar;De 30-34;117
Carchi;Bolívar;De 35-39;88
Carchi;Bolívar;De 40-44;84
Carchi;Bolívar;De 45-49;90
Carchi;Bolívar;De 50-54;80
Carchi;Bolívar;De 55-59;91
Carchi;Bolívar;De 60-64;61
Carchi;Bolívar;De 65-69;66
Carchi;Bolívar;De 70-74;63
Carchi;Bolívar;De 75-79;58
Carchi;Bolívar;De 80-84;45
Carchi;Bolívar;85 o más;25
Carchi;Bolívar;Total San Vicente de Pusir;2.254
Carchi;Bolívar;De 0-4;172
Carchi;Bolívar;De 5-9;149
Carchi;Bolívar;De 10-14;219
Carchi;Bolívar;De 15-19;236
Carchi;Bolívar;De 20-24;183
Carchi;Bolívar;De 25-29;177
Carchi;Bolívar;De 30-34;137
Carchi;Bolívar;De 35-39;148
Carchi;Bolívar;De 40-44;129
Carchi;Bolívar;De 45-49;130
Carchi;Bolívar;De 50-54;107
Carchi;Bolívar;De 55-59;99
Carchi;Bolívar;De 60-64;109
Carchi;Bolívar;De 65-69;68
Carchi;Bolívar;De 70-74;77
Carchi;Bolívar;De 75-79;61
Carchi;Bolívar;De 80-84;28
Carchi;Bolívar;85 o más;25
Carchi;Bolívar;Total San Rafael;1.951
Carchi;Bolívar;De 0-4;144
Carchi;Bolívar;De 5-9;152
Carchi;Bolívar;De 10-14;200
Carchi;Bolívar;De 15-19;205
Carchi;Bolívar;De 20-24;158
Carchi;Bolívar;De 25-29;121
Carchi;Bolívar;De 30-34;114
Carchi;Bolívar;De 35-39;129
Carchi;Bolívar;De 40-44;116
Carchi;Bolívar;De 45-49;112
Carchi;Bolívar;De 50-54;105
Carchi;Bolívar;De 55-59;83
Carchi;Bolívar;De 60-64;84
Carchi;Bolívar;De 65-69;61
Carchi;Bolívar;De 70-74;56
Carchi;Bolívar;De 75-79;52
Carchi;Bolívar;De 80-84;30
Carchi;Bolívar;85 o más;29
Carchi;Espejo;Total Espejo;14.522
Carchi;Espejo;De 0-4;951
Carchi;Espejo;De 5-9;1.079
Carchi;Espejo;De 10-14;1.287
Carchi;Espejo;De 15-19;1.296
Carchi;Espejo;De 20-24;1.249
Carchi;Espejo;De 25-29;1.204
Carchi;Espejo;De 30-34;987
Carchi;Espejo;De 35-39;925
Carchi;Espejo;De 40-44;946
Carchi;Espejo;De 45-49;861
Carchi;Espejo;De 50-54;730
Carchi;Espejo;De 55-59;654
Carchi;Espejo;De 60-64;520
Carchi;Espejo;De 65-69;512
Carchi;Espejo;De 70-74;386
Carchi;Espejo;De 75-79;392
Carchi;Espejo;De 80-84;264
Carchi;Espejo;85 o más;279
Carchi;Espejo;Total El Ángel;7.075
Carchi;Espejo;De 0-4;487
Carchi;Espejo;De 5-9;551
Carchi;Espejo;De 10-14;647
Carchi;Espejo;De 15-19;607
Carchi;Espejo;De 20-24;604
Carchi;Espejo;De 25-29;617
Carchi;Espejo;De 30-34;526
Carchi;Espejo;De 35-39;478
Carchi;Espejo;De 40-44;467
Carchi;Espejo;De 45-49;424
Carchi;Espejo;De 50-54;338
Carchi;Espejo;De 55-59;328
Carchi;Espejo;De 60-64;240
Carchi;Espejo;De 65-69;234
Carchi;Espejo;De 70-74;155
Carchi;Espejo;De 75-79;159
Carchi;Espejo;De 80-84;101
Carchi;Espejo;85 o más;112
Carchi;Espejo;Total El Goaltal;746
Carchi;Espejo;De 0-4;49
Carchi;Espejo;De 5-9;55
Carchi;Espejo;De 10-14;65
Carchi;Espejo;De 15-19;65
Carchi;Espejo;De 20-24;62
Carchi;Espejo;De 25-29;49
Carchi;Espejo;De 30-34;50
Carchi;Espejo;De 35-39;44
Carchi;Espejo;De 40-44;39
Carchi;Espejo;De 45-49;41
Carchi;Espejo;De 50-54;48
Carchi;Espejo;De 55-59;33
Carchi;Espejo;De 60-64;28
Carchi;Espejo;De 65-69;37
Carchi;Espejo;De 70-74;29
Carchi;Espejo;De 75-79;26
Carchi;Espejo;De 80-84;12
Carchi;Espejo;85 o más;14
Carchi;Espejo;Total La Libertad;3.718
Carchi;Espejo;De 0-4;233
Carchi;Espejo;De 5-9;260
Carchi;Espejo;De 10-14;321
Carchi;Espejo;De 15-19;359
Carchi;Espejo;De 20-24;320
Carchi;Espejo;De 25-29;304
Carchi;Espejo;De 30-34;224
Carchi;Espejo;De 35-39;234
Carchi;Espejo;De 40-44;243
Carchi;Espejo;De 45-49;232
Carchi;Espejo;De 50-54;189
Carchi;Espejo;De 55-59;170
Carchi;Espejo;De 60-64;151
Carchi;Espejo;De 65-69;133
Carchi;Espejo;De 70-74;107
Carchi;Espejo;De 75-79;101
Carchi;Espejo;De 80-84;76
Carchi;Espejo;85 o más;61
Carchi;Espejo;Total San Isidro;2.983
Carchi;Espejo;De 0-4;182
Carchi;Espejo;De 5-9;213
Carchi;Espejo;De 10-14;254
Carchi;Espejo;De 15-19;265
Carchi;Espejo;De 20-24;263
Carchi;Espejo;De 25-29;234
Carchi;Espejo;De 30-34;187
Carchi;Espejo;De 35-39;169
Carchi;Espejo;De 40-44;197
Carchi;Espejo;De 45-49;164
Carchi;Espejo;De 50-54;155
Carchi;Espejo;De 55-59;123
Carchi;Espejo;De 60-64;101
Carchi;Espejo;De 65-69;108
Carchi;Espejo;De 70-74;95
Carchi;Espejo;De 75-79;106
Carchi;Espejo;De 80-84;75
Carchi;Espejo;85 o más;92
Carchi;Mira;Total Mira;12.727
Carchi;Mira;De 0-4;740
Carchi;Mira;De 5-9;824
Carchi;Mira;De 10-14;1.033
Carchi;Mira;De 15-19;1.123
Carchi;Mira;De 20-24;1.068
Carchi;Mira;De 25-29;911
Carchi;Mira;De 30-34;829
Carchi;Mira;De 35-39;787
Carchi;Mira;De 40-44;704
Carchi;Mira;De 45-49;749
Carchi;Mira;De 50-54;716
Carchi;Mira;De 55-59;685
Carchi;Mira;De 60-64;582
Carchi;Mira;De 65-69;555
Carchi;Mira;De 70-74;503
Carchi;Mira;De 75-79;374
Carchi;Mira;De 80-84;294
Carchi;Mira;85 o más;250
Carchi;Mira;Total Mira;6.706
Carchi;Mira;De 0-4;344
Carchi;Mira;De 5-9;417
Carchi;Mira;De 10-14;515
Carchi;Mira;De 15-19;536
Carchi;Mira;De 20-24;541
Carchi;Mira;De 25-29;521
Carchi;Mira;De 30-34;459
Carchi;Mira;De 35-39;438
Carchi;Mira;De 40-44;402
Carchi;Mira;De 45-49;433
Carchi;Mira;De 50-54;396
Carchi;Mira;De 55-59;381
Carchi;Mira;De 60-64;328
Carchi;Mira;De 65-69;285
Carchi;Mira;De 70-74;237
Carchi;Mira;De 75-79;185
Carchi;Mira;De 80-84;150
Carchi;Mira;85 o más;138
Carchi;Mira;Total Concepción;2.680
Carchi;Mira;De 0-4;184
Carchi;Mira;De 5-9;172
Carchi;Mira;De 10-14;204
Carchi;Mira;De 15-19;264
Carchi;Mira;De 20-24;253
Carchi;Mira;De 25-29;174
Carchi;Mira;De 30-34;171
Carchi;Mira;De 35-39;144
Carchi;Mira;De 40-44;111
Carchi;Mira;De 45-49;144
Carchi;Mira;De 50-54;157
Carchi;Mira;De 55-59;143
Carchi;Mira;De 60-64;118
Carchi;Mira;De 65-69;120
Carchi;Mira;De 70-74;123
Carchi;Mira;De 75-79;88
Carchi;Mira;De 80-84;56
Carchi;Mira;85 o más;54
Carchi;Mira;Total Jijón y Caamaño;1.961
Carchi;Mira;De 0-4;145
Carchi;Mira;De 5-9;150
Carchi;Mira;De 10-14;207
Carchi;Mira;De 15-19;209
Carchi;Mira;De 20-24;143
Carchi;Mira;De 25-29;132
Carchi;Mira;De 30-34;113
Carchi;Mira;De 35-39;123
Carchi;Mira;De 40-44;105
Carchi;Mira;De 45-49;95
Carchi;Mira;De 50-54;74
Carchi;Mira;De 55-59;92
Carchi;Mira;De 60-64;75
Carchi;Mira;De 65-69;85
Carchi;Mira;De 70-74;76
Carchi;Mira;De 75-79;59
Carchi;Mira;De 80-84;44
Carchi;Mira;85 o más;34
Carchi;Mira;Total Juan Montalvo;1.380
Carchi;Mira;De 0-4;67
Carchi;Mira;De 5-9;85
Carchi;Mira;De 10-14;107
Carchi;Mira;De 15-19;114
Carchi;Mira;De 20-24;131
Carchi;Mira;De 25-29;84
Carchi;Mira;De 30-34;86
Carchi;Mira;De 35-39;82
Carchi;Mira;De 40-44;86
Carchi;Mira;De 45-49;77
Carchi;Mira;De 50-54;89
Carchi;Mira;De 55-59;69
Carchi;Mira;De 60-64;61
Carchi;Mira;De 65-69;65
Carchi;Mira;De 70-74;67
Carchi;Mira;De 75-79;42
Carchi;Mira;De 80-84;44
Carchi;Mira;85 o más;24
Carchi;Montúfar;Total Montúfar;29.590
Carchi;Montúfar;De 0-4;1.909
Carchi;Montúfar;De 5-9;2.229
Carchi;Montúfar;De 10-14;2.632
Carchi;Montúfar;De 15-19;2.660
Carchi;Montúfar;De 20-24;2.553
Carchi;Montúfar;De 25-29;2.184
Carchi;Montúfar;De 30-34;1.997
Carchi;Montúfar;De 35-39;2.006
Carchi;Montúfar;De 40-44;1.892
Carchi;Montúfar;De 45-49;1.867
Carchi;Montúfar;De 50-54;1.663
Carchi;Montúfar;De 55-59;1.354
Carchi;Montúfar;De 60-64;1.157
Carchi;Montúfar;De 65-69;938
Carchi;Montúfar;De 70-74;826
Carchi;Montúfar;De 75-79;702
Carchi;Montúfar;De 80-84;513
Carchi;Montúfar;85 o más;508
Carchi;Montúfar;Total San Gabriel;20.576
Carchi;Montúfar;De 0-4;1.371
Carchi;Montúfar;De 5-9;1.569
Carchi;Montúfar;De 10-14;1.816
Carchi;Montúfar;De 15-19;1.848
Carchi;Montúfar;De 20-24;1.779
Carchi;Montúfar;De 25-29;1.521
Carchi;Montúfar;De 30-34;1.446
Carchi;Montúfar;De 35-39;1.432
Carchi;Montúfar;De 40-44;1.309
Carchi;Montúfar;De 45-49;1.276
Carchi;Montúfar;De 50-54;1.142
Carchi;Montúfar;De 55-59;979
Carchi;Montúfar;De 60-64;799
Carchi;Montúfar;De 65-69;659
Carchi;Montúfar;De 70-74;544
Carchi;Montúfar;De 75-79;456
Carchi;Montúfar;De 80-84;328
Carchi;Montúfar;85 o más;302
Carchi;Montúfar;Total Cristóbal Colón;2.901
Carchi;Montúfar;De 0-4;169
Carchi;Montúfar;De 5-9;226
Carchi;Montúfar;De 10-14;250
Carchi;Montúfar;De 15-19;216
Carchi;Montúfar;De 20-24;279
Carchi;Montúfar;De 25-29;230
Carchi;Montúfar;De 30-34;168
Carchi;Montúfar;De 35-39;172
Carchi;Montúfar;De 40-44;194
Carchi;Montúfar;De 45-49;173
Carchi;Montúfar;De 50-54;154
Carchi;Montúfar;De 55-59;135
Carchi;Montúfar;De 60-64;127
Carchi;Montúfar;De 65-69;100
Carchi;Montúfar;De 70-74;93
Carchi;Montúfar;De 75-79;98
Carchi;Montúfar;De 80-84;57
Carchi;Montúfar;85 o más;60
Carchi;Montúfar;Total Chitán de Navarrete;641
Carchi;Montúfar;De 0-4;42
Carchi;Montúfar;De 5-9;38
Carchi;Montúfar;De 10-14;61
Carchi;Montúfar;De 15-19;59
Carchi;Montúfar;De 20-24;53
Carchi;Montúfar;De 25-29;45
Carchi;Montúfar;De 30-34;39
Carchi;Montúfar;De 35-39;39
Carchi;Montúfar;De 40-44;40
Carchi;Montúfar;De 45-49;48
Carchi;Montúfar;De 50-54;41
Carchi;Montúfar;De 55-59;24
Carchi;Montúfar;De 60-64;30
Carchi;Montúfar;De 65-69;21
Carchi;Montúfar;De 70-74;18
Carchi;Montúfar;De 75-79;12
Carchi;Montúfar;De 80-84;14
Carchi;Montúfar;85 o más;17
Carchi;Montúfar;Total Fernández Salvador;1.144
Carchi;Montúfar;De 0-4;69
Carchi;Montúfar;De 5-9;93
Carchi;Montúfar;De 10-14;120
Carchi;Montúfar;De 15-19;93
Carchi;Montúfar;De 20-24;101
Carchi;Montúfar;De 25-29;91
Carchi;Montúfar;De 30-34;69
Carchi;Montúfar;De 35-39;80
Carchi;Montúfar;De 40-44;75
Carchi;Montúfar;De 45-49;96
Carchi;Montúfar;De 50-54;58
Carchi;Montúfar;De 55-59;32
Carchi;Montúfar;De 60-64;31
Carchi;Montúfar;De 65-69;30
Carchi;Montúfar;De 70-74;37
Carchi;Montúfar;De 75-79;21
Carchi;Montúfar;De 80-84;24
Carchi;Montúfar;85 o más;24
Carchi;Montúfar;Total La Paz;3.399
Carchi;Montúfar;De 0-4;206
Carchi;Montúfar;De 5-9;233
Carchi;Montúfar;De 10-14;314
Carchi;Montúfar;De 15-19;345
Carchi;Montúfar;De 20-24;280
Carchi;Montúfar;De 25-29;234
Carchi;Montúfar;De 30-34;211
Carchi;Montúfar;De 35-39;208
Carchi;Montúfar;De 40-44;223
Carchi;Montúfar;De 45-49;225
Carchi;Montúfar;De 50-54;208
Carchi;Montúfar;De 55-59;143
Carchi;Montúfar;De 60-64;127
Carchi;Montúfar;De 65-69;97
Carchi;Montúfar;De 70-74;102
Carchi;Montúfar;De 75-79;91
Carchi;Montúfar;De 80-84;71
Carchi;Montúfar;85 o más;81
Carchi;Montúfar;Total Piartal;929
Carchi;Montúfar;De 0-4;52
Carchi;Montúfar;De 5-9;70
Carchi;Montúfar;De 10-14;71
Carchi;Montúfar;De 15-19;99
Carchi;Montúfar;De 20-24;61
Carchi;Montúfar;De 25-29;63
Carchi;Montúfar;De 30-34;64
Carchi;Montúfar;De 35-39;75
Carchi;Montúfar;De 40-44;51
Carchi;Montúfar;De 45-49;49
Carchi;Montúfar;De 50-54;60
Carchi;Montúfar;De 55-59;41
Carchi;Montúfar;De 60-64;43
Carchi;Montúfar;De 65-69;31
Carchi;Montúfar;De 70-74;32
Carchi;Montúfar;De 75-79;24
Carchi;Montúfar;De 80-84;19
Carchi;Montúfar;85 o más;24
Carchi;San Pedro de Huaca;Total San Pedro de Huaca;7.937
Carchi;San Pedro de Huaca;De 0-4;528
Carchi;San Pedro de Huaca;De 5-9;651
Carchi;San Pedro de Huaca;De 10-14;672
Carchi;San Pedro de Huaca;De 15-19;673
Carchi;San Pedro de Huaca;De 20-24;730
Carchi;San Pedro de Huaca;De 25-29;624
Carchi;San Pedro de Huaca;De 30-34;591
Carchi;San Pedro de Huaca;De 35-39;475
Carchi;San Pedro de Huaca;De 40-44;514
Carchi;San Pedro de Huaca;De 45-49;534
Carchi;San Pedro de Huaca;De 50-54;487
Carchi;San Pedro de Huaca;De 55-59;375
Carchi;San Pedro de Huaca;De 60-64;302
Carchi;San Pedro de Huaca;De 65-69;188
Carchi;San Pedro de Huaca;De 70-74;192
Carchi;San Pedro de Huaca;De 75-79;183
Carchi;San Pedro de Huaca;De 80-84;116
Carchi;San Pedro de Huaca;85 o más;102
Carchi;San Pedro de Huaca;Total Huaca;6.455
Carchi;San Pedro de Huaca;De 0-4;436
Carchi;San Pedro de Huaca;De 5-9;523
Carchi;San Pedro de Huaca;De 10-14;534
Carchi;San Pedro de Huaca;De 15-19;536
Carchi;San Pedro de Huaca;De 20-24;605
Carchi;San Pedro de Huaca;De 25-29;523
Carchi;San Pedro de Huaca;De 30-34;478
Carchi;San Pedro de Huaca;De 35-39;374
Carchi;San Pedro de Huaca;De 40-44;395
Carchi;San Pedro de Huaca;De 45-49;423
Carchi;San Pedro de Huaca;De 50-54;411
Carchi;San Pedro de Huaca;De 55-59;326
Carchi;San Pedro de Huaca;De 60-64;260
Carchi;San Pedro de Huaca;De 65-69;161
Carchi;San Pedro de Huaca;De 70-74;139
Carchi;San Pedro de Huaca;De 75-79;149
Carchi;San Pedro de Huaca;De 80-84;100
Carchi;San Pedro de Huaca;85 o más;82
Carchi;San Pedro de Huaca;Total Mariscal Sucre;1.482
Carchi;San Pedro de Huaca;De 0-4;92
Carchi;San Pedro de Huaca;De 5-9;128
Carchi;San Pedro de Huaca;De 10-14;138
Carchi;San Pedro de Huaca;De 15-19;137
Carchi;San Pedro de Huaca;De 20-24;125
Carchi;San Pedro de Huaca;De 25-29;101
Carchi;San Pedro de Huaca;De 30-34;113
Carchi;San Pedro de Huaca;De 35-39;101
Carchi;San Pedro de Huaca;De 40-44;119
Carchi;San Pedro de Huaca;De 45-49;111
Carchi;San Pedro de Huaca;De 50-54;76
Carchi;San Pedro de Huaca;De 55-59;49
Carchi;San Pedro de Huaca;De 60-64;42
Carchi;San Pedro de Huaca;De 65-69;27
Carchi;San Pedro de Huaca;De 70-74;53
Carchi;San Pedro de Huaca;De 75-79;34
Carchi;San Pedro de Huaca;De 80-84;16
Carchi;San Pedro de Huaca;85 o más;20
Cotopaxi;Total Cotopaxi;Total Cotopaxi;470.210
Cotopaxi;Total Cotopaxi;De 0-4;35.693
Cotopaxi;Total Cotopaxi;De 5-9;39.796
Cotopaxi;Total Cotopaxi;De 10-14;45.216
Cotopaxi;Total Cotopaxi;De 15-19;46.081
Cotopaxi;Total Cotopaxi;De 20-24;41.847
Cotopaxi;Total Cotopaxi;De 25-29;37.504
Cotopaxi;Total Cotopaxi;De 30-34;33.818
Cotopaxi;Total Cotopaxi;De 35-39;32.754
Cotopaxi;Total Cotopaxi;De 40-44;30.005
Cotopaxi;Total Cotopaxi;De 45-49;25.643
Cotopaxi;Total Cotopaxi;De 50-54;22.037
Cotopaxi;Total Cotopaxi;De 55-59;19.132
Cotopaxi;Total Cotopaxi;De 60-64;16.003
Cotopaxi;Total Cotopaxi;De 65-69;13.627
Cotopaxi;Total Cotopaxi;De 70-74;10.646
Cotopaxi;Total Cotopaxi;De 75-79;8.750
Cotopaxi;Total Cotopaxi;De 80-84;6.071
Cotopaxi;Total Cotopaxi;85 o más;5.587
Cotopaxi;Latacunga;Total Latacunga;217.261
Cotopaxi;Latacunga;De 0-4;16.310
Cotopaxi;Latacunga;De 5-9;18.215
Cotopaxi;Latacunga;De 10-14;19.962
Cotopaxi;Latacunga;De 15-19;20.183
Cotopaxi;Latacunga;De 20-24;19.719
Cotopaxi;Latacunga;De 25-29;18.355
Cotopaxi;Latacunga;De 30-34;16.498
Cotopaxi;Latacunga;De 35-39;15.809
Cotopaxi;Latacunga;De 40-44;14.648
Cotopaxi;Latacunga;De 45-49;12.330
Cotopaxi;Latacunga;De 50-54;10.320
Cotopaxi;Latacunga;De 55-59;8.567
Cotopaxi;Latacunga;De 60-64;7.131
Cotopaxi;Latacunga;De 65-69;5.934
Cotopaxi;Latacunga;De 70-74;4.512
Cotopaxi;Latacunga;De 75-79;3.786
Cotopaxi;Latacunga;De 80-84;2.546
Cotopaxi;Latacunga;85 o más;2.436
Cotopaxi;Latacunga;Total Latacunga;125.651
Cotopaxi;Latacunga;De 0-4;9.115
Cotopaxi;Latacunga;De 5-9;10.456
Cotopaxi;Latacunga;De 10-14;11.268
Cotopaxi;Latacunga;De 15-19;11.464
Cotopaxi;Latacunga;De 20-24;11.364
Cotopaxi;Latacunga;De 25-29;10.550
Cotopaxi;Latacunga;De 30-34;9.605
Cotopaxi;Latacunga;De 35-39;9.217
Cotopaxi;Latacunga;De 40-44;8.603
Cotopaxi;Latacunga;De 45-49;7.360
Cotopaxi;Latacunga;De 50-54;6.267
Cotopaxi;Latacunga;De 55-59;5.326
Cotopaxi;Latacunga;De 60-64;4.298
Cotopaxi;Latacunga;De 65-69;3.551
Cotopaxi;Latacunga;De 70-74;2.595
Cotopaxi;Latacunga;De 75-79;2.000
Cotopaxi;Latacunga;De 80-84;1.303
Cotopaxi;Latacunga;85 o más;1.309
Cotopaxi;Latacunga;Total Aláquez;7.958
Cotopaxi;Latacunga;De 0-4;612
Cotopaxi;Latacunga;De 5-9;599
Cotopaxi;Latacunga;De 10-14;737
Cotopaxi;Latacunga;De 15-19;766
Cotopaxi;Latacunga;De 20-24;643
Cotopaxi;Latacunga;De 25-29;531
Cotopaxi;Latacunga;De 30-34;585
Cotopaxi;Latacunga;De 35-39;576
Cotopaxi;Latacunga;De 40-44;530
Cotopaxi;Latacunga;De 45-49;460
Cotopaxi;Latacunga;De 50-54;367
Cotopaxi;Latacunga;De 55-59;298
Cotopaxi;Latacunga;De 60-64;290
Cotopaxi;Latacunga;De 65-69;258
Cotopaxi;Latacunga;De 70-74;208
Cotopaxi;Latacunga;De 75-79;219
Cotopaxi;Latacunga;De 80-84;144
Cotopaxi;Latacunga;85 o más;135
Cotopaxi;Latacunga;Total Belisario Quevedo;7.301
Cotopaxi;Latacunga;De 0-4;514
Cotopaxi;Latacunga;De 5-9;585
Cotopaxi;Latacunga;De 10-14;671
Cotopaxi;Latacunga;De 15-19;678
Cotopaxi;Latacunga;De 20-24;778
Cotopaxi;Latacunga;De 25-29;601
Cotopaxi;Latacunga;De 30-34;515
Cotopaxi;Latacunga;De 35-39;480
Cotopaxi;Latacunga;De 40-44;483
Cotopaxi;Latacunga;De 45-49;401
Cotopaxi;Latacunga;De 50-54;343
Cotopaxi;Latacunga;De 55-59;264
Cotopaxi;Latacunga;De 60-64;263
Cotopaxi;Latacunga;De 65-69;198
Cotopaxi;Latacunga;De 70-74;177
Cotopaxi;Latacunga;De 75-79;135
Cotopaxi;Latacunga;De 80-84;113
Cotopaxi;Latacunga;85 o más;102
Cotopaxi;Latacunga;Total Guaytacama;15.158
Cotopaxi;Latacunga;De 0-4;915
Cotopaxi;Latacunga;De 5-9;1.063
Cotopaxi;Latacunga;De 10-14;1.219
Cotopaxi;Latacunga;De 15-19;1.120
Cotopaxi;Latacunga;De 20-24;1.360
Cotopaxi;Latacunga;De 25-29;1.718
Cotopaxi;Latacunga;De 30-34;1.610
Cotopaxi;Latacunga;De 35-39;1.530
Cotopaxi;Latacunga;De 40-44;1.263
Cotopaxi;Latacunga;De 45-49;930
Cotopaxi;Latacunga;De 50-54;667
Cotopaxi;Latacunga;De 55-59;503
Cotopaxi;Latacunga;De 60-64;360
Cotopaxi;Latacunga;De 65-69;271
Cotopaxi;Latacunga;De 70-74;219
Cotopaxi;Latacunga;De 75-79;162
Cotopaxi;Latacunga;De 80-84;137
Cotopaxi;Latacunga;85 o más;111
Cotopaxi;Latacunga;Total Joseguango Bajo;2.469
Cotopaxi;Latacunga;De 0-4;175
Cotopaxi;Latacunga;De 5-9;176
Cotopaxi;Latacunga;De 10-14;223
Cotopaxi;Latacunga;De 15-19;235
Cotopaxi;Latacunga;De 20-24;217
Cotopaxi;Latacunga;De 25-29;209
Cotopaxi;Latacunga;De 30-34;175
Cotopaxi;Latacunga;De 35-39;178
Cotopaxi;Latacunga;De 40-44;169
Cotopaxi;Latacunga;De 45-49;157
Cotopaxi;Latacunga;De 50-54;114
Cotopaxi;Latacunga;De 55-59;94
Cotopaxi;Latacunga;De 60-64;79
Cotopaxi;Latacunga;De 65-69;85
Cotopaxi;Latacunga;De 70-74;51
Cotopaxi;Latacunga;De 75-79;45
Cotopaxi;Latacunga;De 80-84;36
Cotopaxi;Latacunga;85 o más;51
Cotopaxi;Latacunga;Total Mulaló;9.101
Cotopaxi;Latacunga;De 0-4;766
Cotopaxi;Latacunga;De 5-9;767
Cotopaxi;Latacunga;De 10-14;897
Cotopaxi;Latacunga;De 15-19;873
Cotopaxi;Latacunga;De 20-24;848
Cotopaxi;Latacunga;De 25-29;738
Cotopaxi;Latacunga;De 30-34;622
Cotopaxi;Latacunga;De 35-39;541
Cotopaxi;Latacunga;De 40-44;520
Cotopaxi;Latacunga;De 45-49;455
Cotopaxi;Latacunga;De 50-54;418
Cotopaxi;Latacunga;De 55-59;322
Cotopaxi;Latacunga;De 60-64;288
Cotopaxi;Latacunga;De 65-69;260
Cotopaxi;Latacunga;De 70-74;213
Cotopaxi;Latacunga;De 75-79;272
Cotopaxi;Latacunga;De 80-84;148
Cotopaxi;Latacunga;85 o más;153
Cotopaxi;Latacunga;Total Once de Noviembre;3.233
Cotopaxi;Latacunga;De 0-4;260
Cotopaxi;Latacunga;De 5-9;263
Cotopaxi;Latacunga;De 10-14;309
Cotopaxi;Latacunga;De 15-19;253
Cotopaxi;Latacunga;De 20-24;282
Cotopaxi;Latacunga;De 25-29;272
Cotopaxi;Latacunga;De 30-34;215
Cotopaxi;Latacunga;De 35-39;229
Cotopaxi;Latacunga;De 40-44;202
Cotopaxi;Latacunga;De 45-49;167
Cotopaxi;Latacunga;De 50-54;155
Cotopaxi;Latacunga;De 55-59;110
Cotopaxi;Latacunga;De 60-64;122
Cotopaxi;Latacunga;De 65-69;107
Cotopaxi;Latacunga;De 70-74;86
Cotopaxi;Latacunga;De 75-79;67
Cotopaxi;Latacunga;De 80-84;68
Cotopaxi;Latacunga;85 o más;66
Cotopaxi;Latacunga;Total Poaló;4.960
Cotopaxi;Latacunga;De 0-4;387
Cotopaxi;Latacunga;De 5-9;367
Cotopaxi;Latacunga;De 10-14;506
Cotopaxi;Latacunga;De 15-19;514
Cotopaxi;Latacunga;De 20-24;392
Cotopaxi;Latacunga;De 25-29;364
Cotopaxi;Latacunga;De 30-34;293
Cotopaxi;Latacunga;De 35-39;278
Cotopaxi;Latacunga;De 40-44;290
Cotopaxi;Latacunga;De 45-49;262
Cotopaxi;Latacunga;De 50-54;253
Cotopaxi;Latacunga;De 55-59;206
Cotopaxi;Latacunga;De 60-64;187
Cotopaxi;Latacunga;De 65-69;191
Cotopaxi;Latacunga;De 70-74;149
Cotopaxi;Latacunga;De 75-79;154
Cotopaxi;Latacunga;De 80-84;88
Cotopaxi;Latacunga;85 o más;79
Cotopaxi;Latacunga;Total San Juan de Pastocalle;14.884
Cotopaxi;Latacunga;De 0-4;1.341
Cotopaxi;Latacunga;De 5-9;1.455
Cotopaxi;Latacunga;De 10-14;1.496
Cotopaxi;Latacunga;De 15-19;1.480
Cotopaxi;Latacunga;De 20-24;1.381
Cotopaxi;Latacunga;De 25-29;1.225
Cotopaxi;Latacunga;De 30-34;1.072
Cotopaxi;Latacunga;De 35-39;1.062
Cotopaxi;Latacunga;De 40-44;945
Cotopaxi;Latacunga;De 45-49;722
Cotopaxi;Latacunga;De 50-54;588
Cotopaxi;Latacunga;De 55-59;480
Cotopaxi;Latacunga;De 60-64;430
Cotopaxi;Latacunga;De 65-69;369
Cotopaxi;Latacunga;De 70-74;295
Cotopaxi;Latacunga;De 75-79;249
Cotopaxi;Latacunga;De 80-84;153
Cotopaxi;Latacunga;85 o más;141
Cotopaxi;Latacunga;Total Tanicuchi;15.509
Cotopaxi;Latacunga;De 0-4;1.250
Cotopaxi;Latacunga;De 5-9;1.413
Cotopaxi;Latacunga;De 10-14;1.466
Cotopaxi;Latacunga;De 15-19;1.506
Cotopaxi;Latacunga;De 20-24;1.416
Cotopaxi;Latacunga;De 25-29;1.296
Cotopaxi;Latacunga;De 30-34;1.091
Cotopaxi;Latacunga;De 35-39;1.073
Cotopaxi;Latacunga;De 40-44;1.032
Cotopaxi;Latacunga;De 45-49;880
Cotopaxi;Latacunga;De 50-54;693
Cotopaxi;Latacunga;De 55-59;564
Cotopaxi;Latacunga;De 60-64;479
Cotopaxi;Latacunga;De 65-69;382
Cotopaxi;Latacunga;De 70-74;298
Cotopaxi;Latacunga;De 75-79;287
Cotopaxi;Latacunga;De 80-84;194
Cotopaxi;Latacunga;85 o más;189
Cotopaxi;Latacunga;Total Toacaso;11.037
Cotopaxi;Latacunga;De 0-4;975
Cotopaxi;Latacunga;De 5-9;1.071
Cotopaxi;Latacunga;De 10-14;1.170
Cotopaxi;Latacunga;De 15-19;1.294
Cotopaxi;Latacunga;De 20-24;1.038
Cotopaxi;Latacunga;De 25-29;851
Cotopaxi;Latacunga;De 30-34;715
Cotopaxi;Latacunga;De 35-39;645
Cotopaxi;Latacunga;De 40-44;611
Cotopaxi;Latacunga;De 45-49;536
Cotopaxi;Latacunga;De 50-54;455
Cotopaxi;Latacunga;De 55-59;400
Cotopaxi;Latacunga;De 60-64;335
Cotopaxi;Latacunga;De 65-69;262
Cotopaxi;Latacunga;De 70-74;221
Cotopaxi;Latacunga;De 75-79;196
Cotopaxi;Latacunga;De 80-84;162
Cotopaxi;Latacunga;85 o más;100
Cotopaxi;La Maná;Total La Maná;53.793
Cotopaxi;La Maná;De 0-4;4.798
Cotopaxi;La Maná;De 5-9;4.996
Cotopaxi;La Maná;De 10-14;5.719
Cotopaxi;La Maná;De 15-19;5.391
Cotopaxi;La Maná;De 20-24;5.081
Cotopaxi;La Maná;De 25-29;4.350
Cotopaxi;La Maná;De 30-34;3.916
Cotopaxi;La Maná;De 35-39;3.893
Cotopaxi;La Maná;De 40-44;3.358
Cotopaxi;La Maná;De 45-49;2.788
Cotopaxi;La Maná;De 50-54;2.427
Cotopaxi;La Maná;De 55-59;2.005
Cotopaxi;La Maná;De 60-64;1.523
Cotopaxi;La Maná;De 65-69;1.215
Cotopaxi;La Maná;De 70-74;843
Cotopaxi;La Maná;De 75-79;654
Cotopaxi;La Maná;De 80-84;437
Cotopaxi;La Maná;85 o más;399
Cotopaxi;La Maná;Total La Maná;47.967
Cotopaxi;La Maná;De 0-4;4.395
Cotopaxi;La Maná;De 5-9;4.559
Cotopaxi;La Maná;De 10-14;5.134
Cotopaxi;La Maná;De 15-19;4.778
Cotopaxi;La Maná;De 20-24;4.542
Cotopaxi;La Maná;De 25-29;3.943
Cotopaxi;La Maná;De 30-34;3.556
Cotopaxi;La Maná;De 35-39;3.537
Cotopaxi;La Maná;De 40-44;3.017
Cotopaxi;La Maná;De 45-49;2.486
Cotopaxi;La Maná;De 50-54;2.139
Cotopaxi;La Maná;De 55-59;1.742
Cotopaxi;La Maná;De 60-64;1.279
Cotopaxi;La Maná;De 65-69;1.002
Cotopaxi;La Maná;De 70-74;691
Cotopaxi;La Maná;De 75-79;522
Cotopaxi;La Maná;De 80-84;333
Cotopaxi;La Maná;85 o más;312
Cotopaxi;La Maná;Total Guasaganda;3.866
Cotopaxi;La Maná;De 0-4;289
Cotopaxi;La Maná;De 5-9;304
Cotopaxi;La Maná;De 10-14;393
Cotopaxi;La Maná;De 15-19;426
Cotopaxi;La Maná;De 20-24;390
Cotopaxi;La Maná;De 25-29;283
Cotopaxi;La Maná;De 30-34;243
Cotopaxi;La Maná;De 35-39;231
Cotopaxi;La Maná;De 40-44;217
Cotopaxi;La Maná;De 45-49;184
Cotopaxi;La Maná;De 50-54;190
Cotopaxi;La Maná;De 55-59;160
Cotopaxi;La Maná;De 60-64;165
Cotopaxi;La Maná;De 65-69;118
Cotopaxi;La Maná;De 70-74;90
Cotopaxi;La Maná;De 75-79;76
Cotopaxi;La Maná;De 80-84;60
Cotopaxi;La Maná;85 o más;47
Cotopaxi;La Maná;Total Pucayacu;1.960
Cotopaxi;La Maná;De 0-4;114
Cotopaxi;La Maná;De 5-9;133
Cotopaxi;La Maná;De 10-14;192
Cotopaxi;La Maná;De 15-19;187
Cotopaxi;La Maná;De 20-24;149
Cotopaxi;La Maná;De 25-29;124
Cotopaxi;La Maná;De 30-34;117
Cotopaxi;La Maná;De 35-39;125
Cotopaxi;La Maná;De 40-44;124
Cotopaxi;La Maná;De 45-49;118
Cotopaxi;La Maná;De 50-54;98
Cotopaxi;La Maná;De 55-59;103
Cotopaxi;La Maná;De 60-64;79
Cotopaxi;La Maná;De 65-69;95
Cotopaxi;La Maná;De 70-74;62
Cotopaxi;La Maná;De 75-79;56
Cotopaxi;La Maná;De 80-84;44
Cotopaxi;La Maná;85 o más;40
Cotopaxi;Pangua;Total Pangua;21.867
Cotopaxi;Pangua;De 0-4;1.682
Cotopaxi;Pangua;De 5-9;1.600
Cotopaxi;Pangua;De 10-14;2.188
Cotopaxi;Pangua;De 15-19;2.259
Cotopaxi;Pangua;De 20-24;1.772
Cotopaxi;Pangua;De 25-29;1.483
Cotopaxi;Pangua;De 30-34;1.346
Cotopaxi;Pangua;De 35-39;1.374
Cotopaxi;Pangua;De 40-44;1.373
Cotopaxi;Pangua;De 45-49;1.218
Cotopaxi;Pangua;De 50-54;1.116
Cotopaxi;Pangua;De 55-59;1.035
Cotopaxi;Pangua;De 60-64;878
Cotopaxi;Pangua;De 65-69;739
Cotopaxi;Pangua;De 70-74;616
Cotopaxi;Pangua;De 75-79;531
Cotopaxi;Pangua;De 80-84;356
Cotopaxi;Pangua;85 o más;301
Cotopaxi;Pangua;Total El Corazón;5.529
Cotopaxi;Pangua;De 0-4;423
Cotopaxi;Pangua;De 5-9;395
Cotopaxi;Pangua;De 10-14;541
Cotopaxi;Pangua;De 15-19;579
Cotopaxi;Pangua;De 20-24;415
Cotopaxi;Pangua;De 25-29;352
Cotopaxi;Pangua;De 30-34;309
Cotopaxi;Pangua;De 35-39;317
Cotopaxi;Pangua;De 40-44;338
Cotopaxi;Pangua;De 45-49;311
Cotopaxi;Pangua;De 50-54;256
Cotopaxi;Pangua;De 55-59;289
Cotopaxi;Pangua;De 60-64;268
Cotopaxi;Pangua;De 65-69;206
Cotopaxi;Pangua;De 70-74;155
Cotopaxi;Pangua;De 75-79;149
Cotopaxi;Pangua;De 80-84;113
Cotopaxi;Pangua;85 o más;113
Cotopaxi;Pangua;Total Moraspungo;13.884
Cotopaxi;Pangua;De 0-4;1.096
Cotopaxi;Pangua;De 5-9;1.033
Cotopaxi;Pangua;De 10-14;1.399
Cotopaxi;Pangua;De 15-19;1.386
Cotopaxi;Pangua;De 20-24;1.180
Cotopaxi;Pangua;De 25-29;980
Cotopaxi;Pangua;De 30-34;909
Cotopaxi;Pangua;De 35-39;892
Cotopaxi;Pangua;De 40-44;887
Cotopaxi;Pangua;De 45-49;791
Cotopaxi;Pangua;De 50-54;732
Cotopaxi;Pangua;De 55-59;613
Cotopaxi;Pangua;De 60-64;493
Cotopaxi;Pangua;De 65-69;449
Cotopaxi;Pangua;De 70-74;383
Cotopaxi;Pangua;De 75-79;305
Cotopaxi;Pangua;De 80-84;204
Cotopaxi;Pangua;85 o más;152
Cotopaxi;Pangua;Total Pinllopata;692
Cotopaxi;Pangua;De 0-4;44
Cotopaxi;Pangua;De 5-9;53
Cotopaxi;Pangua;De 10-14;85
Cotopaxi;Pangua;De 15-19;75
Cotopaxi;Pangua;De 20-24;33
Cotopaxi;Pangua;De 25-29;37
Cotopaxi;Pangua;De 30-34;33
Cotopaxi;Pangua;De 35-39;36
Cotopaxi;Pangua;De 40-44;37
Cotopaxi;Pangua;De 45-49;38
Cotopaxi;Pangua;De 50-54;45
Cotopaxi;Pangua;De 55-59;32
Cotopaxi;Pangua;De 60-64;37
Cotopaxi;Pangua;De 65-69;27
Cotopaxi;Pangua;De 70-74;28
Cotopaxi;Pangua;De 75-79;24
Cotopaxi;Pangua;De 80-84;12
Cotopaxi;Pangua;85 o más;16
Cotopaxi;Pangua;Total Ramón Campaña;1.762
Cotopaxi;Pangua;De 0-4;119
Cotopaxi;Pangua;De 5-9;119
Cotopaxi;Pangua;De 10-14;163
Cotopaxi;Pangua;De 15-19;219
Cotopaxi;Pangua;De 20-24;144
Cotopaxi;Pangua;De 25-29;114
Cotopaxi;Pangua;De 30-34;95
Cotopaxi;Pangua;De 35-39;129
Cotopaxi;Pangua;De 40-44;111
Cotopaxi;Pangua;De 45-49;78
Cotopaxi;Pangua;De 50-54;83
Cotopaxi;Pangua;De 55-59;101
Cotopaxi;Pangua;De 60-64;80
Cotopaxi;Pangua;De 65-69;57
Cotopaxi;Pangua;De 70-74;50
Cotopaxi;Pangua;De 75-79;53
Cotopaxi;Pangua;De 80-84;27
Cotopaxi;Pangua;85 o más;20
Cotopaxi;Pujilí;Total Pujilí;66.980
Cotopaxi;Pujilí;De 0-4;4.968
Cotopaxi;Pujilí;De 5-9;5.797
Cotopaxi;Pujilí;De 10-14;6.797
Cotopaxi;Pujilí;De 15-19;7.312
Cotopaxi;Pujilí;De 20-24;5.935
Cotopaxi;Pujilí;De 25-29;4.910
Cotopaxi;Pujilí;De 30-34;4.370
Cotopaxi;Pujilí;De 35-39;4.118
Cotopaxi;Pujilí;De 40-44;3.808
Cotopaxi;Pujilí;De 45-49;3.257
Cotopaxi;Pujilí;De 50-54;3.022
Cotopaxi;Pujilí;De 55-59;2.741
Cotopaxi;Pujilí;De 60-64;2.409
Cotopaxi;Pujilí;De 65-69;2.209
Cotopaxi;Pujilí;De 70-74;1.823
Cotopaxi;Pujilí;De 75-79;1.517
Cotopaxi;Pujilí;De 80-84;1.082
Cotopaxi;Pujilí;85 o más;905
Cotopaxi;Pujilí;Total Pujilí;42.614
Cotopaxi;Pujilí;De 0-4;3.280
Cotopaxi;Pujilí;De 5-9;3.729
Cotopaxi;Pujilí;De 10-14;4.102
Cotopaxi;Pujilí;De 15-19;4.410
Cotopaxi;Pujilí;De 20-24;4.030
Cotopaxi;Pujilí;De 25-29;3.533
Cotopaxi;Pujilí;De 30-34;3.133
Cotopaxi;Pujilí;De 35-39;2.980
Cotopaxi;Pujilí;De 40-44;2.560
Cotopaxi;Pujilí;De 45-49;2.073
Cotopaxi;Pujilí;De 50-54;1.822
Cotopaxi;Pujilí;De 55-59;1.556
Cotopaxi;Pujilí;De 60-64;1.273
Cotopaxi;Pujilí;De 65-69;1.197
Cotopaxi;Pujilí;De 70-74;1.012
Cotopaxi;Pujilí;De 75-79;797
Cotopaxi;Pujilí;De 80-84;615
Cotopaxi;Pujilí;85 o más;512
Cotopaxi;Pujilí;Total Angamarca;3.802
Cotopaxi;Pujilí;De 0-4;292
Cotopaxi;Pujilí;De 5-9;391
Cotopaxi;Pujilí;De 10-14;505
Cotopaxi;Pujilí;De 15-19;448
Cotopaxi;Pujilí;De 20-24;217
Cotopaxi;Pujilí;De 25-29;174
Cotopaxi;Pujilí;De 30-34;174
Cotopaxi;Pujilí;De 35-39;171
Cotopaxi;Pujilí;De 40-44;189
Cotopaxi;Pujilí;De 45-49;177
Cotopaxi;Pujilí;De 50-54;156
Cotopaxi;Pujilí;De 55-59;175
Cotopaxi;Pujilí;De 60-64;162
Cotopaxi;Pujilí;De 65-69;158
Cotopaxi;Pujilí;De 70-74;130
Cotopaxi;Pujilí;De 75-79;138
Cotopaxi;Pujilí;De 80-84;72
Cotopaxi;Pujilí;85 o más;73
Cotopaxi;Pujilí;Total Guangaje;4.113
Cotopaxi;Pujilí;De 0-4;244
Cotopaxi;Pujilí;De 5-9;350
Cotopaxi;Pujilí;De 10-14;500
Cotopaxi;Pujilí;De 15-19;537
Cotopaxi;Pujilí;De 20-24;325
Cotopaxi;Pujilí;De 25-29;169
Cotopaxi;Pujilí;De 30-34;158
Cotopaxi;Pujilí;De 35-39;117
Cotopaxi;Pujilí;De 40-44;169
Cotopaxi;Pujilí;De 45-49;174
Cotopaxi;Pujilí;De 50-54;210
Cotopaxi;Pujilí;De 55-59;241
Cotopaxi;Pujilí;De 60-64;254
Cotopaxi;Pujilí;De 65-69;223
Cotopaxi;Pujilí;De 70-74;159
Cotopaxi;Pujilí;De 75-79;144
Cotopaxi;Pujilí;De 80-84;90
Cotopaxi;Pujilí;85 o más;49
Cotopaxi;Pujilí;Total La Victoria;3.561
Cotopaxi;Pujilí;De 0-4;274
Cotopaxi;Pujilí;De 5-9;286
Cotopaxi;Pujilí;De 10-14;294
Cotopaxi;Pujilí;De 15-19;330
Cotopaxi;Pujilí;De 20-24;307
Cotopaxi;Pujilí;De 25-29;299
Cotopaxi;Pujilí;De 30-34;266
Cotopaxi;Pujilí;De 35-39;238
Cotopaxi;Pujilí;De 40-44;232
Cotopaxi;Pujilí;De 45-49;177
Cotopaxi;Pujilí;De 50-54;164
Cotopaxi;Pujilí;De 55-59;153
Cotopaxi;Pujilí;De 60-64;123
Cotopaxi;Pujilí;De 65-69;105
Cotopaxi;Pujilí;De 70-74;90
Cotopaxi;Pujilí;De 75-79;94
Cotopaxi;Pujilí;De 80-84;65
Cotopaxi;Pujilí;85 o más;64
Cotopaxi;Pujilí;Total Pilaló;1.916
Cotopaxi;Pujilí;De 0-4;134
Cotopaxi;Pujilí;De 5-9;161
Cotopaxi;Pujilí;De 10-14;233
Cotopaxi;Pujilí;De 15-19;275
Cotopaxi;Pujilí;De 20-24;121
Cotopaxi;Pujilí;De 25-29;100
Cotopaxi;Pujilí;De 30-34;96
Cotopaxi;Pujilí;De 35-39;113
Cotopaxi;Pujilí;De 40-44;101
Cotopaxi;Pujilí;De 45-49;93
Cotopaxi;Pujilí;De 50-54;96
Cotopaxi;Pujilí;De 55-59;78
Cotopaxi;Pujilí;De 60-64;83
Cotopaxi;Pujilí;De 65-69;71
Cotopaxi;Pujilí;De 70-74;57
Cotopaxi;Pujilí;De 75-79;43
Cotopaxi;Pujilí;De 80-84;35
Cotopaxi;Pujilí;85 o más;26
Cotopaxi;Pujilí;Total Tingo;4.026
Cotopaxi;Pujilí;De 0-4;312
Cotopaxi;Pujilí;De 5-9;356
Cotopaxi;Pujilí;De 10-14;375
Cotopaxi;Pujilí;De 15-19;386
Cotopaxi;Pujilí;De 20-24;355
Cotopaxi;Pujilí;De 25-29;302
Cotopaxi;Pujilí;De 30-34;243
Cotopaxi;Pujilí;De 35-39;226
Cotopaxi;Pujilí;De 40-44;204
Cotopaxi;Pujilí;De 45-49;222
Cotopaxi;Pujilí;De 50-54;200
Cotopaxi;Pujilí;De 55-59;176
Cotopaxi;Pujilí;De 60-64;167
Cotopaxi;Pujilí;De 65-69;139
Cotopaxi;Pujilí;De 70-74;108
Cotopaxi;Pujilí;De 75-79;107
Cotopaxi;Pujilí;De 80-84;73
Cotopaxi;Pujilí;85 o más;75
Cotopaxi;Pujilí;Total Zumbahua;6.948
Cotopaxi;Pujilí;De 0-4;432
Cotopaxi;Pujilí;De 5-9;524
Cotopaxi;Pujilí;De 10-14;788
Cotopaxi;Pujilí;De 15-19;926
Cotopaxi;Pujilí;De 20-24;580
Cotopaxi;Pujilí;De 25-29;333
Cotopaxi;Pujilí;De 30-34;300
Cotopaxi;Pujilí;De 35-39;273
Cotopaxi;Pujilí;De 40-44;353
Cotopaxi;Pujilí;De 45-49;341
Cotopaxi;Pujilí;De 50-54;374
Cotopaxi;Pujilí;De 55-59;362
Cotopaxi;Pujilí;De 60-64;347
Cotopaxi;Pujilí;De 65-69;316
Cotopaxi;Pujilí;De 70-74;267
Cotopaxi;Pujilí;De 75-79;194
Cotopaxi;Pujilí;De 80-84;132
Cotopaxi;Pujilí;85 o más;106
Cotopaxi;Salcedo;Total Salcedo;67.493
Cotopaxi;Salcedo;De 0-4;4.605
Cotopaxi;Salcedo;De 5-9;5.566
Cotopaxi;Salcedo;De 10-14;5.872
Cotopaxi;Salcedo;De 15-19;6.010
Cotopaxi;Salcedo;De 20-24;5.769
Cotopaxi;Salcedo;De 25-29;5.443
Cotopaxi;Salcedo;De 30-34;4.987
Cotopaxi;Salcedo;De 35-39;4.947
Cotopaxi;Salcedo;De 40-44;4.394
Cotopaxi;Salcedo;De 45-49;3.883
Cotopaxi;Salcedo;De 50-54;3.292
Cotopaxi;Salcedo;De 55-59;2.971
Cotopaxi;Salcedo;De 60-64;2.469
Cotopaxi;Salcedo;De 65-69;2.192
Cotopaxi;Salcedo;De 70-74;1.799
Cotopaxi;Salcedo;De 75-79;1.357
Cotopaxi;Salcedo;De 80-84;1.014
Cotopaxi;Salcedo;85 o más;923
Cotopaxi;Salcedo;Total San Miguel;39.101
Cotopaxi;Salcedo;De 0-4;2.677
Cotopaxi;Salcedo;De 5-9;3.228
Cotopaxi;Salcedo;De 10-14;3.414
Cotopaxi;Salcedo;De 15-19;3.339
Cotopaxi;Salcedo;De 20-24;3.400
Cotopaxi;Salcedo;De 25-29;3.393
Cotopaxi;Salcedo;De 30-34;3.064
Cotopaxi;Salcedo;De 35-39;3.002
Cotopaxi;Salcedo;De 40-44;2.571
Cotopaxi;Salcedo;De 45-49;2.274
Cotopaxi;Salcedo;De 50-54;1.887
Cotopaxi;Salcedo;De 55-59;1.742
Cotopaxi;Salcedo;De 60-64;1.389
Cotopaxi;Salcedo;De 65-69;1.162
Cotopaxi;Salcedo;De 70-74;951
Cotopaxi;Salcedo;De 75-79;660
Cotopaxi;Salcedo;De 80-84;508
Cotopaxi;Salcedo;85 o más;440
Cotopaxi;Salcedo;Total Antonio José Holguín;3.431
Cotopaxi;Salcedo;De 0-4;250
Cotopaxi;Salcedo;De 5-9;280
Cotopaxi;Salcedo;De 10-14;291
Cotopaxi;Salcedo;De 15-19;301
Cotopaxi;Salcedo;De 20-24;271
Cotopaxi;Salcedo;De 25-29;223
Cotopaxi;Salcedo;De 30-34;242
Cotopaxi;Salcedo;De 35-39;236
Cotopaxi;Salcedo;De 40-44;226
Cotopaxi;Salcedo;De 45-49;217
Cotopaxi;Salcedo;De 50-54;182
Cotopaxi;Salcedo;De 55-59;138
Cotopaxi;Salcedo;De 60-64;125
Cotopaxi;Salcedo;De 65-69;111
Cotopaxi;Salcedo;De 70-74;120
Cotopaxi;Salcedo;De 75-79;104
Cotopaxi;Salcedo;De 80-84;56
Cotopaxi;Salcedo;85 o más;58
Cotopaxi;Salcedo;Total Cusubamba;5.949
Cotopaxi;Salcedo;De 0-4;380
Cotopaxi;Salcedo;De 5-9;446
Cotopaxi;Salcedo;De 10-14;511
Cotopaxi;Salcedo;De 15-19;666
Cotopaxi;Salcedo;De 20-24;515
Cotopaxi;Salcedo;De 25-29;360
Cotopaxi;Salcedo;De 30-34;337
Cotopaxi;Salcedo;De 35-39;362
Cotopaxi;Salcedo;De 40-44;354
Cotopaxi;Salcedo;De 45-49;343
Cotopaxi;Salcedo;De 50-54;315
Cotopaxi;Salcedo;De 55-59;284
Cotopaxi;Salcedo;De 60-64;240
Cotopaxi;Salcedo;De 65-69;233
Cotopaxi;Salcedo;De 70-74;199
Cotopaxi;Salcedo;De 75-79;185
Cotopaxi;Salcedo;De 80-84;129
Cotopaxi;Salcedo;85 o más;90
Cotopaxi;Salcedo;Total Mulalillo;7.254
Cotopaxi;Salcedo;De 0-4;582
Cotopaxi;Salcedo;De 5-9;651
Cotopaxi;Salcedo;De 10-14;636
Cotopaxi;Salcedo;De 15-19;688
Cotopaxi;Salcedo;De 20-24;668
Cotopaxi;Salcedo;De 25-29;558
Cotopaxi;Salcedo;De 30-34;542
Cotopaxi;Salcedo;De 35-39;515
Cotopaxi;Salcedo;De 40-44;432
Cotopaxi;Salcedo;De 45-49;368
Cotopaxi;Salcedo;De 50-54;316
Cotopaxi;Salcedo;De 55-59;259
Cotopaxi;Salcedo;De 60-64;247
Cotopaxi;Salcedo;De 65-69;234
Cotopaxi;Salcedo;De 70-74;186
Cotopaxi;Salcedo;De 75-79;134
Cotopaxi;Salcedo;De 80-84;127
Cotopaxi;Salcedo;85 o más;111
Cotopaxi;Salcedo;Total Mulliquindil;7.632
Cotopaxi;Salcedo;De 0-4;465
Cotopaxi;Salcedo;De 5-9;611
Cotopaxi;Salcedo;De 10-14;593
Cotopaxi;Salcedo;De 15-19;640
Cotopaxi;Salcedo;De 20-24;590
Cotopaxi;Salcedo;De 25-29;579
Cotopaxi;Salcedo;De 30-34;549
Cotopaxi;Salcedo;De 35-39;558
Cotopaxi;Salcedo;De 40-44;507
Cotopaxi;Salcedo;De 45-49;443
Cotopaxi;Salcedo;De 50-54;397
Cotopaxi;Salcedo;De 55-59;392
Cotopaxi;Salcedo;De 60-64;311
Cotopaxi;Salcedo;De 65-69;311
Cotopaxi;Salcedo;De 70-74;223
Cotopaxi;Salcedo;De 75-79;186
Cotopaxi;Salcedo;De 80-84;129
Cotopaxi;Salcedo;85 o más;148
Cotopaxi;Salcedo;Total Pansaleo;4.126
Cotopaxi;Salcedo;De 0-4;251
Cotopaxi;Salcedo;De 5-9;350
Cotopaxi;Salcedo;De 10-14;427
Cotopaxi;Salcedo;De 15-19;376
Cotopaxi;Salcedo;De 20-24;325
Cotopaxi;Salcedo;De 25-29;330
Cotopaxi;Salcedo;De 30-34;253
Cotopaxi;Salcedo;De 35-39;274
Cotopaxi;Salcedo;De 40-44;304
Cotopaxi;Salcedo;De 45-49;238
Cotopaxi;Salcedo;De 50-54;195
Cotopaxi;Salcedo;De 55-59;156
Cotopaxi;Salcedo;De 60-64;157
Cotopaxi;Salcedo;De 65-69;141
Cotopaxi;Salcedo;De 70-74;120
Cotopaxi;Salcedo;De 75-79;88
Cotopaxi;Salcedo;De 80-84;65
Cotopaxi;Salcedo;85 o más;76
Cotopaxi;Saquisilí;Total Saquisilí;24.356
Cotopaxi;Saquisilí;De 0-4;1.973
Cotopaxi;Saquisilí;De 5-9;2.081
Cotopaxi;Saquisilí;De 10-14;2.444
Cotopaxi;Saquisilí;De 15-19;2.699
Cotopaxi;Saquisilí;De 20-24;2.185
Cotopaxi;Saquisilí;De 25-29;1.919
Cotopaxi;Saquisilí;De 30-34;1.683
Cotopaxi;Saquisilí;De 35-39;1.631
Cotopaxi;Saquisilí;De 40-44;1.479
Cotopaxi;Saquisilí;De 45-49;1.276
Cotopaxi;Saquisilí;De 50-54;1.043
Cotopaxi;Saquisilí;De 55-59;925
Cotopaxi;Saquisilí;De 60-64;831
Cotopaxi;Saquisilí;De 65-69;674
Cotopaxi;Saquisilí;De 70-74;516
Cotopaxi;Saquisilí;De 75-79;421
Cotopaxi;Saquisilí;De 80-84;280
Cotopaxi;Saquisilí;85 o más;296
Cotopaxi;Saquisilí;Total Saquisilí;16.163
Cotopaxi;Saquisilí;De 0-4;1.344
Cotopaxi;Saquisilí;De 5-9;1.417
Cotopaxi;Saquisilí;De 10-14;1.552
Cotopaxi;Saquisilí;De 15-19;1.615
Cotopaxi;Saquisilí;De 20-24;1.431
Cotopaxi;Saquisilí;De 25-29;1.403
Cotopaxi;Saquisilí;De 30-34;1.240
Cotopaxi;Saquisilí;De 35-39;1.090
Cotopaxi;Saquisilí;De 40-44;1.002
Cotopaxi;Saquisilí;De 45-49;854
Cotopaxi;Saquisilí;De 50-54;698
Cotopaxi;Saquisilí;De 55-59;583
Cotopaxi;Saquisilí;De 60-64;514
Cotopaxi;Saquisilí;De 65-69;434
Cotopaxi;Saquisilí;De 70-74;340
Cotopaxi;Saquisilí;De 75-79;272
Cotopaxi;Saquisilí;De 80-84;170
Cotopaxi;Saquisilí;85 o más;204
Cotopaxi;Saquisilí;Total Canchagua;3.510
Cotopaxi;Saquisilí;De 0-4;228
Cotopaxi;Saquisilí;De 5-9;247
Cotopaxi;Saquisilí;De 10-14;363
Cotopaxi;Saquisilí;De 15-19;438
Cotopaxi;Saquisilí;De 20-24;340
Cotopaxi;Saquisilí;De 25-29;219
Cotopaxi;Saquisilí;De 30-34;216
Cotopaxi;Saquisilí;De 35-39;255
Cotopaxi;Saquisilí;De 40-44;219
Cotopaxi;Saquisilí;De 45-49;179
Cotopaxi;Saquisilí;De 50-54;152
Cotopaxi;Saquisilí;De 55-59;147
Cotopaxi;Saquisilí;De 60-64;144
Cotopaxi;Saquisilí;De 65-69;98
Cotopaxi;Saquisilí;De 70-74;92
Cotopaxi;Saquisilí;De 75-79;75
Cotopaxi;Saquisilí;De 80-84;50
Cotopaxi;Saquisilí;85 o más;48
Cotopaxi;Saquisilí;Total Chantilín;2.129
Cotopaxi;Saquisilí;De 0-4;210
Cotopaxi;Saquisilí;De 5-9;187
Cotopaxi;Saquisilí;De 10-14;248
Cotopaxi;Saquisilí;De 15-19;286
Cotopaxi;Saquisilí;De 20-24;194
Cotopaxi;Saquisilí;De 25-29;167
Cotopaxi;Saquisilí;De 30-34;143
Cotopaxi;Saquisilí;De 35-39;147
Cotopaxi;Saquisilí;De 40-44;135
Cotopaxi;Saquisilí;De 45-49;87
Cotopaxi;Saquisilí;De 50-54;69
Cotopaxi;Saquisilí;De 55-59;58
Cotopaxi;Saquisilí;De 60-64;54
Cotopaxi;Saquisilí;De 65-69;53
Cotopaxi;Saquisilí;De 70-74;25
Cotopaxi;Saquisilí;De 75-79;17
Cotopaxi;Saquisilí;De 80-84;23
Cotopaxi;Saquisilí;85 o más;26
Cotopaxi;Saquisilí;Total Cochapamba;2.554
Cotopaxi;Saquisilí;De 0-4;191
Cotopaxi;Saquisilí;De 5-9;230
Cotopaxi;Saquisilí;De 10-14;281
Cotopaxi;Saquisilí;De 15-19;360
Cotopaxi;Saquisilí;De 20-24;220
Cotopaxi;Saquisilí;De 25-29;130
Cotopaxi;Saquisilí;De 30-34;84
Cotopaxi;Saquisilí;De 35-39;139
Cotopaxi;Saquisilí;De 40-44;123
Cotopaxi;Saquisilí;De 45-49;156
Cotopaxi;Saquisilí;De 50-54;124
Cotopaxi;Saquisilí;De 55-59;137
Cotopaxi;Saquisilí;De 60-64;119
Cotopaxi;Saquisilí;De 65-69;89
Cotopaxi;Saquisilí;De 70-74;59
Cotopaxi;Saquisilí;De 75-79;57
Cotopaxi;Saquisilí;De 80-84;37
Cotopaxi;Saquisilí;85 o más;18
Cotopaxi;Sigchos;Total Sigchos;18.460
Cotopaxi;Sigchos;De 0-4;1.357
Cotopaxi;Sigchos;De 5-9;1.541
Cotopaxi;Sigchos;De 10-14;2.234
Cotopaxi;Sigchos;De 15-19;2.227
Cotopaxi;Sigchos;De 20-24;1.386
Cotopaxi;Sigchos;De 25-29;1.044
Cotopaxi;Sigchos;De 30-34;1.018
Cotopaxi;Sigchos;De 35-39;982
Cotopaxi;Sigchos;De 40-44;945
Cotopaxi;Sigchos;De 45-49;891
Cotopaxi;Sigchos;De 50-54;817
Cotopaxi;Sigchos;De 55-59;888
Cotopaxi;Sigchos;De 60-64;762
Cotopaxi;Sigchos;De 65-69;664
Cotopaxi;Sigchos;De 70-74;537
Cotopaxi;Sigchos;De 75-79;484
Cotopaxi;Sigchos;De 80-84;356
Cotopaxi;Sigchos;85 o más;327
Cotopaxi;Sigchos;Total Sigchos;7.560
Cotopaxi;Sigchos;De 0-4;546
Cotopaxi;Sigchos;De 5-9;615
Cotopaxi;Sigchos;De 10-14;830
Cotopaxi;Sigchos;De 15-19;784
Cotopaxi;Sigchos;De 20-24;555
Cotopaxi;Sigchos;De 25-29;470
Cotopaxi;Sigchos;De 30-34;460
Cotopaxi;Sigchos;De 35-39;421
Cotopaxi;Sigchos;De 40-44;375
Cotopaxi;Sigchos;De 45-49;366
Cotopaxi;Sigchos;De 50-54;320
Cotopaxi;Sigchos;De 55-59;380
Cotopaxi;Sigchos;De 60-64;357
Cotopaxi;Sigchos;De 65-69;296
Cotopaxi;Sigchos;De 70-74;244
Cotopaxi;Sigchos;De 75-79;222
Cotopaxi;Sigchos;De 80-84;152
Cotopaxi;Sigchos;85 o más;167
Cotopaxi;Sigchos;Total Chugchillán;6.075
Cotopaxi;Sigchos;De 0-4;529
Cotopaxi;Sigchos;De 5-9;577
Cotopaxi;Sigchos;De 10-14;873
Cotopaxi;Sigchos;De 15-19;916
Cotopaxi;Sigchos;De 20-24;473
Cotopaxi;Sigchos;De 25-29;320
Cotopaxi;Sigchos;De 30-34;299
Cotopaxi;Sigchos;De 35-39;310
Cotopaxi;Sigchos;De 40-44;314
Cotopaxi;Sigchos;De 45-49;274
Cotopaxi;Sigchos;De 50-54;219
Cotopaxi;Sigchos;De 55-59;236
Cotopaxi;Sigchos;De 60-64;180
Cotopaxi;Sigchos;De 65-69;178
Cotopaxi;Sigchos;De 70-74;140
Cotopaxi;Sigchos;De 75-79;104
Cotopaxi;Sigchos;De 80-84;80
Cotopaxi;Sigchos;85 o más;53
Cotopaxi;Sigchos;Total Isinlivi;1.945
Cotopaxi;Sigchos;De 0-4;102
Cotopaxi;Sigchos;De 5-9;129
Cotopaxi;Sigchos;De 10-14;223
Cotopaxi;Sigchos;De 15-19;230
Cotopaxi;Sigchos;De 20-24;138
Cotopaxi;Sigchos;De 25-29;74
Cotopaxi;Sigchos;De 30-34;59
Cotopaxi;Sigchos;De 35-39;77
Cotopaxi;Sigchos;De 40-44;88
Cotopaxi;Sigchos;De 45-49;89
Cotopaxi;Sigchos;De 50-54;112
Cotopaxi;Sigchos;De 55-59;126
Cotopaxi;Sigchos;De 60-64;102
Cotopaxi;Sigchos;De 65-69;98
Cotopaxi;Sigchos;De 70-74;82
Cotopaxi;Sigchos;De 75-79;81
Cotopaxi;Sigchos;De 80-84;74
Cotopaxi;Sigchos;85 o más;61
Cotopaxi;Sigchos;Total Las Pampas;1.850
Cotopaxi;Sigchos;De 0-4;114
Cotopaxi;Sigchos;De 5-9;141
Cotopaxi;Sigchos;De 10-14;209
Cotopaxi;Sigchos;De 15-19;182
Cotopaxi;Sigchos;De 20-24;150
Cotopaxi;Sigchos;De 25-29;123
Cotopaxi;Sigchos;De 30-34;111
Cotopaxi;Sigchos;De 35-39;114
Cotopaxi;Sigchos;De 40-44;108
Cotopaxi;Sigchos;De 45-49;108
Cotopaxi;Sigchos;De 50-54;110
Cotopaxi;Sigchos;De 55-59;94
Cotopaxi;Sigchos;De 60-64;80
Cotopaxi;Sigchos;De 65-69;58
Cotopaxi;Sigchos;De 70-74;52
Cotopaxi;Sigchos;De 75-79;38
Cotopaxi;Sigchos;De 80-84;29
Cotopaxi;Sigchos;85 o más;29
Cotopaxi;Sigchos;Total Palo Quemado;1.030
Cotopaxi;Sigchos;De 0-4;66
Cotopaxi;Sigchos;De 5-9;79
Cotopaxi;Sigchos;De 10-14;99
Cotopaxi;Sigchos;De 15-19;115
Cotopaxi;Sigchos;De 20-24;70
Cotopaxi;Sigchos;De 25-29;57
Cotopaxi;Sigchos;De 30-34;89
Cotopaxi;Sigchos;De 35-39;60
Cotopaxi;Sigchos;De 40-44;60
Cotopaxi;Sigchos;De 45-49;54
Cotopaxi;Sigchos;De 50-54;56
Cotopaxi;Sigchos;De 55-59;52
Cotopaxi;Sigchos;De 60-64;43
Cotopaxi;Sigchos;De 65-69;34
Cotopaxi;Sigchos;De 70-74;19
Cotopaxi;Sigchos;De 75-79;39
Cotopaxi;Sigchos;De 80-84;21
Cotopaxi;Sigchos;85 o más;17
Chimborazo;Total Chimborazo;Total Chimborazo;471.933
Chimborazo;Total Chimborazo;De 0-4;32.462
Chimborazo;Total Chimborazo;De 5-9;37.505
Chimborazo;Total Chimborazo;De 10-14;43.821
Chimborazo;Total Chimborazo;De 15-19;44.970
Chimborazo;Total Chimborazo;De 20-24;42.081
Chimborazo;Total Chimborazo;De 25-29;35.897
Chimborazo;Total Chimborazo;De 30-34;32.618
Chimborazo;Total Chimborazo;De 35-39;31.339
Chimborazo;Total Chimborazo;De 40-44;28.923
Chimborazo;Total Chimborazo;De 45-49;25.604
Chimborazo;Total Chimborazo;De 50-54;23.569
Chimborazo;Total Chimborazo;De 55-59;21.095
Chimborazo;Total Chimborazo;De 60-64;18.319
Chimborazo;Total Chimborazo;De 65-69;16.170
Chimborazo;Total Chimborazo;De 70-74;13.053
Chimborazo;Total Chimborazo;De 75-79;10.567
Chimborazo;Total Chimborazo;De 80-84;7.132
Chimborazo;Total Chimborazo;85 o más;6.808
Chimborazo;Riobamba;Total Riobamba;260.882
Chimborazo;Riobamba;De 0-4;16.792
Chimborazo;Riobamba;De 5-9;19.943
Chimborazo;Riobamba;De 10-14;22.201
Chimborazo;Riobamba;De 15-19;23.441
Chimborazo;Riobamba;De 20-24;25.041
Chimborazo;Riobamba;De 25-29;21.520
Chimborazo;Riobamba;De 30-34;19.411
Chimborazo;Riobamba;De 35-39;18.533
Chimborazo;Riobamba;De 40-44;16.890
Chimborazo;Riobamba;De 45-49;14.779
Chimborazo;Riobamba;De 50-54;13.534
Chimborazo;Riobamba;De 55-59;11.918
Chimborazo;Riobamba;De 60-64;10.090
Chimborazo;Riobamba;De 65-69;8.561
Chimborazo;Riobamba;De 70-74;6.612
Chimborazo;Riobamba;De 75-79;4.950
Chimborazo;Riobamba;De 80-84;3.337
Chimborazo;Riobamba;85 o más;3.329
Chimborazo;Riobamba;Total Riobamba;188.891
Chimborazo;Riobamba;De 0-4;11.723
Chimborazo;Riobamba;De 5-9;14.255
Chimborazo;Riobamba;De 10-14;15.569
Chimborazo;Riobamba;De 15-19;16.529
Chimborazo;Riobamba;De 20-24;18.963
Chimborazo;Riobamba;De 25-29;16.223
Chimborazo;Riobamba;De 30-34;14.641
Chimborazo;Riobamba;De 35-39;13.939
Chimborazo;Riobamba;De 40-44;12.689
Chimborazo;Riobamba;De 45-49;10.910
Chimborazo;Riobamba;De 50-54;9.967
Chimborazo;Riobamba;De 55-59;8.782
Chimborazo;Riobamba;De 60-64;7.187
Chimborazo;Riobamba;De 65-69;5.761
Chimborazo;Riobamba;De 70-74;4.301
Chimborazo;Riobamba;De 75-79;3.078
Chimborazo;Riobamba;De 80-84;2.138
Chimborazo;Riobamba;85 o más;2.236
Chimborazo;Riobamba;Total Cacha;2.362
Chimborazo;Riobamba;De 0-4;130
Chimborazo;Riobamba;De 5-9;124
Chimborazo;Riobamba;De 10-14;170
Chimborazo;Riobamba;De 15-19;176
Chimborazo;Riobamba;De 20-24;151
Chimborazo;Riobamba;De 25-29;125
Chimborazo;Riobamba;De 30-34;93
Chimborazo;Riobamba;De 35-39;101
Chimborazo;Riobamba;De 40-44;70
Chimborazo;Riobamba;De 45-49;105
Chimborazo;Riobamba;De 50-54;124
Chimborazo;Riobamba;De 55-59;121
Chimborazo;Riobamba;De 60-64;188
Chimborazo;Riobamba;De 65-69;185
Chimborazo;Riobamba;De 70-74;167
Chimborazo;Riobamba;De 75-79;149
Chimborazo;Riobamba;De 80-84;110
Chimborazo;Riobamba;85 o más;73
Chimborazo;Riobamba;Total Calpi;6.223
Chimborazo;Riobamba;De 0-4;386
Chimborazo;Riobamba;De 5-9;469
Chimborazo;Riobamba;De 10-14;530
Chimborazo;Riobamba;De 15-19;562
Chimborazo;Riobamba;De 20-24;490
Chimborazo;Riobamba;De 25-29;465
Chimborazo;Riobamba;De 30-34;406
Chimborazo;Riobamba;De 35-39;372
Chimborazo;Riobamba;De 40-44;371
Chimborazo;Riobamba;De 45-49;356
Chimborazo;Riobamba;De 50-54;330
Chimborazo;Riobamba;De 55-59;265
Chimborazo;Riobamba;De 60-64;280
Chimborazo;Riobamba;De 65-69;271
Chimborazo;Riobamba;De 70-74;233
Chimborazo;Riobamba;De 75-79;187
Chimborazo;Riobamba;De 80-84;130
Chimborazo;Riobamba;85 o más;120
Chimborazo;Riobamba;Total Cubijíes;3.264
Chimborazo;Riobamba;De 0-4;232
Chimborazo;Riobamba;De 5-9;270
Chimborazo;Riobamba;De 10-14;260
Chimborazo;Riobamba;De 15-19;313
Chimborazo;Riobamba;De 20-24;287
Chimborazo;Riobamba;De 25-29;290
Chimborazo;Riobamba;De 30-34;254
Chimborazo;Riobamba;De 35-39;203
Chimborazo;Riobamba;De 40-44;182
Chimborazo;Riobamba;De 45-49;192
Chimborazo;Riobamba;De 50-54;167
Chimborazo;Riobamba;De 55-59;139
Chimborazo;Riobamba;De 60-64;113
Chimborazo;Riobamba;De 65-69;98
Chimborazo;Riobamba;De 70-74;80
Chimborazo;Riobamba;De 75-79;73
Chimborazo;Riobamba;De 80-84;43
Chimborazo;Riobamba;85 o más;68
Chimborazo;Riobamba;Total Flores;2.733
Chimborazo;Riobamba;De 0-4;143
Chimborazo;Riobamba;De 5-9;123
Chimborazo;Riobamba;De 10-14;202
Chimborazo;Riobamba;De 15-19;200
Chimborazo;Riobamba;De 20-24;179
Chimborazo;Riobamba;De 25-29;106
Chimborazo;Riobamba;De 30-34;97
Chimborazo;Riobamba;De 35-39;109
Chimborazo;Riobamba;De 40-44;114
Chimborazo;Riobamba;De 45-49;129
Chimborazo;Riobamba;De 50-54;160
Chimborazo;Riobamba;De 55-59;158
Chimborazo;Riobamba;De 60-64;180
Chimborazo;Riobamba;De 65-69;225
Chimborazo;Riobamba;De 70-74;236
Chimborazo;Riobamba;De 75-79;171
Chimborazo;Riobamba;De 80-84;111
Chimborazo;Riobamba;85 o más;90
Chimborazo;Riobamba;Total Licán;11.726
Chimborazo;Riobamba;De 0-4;992
Chimborazo;Riobamba;De 5-9;1.128
Chimborazo;Riobamba;De 10-14;1.228
Chimborazo;Riobamba;De 15-19;1.184
Chimborazo;Riobamba;De 20-24;1.176
Chimborazo;Riobamba;De 25-29;1.022
Chimborazo;Riobamba;De 30-34;929
Chimborazo;Riobamba;De 35-39;825
Chimborazo;Riobamba;De 40-44;755
Chimborazo;Riobamba;De 45-49;625
Chimborazo;Riobamba;De 50-54;495
Chimborazo;Riobamba;De 55-59;379
Chimborazo;Riobamba;De 60-64;295
Chimborazo;Riobamba;De 65-69;217
Chimborazo;Riobamba;De 70-74;161
Chimborazo;Riobamba;De 75-79;128
Chimborazo;Riobamba;De 80-84;85
Chimborazo;Riobamba;85 o más;102
Chimborazo;Riobamba;Total Licto;6.778
Chimborazo;Riobamba;De 0-4;448
Chimborazo;Riobamba;De 5-9;501
Chimborazo;Riobamba;De 10-14;618
Chimborazo;Riobamba;De 15-19;706
Chimborazo;Riobamba;De 20-24;516
Chimborazo;Riobamba;De 25-29;431
Chimborazo;Riobamba;De 30-34;367
Chimborazo;Riobamba;De 35-39;363
Chimborazo;Riobamba;De 40-44;327
Chimborazo;Riobamba;De 45-49;348
Chimborazo;Riobamba;De 50-54;352
Chimborazo;Riobamba;De 55-59;325
Chimborazo;Riobamba;De 60-64;348
Chimborazo;Riobamba;De 65-69;345
Chimborazo;Riobamba;De 70-74;300
Chimborazo;Riobamba;De 75-79;212
Chimborazo;Riobamba;De 80-84;158
Chimborazo;Riobamba;85 o más;113
Chimborazo;Riobamba;Total Pungalá;3.925
Chimborazo;Riobamba;De 0-4;220
Chimborazo;Riobamba;De 5-9;229
Chimborazo;Riobamba;De 10-14;382
Chimborazo;Riobamba;De 15-19;389
Chimborazo;Riobamba;De 20-24;265
Chimborazo;Riobamba;De 25-29;158
Chimborazo;Riobamba;De 30-34;159
Chimborazo;Riobamba;De 35-39;165
Chimborazo;Riobamba;De 40-44;219
Chimborazo;Riobamba;De 45-49;234
Chimborazo;Riobamba;De 50-54;245
Chimborazo;Riobamba;De 55-59;262
Chimborazo;Riobamba;De 60-64;244
Chimborazo;Riobamba;De 65-69;266
Chimborazo;Riobamba;De 70-74;188
Chimborazo;Riobamba;De 75-79;143
Chimborazo;Riobamba;De 80-84;92
Chimborazo;Riobamba;85 o más;65
Chimborazo;Riobamba;Total Punín;4.682
Chimborazo;Riobamba;De 0-4;291
Chimborazo;Riobamba;De 5-9;330
Chimborazo;Riobamba;De 10-14;393
Chimborazo;Riobamba;De 15-19;445
Chimborazo;Riobamba;De 20-24;335
Chimborazo;Riobamba;De 25-29;289
Chimborazo;Riobamba;De 30-34;262
Chimborazo;Riobamba;De 35-39;254
Chimborazo;Riobamba;De 40-44;239
Chimborazo;Riobamba;De 45-49;215
Chimborazo;Riobamba;De 50-54;214
Chimborazo;Riobamba;De 55-59;255
Chimborazo;Riobamba;De 60-64;274
Chimborazo;Riobamba;De 65-69;252
Chimborazo;Riobamba;De 70-74;207
Chimborazo;Riobamba;De 75-79;210
Chimborazo;Riobamba;De 80-84;130
Chimborazo;Riobamba;85 o más;87
Chimborazo;Riobamba;Total Quimiag;4.479
Chimborazo;Riobamba;De 0-4;290
Chimborazo;Riobamba;De 5-9;331
Chimborazo;Riobamba;De 10-14;375
Chimborazo;Riobamba;De 15-19;373
Chimborazo;Riobamba;De 20-24;353
Chimborazo;Riobamba;De 25-29;302
Chimborazo;Riobamba;De 30-34;254
Chimborazo;Riobamba;De 35-39;261
Chimborazo;Riobamba;De 40-44;249
Chimborazo;Riobamba;De 45-49;226
Chimborazo;Riobamba;De 50-54;239
Chimborazo;Riobamba;De 55-59;204
Chimborazo;Riobamba;De 60-64;218
Chimborazo;Riobamba;De 65-69;235
Chimborazo;Riobamba;De 70-74;186
Chimborazo;Riobamba;De 75-79;164
Chimborazo;Riobamba;De 80-84;104
Chimborazo;Riobamba;85 o más;115
Chimborazo;Riobamba;Total San Juan;6.309
Chimborazo;Riobamba;De 0-4;461
Chimborazo;Riobamba;De 5-9;460
Chimborazo;Riobamba;De 10-14;591
Chimborazo;Riobamba;De 15-19;669
Chimborazo;Riobamba;De 20-24;541
Chimborazo;Riobamba;De 25-29;407
Chimborazo;Riobamba;De 30-34;353
Chimborazo;Riobamba;De 35-39;399
Chimborazo;Riobamba;De 40-44;330
Chimborazo;Riobamba;De 45-49;342
Chimborazo;Riobamba;De 50-54;325
Chimborazo;Riobamba;De 55-59;280
Chimborazo;Riobamba;De 60-64;222
Chimborazo;Riobamba;De 65-69;284
Chimborazo;Riobamba;De 70-74;238
Chimborazo;Riobamba;De 75-79;197
Chimborazo;Riobamba;De 80-84;104
Chimborazo;Riobamba;85 o más;106
Chimborazo;Riobamba;Total San Luis;19.510
Chimborazo;Riobamba;De 0-4;1.476
Chimborazo;Riobamba;De 5-9;1.723
Chimborazo;Riobamba;De 10-14;1.883
Chimborazo;Riobamba;De 15-19;1.895
Chimborazo;Riobamba;De 20-24;1.785
Chimborazo;Riobamba;De 25-29;1.702
Chimborazo;Riobamba;De 30-34;1.596
Chimborazo;Riobamba;De 35-39;1.542
Chimborazo;Riobamba;De 40-44;1.345
Chimborazo;Riobamba;De 45-49;1.097
Chimborazo;Riobamba;De 50-54;916
Chimborazo;Riobamba;De 55-59;748
Chimborazo;Riobamba;De 60-64;541
Chimborazo;Riobamba;De 65-69;422
Chimborazo;Riobamba;De 70-74;315
Chimborazo;Riobamba;De 75-79;238
Chimborazo;Riobamba;De 80-84;132
Chimborazo;Riobamba;85 o más;154
Chimborazo;Alausí;Total Alausí;37.275
Chimborazo;Alausí;De 0-4;2.999
Chimborazo;Alausí;De 5-9;3.277
Chimborazo;Alausí;De 10-14;4.328
Chimborazo;Alausí;De 15-19;4.018
Chimborazo;Alausí;De 20-24;2.864
Chimborazo;Alausí;De 25-29;2.298
Chimborazo;Alausí;De 30-34;2.230
Chimborazo;Alausí;De 35-39;2.079
Chimborazo;Alausí;De 40-44;1.863
Chimborazo;Alausí;De 45-49;1.720
Chimborazo;Alausí;De 50-54;1.649
Chimborazo;Alausí;De 55-59;1.568
Chimborazo;Alausí;De 60-64;1.449
Chimborazo;Alausí;De 65-69;1.400
Chimborazo;Alausí;De 70-74;1.178
Chimborazo;Alausí;De 75-79;1.034
Chimborazo;Alausí;De 80-84;680
Chimborazo;Alausí;85 o más;641
Chimborazo;Alausí;Total Alausí;10.303
Chimborazo;Alausí;De 0-4;866
Chimborazo;Alausí;De 5-9;921
Chimborazo;Alausí;De 10-14;1.161
Chimborazo;Alausí;De 15-19;994
Chimborazo;Alausí;De 20-24;821
Chimborazo;Alausí;De 25-29;747
Chimborazo;Alausí;De 30-34;740
Chimborazo;Alausí;De 35-39;634
Chimborazo;Alausí;De 40-44;543
Chimborazo;Alausí;De 45-49;457
Chimborazo;Alausí;De 50-54;448
Chimborazo;Alausí;De 55-59;411
Chimborazo;Alausí;De 60-64;350
Chimborazo;Alausí;De 65-69;348
Chimborazo;Alausí;De 70-74;287
Chimborazo;Alausí;De 75-79;244
Chimborazo;Alausí;De 80-84;160
Chimborazo;Alausí;85 o más;171
Chimborazo;Alausí;Total Achupallas;8.117
Chimborazo;Alausí;De 0-4;722
Chimborazo;Alausí;De 5-9;784
Chimborazo;Alausí;De 10-14;1.022
Chimborazo;Alausí;De 15-19;992
Chimborazo;Alausí;De 20-24;606
Chimborazo;Alausí;De 25-29;499
Chimborazo;Alausí;De 30-34;432
Chimborazo;Alausí;De 35-39;447
Chimborazo;Alausí;De 40-44;368
Chimborazo;Alausí;De 45-49;368
Chimborazo;Alausí;De 50-54;336
Chimborazo;Alausí;De 55-59;324
Chimborazo;Alausí;De 60-64;309
Chimborazo;Alausí;De 65-69;284
Chimborazo;Alausí;De 70-74;231
Chimborazo;Alausí;De 75-79;211
Chimborazo;Alausí;De 80-84;99
Chimborazo;Alausí;85 o más;83
Chimborazo;Alausí;Total Guasuntos;1.820
Chimborazo;Alausí;De 0-4;135
Chimborazo;Alausí;De 5-9;199
Chimborazo;Alausí;De 10-14;245
Chimborazo;Alausí;De 15-19;201
Chimborazo;Alausí;De 20-24;102
Chimborazo;Alausí;De 25-29;74
Chimborazo;Alausí;De 30-34;100
Chimborazo;Alausí;De 35-39;89
Chimborazo;Alausí;De 40-44;75
Chimborazo;Alausí;De 45-49;75
Chimborazo;Alausí;De 50-54;70
Chimborazo;Alausí;De 55-59;69
Chimborazo;Alausí;De 60-64;74
Chimborazo;Alausí;De 65-69;76
Chimborazo;Alausí;De 70-74;72
Chimborazo;Alausí;De 75-79;71
Chimborazo;Alausí;De 80-84;49
Chimborazo;Alausí;85 o más;44
Chimborazo;Alausí;Total Huigra;1.748
Chimborazo;Alausí;De 0-4;132
Chimborazo;Alausí;De 5-9;124
Chimborazo;Alausí;De 10-14;170
Chimborazo;Alausí;De 15-19;167
Chimborazo;Alausí;De 20-24;123
Chimborazo;Alausí;De 25-29;83
Chimborazo;Alausí;De 30-34;86
Chimborazo;Alausí;De 35-39;81
Chimborazo;Alausí;De 40-44;91
Chimborazo;Alausí;De 45-49;69
Chimborazo;Alausí;De 50-54;80
Chimborazo;Alausí;De 55-59;77
Chimborazo;Alausí;De 60-64;90
Chimborazo;Alausí;De 65-69;94
Chimborazo;Alausí;De 70-74;91
Chimborazo;Alausí;De 75-79;80
Chimborazo;Alausí;De 80-84;52
Chimborazo;Alausí;85 o más;58
Chimborazo;Alausí;Total Multitud;1.867
Chimborazo;Alausí;De 0-4;121
Chimborazo;Alausí;De 5-9;129
Chimborazo;Alausí;De 10-14;197
Chimborazo;Alausí;De 15-19;203
Chimborazo;Alausí;De 20-24;123
Chimborazo;Alausí;De 25-29;89
Chimborazo;Alausí;De 30-34;107
Chimborazo;Alausí;De 35-39;110
Chimborazo;Alausí;De 40-44;104
Chimborazo;Alausí;De 45-49;77
Chimborazo;Alausí;De 50-54;90
Chimborazo;Alausí;De 55-59;78
Chimborazo;Alausí;De 60-64;89
Chimborazo;Alausí;De 65-69;92
Chimborazo;Alausí;De 70-74;78
Chimborazo;Alausí;De 75-79;72
Chimborazo;Alausí;De 80-84;53
Chimborazo;Alausí;85 o más;55
Chimborazo;Alausí;Total Pistishi;257
Chimborazo;Alausí;De 0-4;22
Chimborazo;Alausí;De 5-9;16
Chimborazo;Alausí;De 10-14;31
Chimborazo;Alausí;De 15-19;23
Chimborazo;Alausí;De 20-24;24
Chimborazo;Alausí;De 25-29;22
Chimborazo;Alausí;De 30-34;14
Chimborazo;Alausí;De 35-39;10
Chimborazo;Alausí;De 40-44;10
Chimborazo;Alausí;De 45-49;11
Chimborazo;Alausí;De 50-54;13
Chimborazo;Alausí;De 55-59;10
Chimborazo;Alausí;De 60-64;16
Chimborazo;Alausí;De 65-69;11
Chimborazo;Alausí;De 70-74;4
Chimborazo;Alausí;De 75-79;5
Chimborazo;Alausí;De 80-84;8
Chimborazo;Alausí;85 o más;7
Chimborazo;Alausí;Total Pumallacta;588
Chimborazo;Alausí;De 0-4;37
Chimborazo;Alausí;De 5-9;32
Chimborazo;Alausí;De 10-14;54
Chimborazo;Alausí;De 15-19;64
Chimborazo;Alausí;De 20-24;45
Chimborazo;Alausí;De 25-29;19
Chimborazo;Alausí;De 30-34;23
Chimborazo;Alausí;De 35-39;16
Chimborazo;Alausí;De 40-44;23
Chimborazo;Alausí;De 45-49;23
Chimborazo;Alausí;De 50-54;34
Chimborazo;Alausí;De 55-59;46
Chimborazo;Alausí;De 60-64;39
Chimborazo;Alausí;De 65-69;31
Chimborazo;Alausí;De 70-74;31
Chimborazo;Alausí;De 75-79;22
Chimborazo;Alausí;De 80-84;26
Chimborazo;Alausí;85 o más;23
Chimborazo;Alausí;Total Sevilla;630
Chimborazo;Alausí;De 0-4;31
Chimborazo;Alausí;De 5-9;45
Chimborazo;Alausí;De 10-14;72
Chimborazo;Alausí;De 15-19;65
Chimborazo;Alausí;De 20-24;39
Chimborazo;Alausí;De 25-29;26
Chimborazo;Alausí;De 30-34;20
Chimborazo;Alausí;De 35-39;33
Chimborazo;Alausí;De 40-44;31
Chimborazo;Alausí;De 45-49;33
Chimborazo;Alausí;De 50-54;38
Chimborazo;Alausí;De 55-59;43
Chimborazo;Alausí;De 60-64;26
Chimborazo;Alausí;De 65-69;30
Chimborazo;Alausí;De 70-74;28
Chimborazo;Alausí;De 75-79;31
Chimborazo;Alausí;De 80-84;19
Chimborazo;Alausí;85 o más;20
Chimborazo;Alausí;Total Sibambe;3.412
Chimborazo;Alausí;De 0-4;252
Chimborazo;Alausí;De 5-9;239
Chimborazo;Alausí;De 10-14;320
Chimborazo;Alausí;De 15-19;308
Chimborazo;Alausí;De 20-24;241
Chimborazo;Alausí;De 25-29;195
Chimborazo;Alausí;De 30-34;180
Chimborazo;Alausí;De 35-39;189
Chimborazo;Alausí;De 40-44;144
Chimborazo;Alausí;De 45-49;164
Chimborazo;Alausí;De 50-54;166
Chimborazo;Alausí;De 55-59;165
Chimborazo;Alausí;De 60-64;165
Chimborazo;Alausí;De 65-69;167
Chimborazo;Alausí;De 70-74;155
Chimborazo;Alausí;De 75-79;150
Chimborazo;Alausí;De 80-84;107
Chimborazo;Alausí;85 o más;105
Chimborazo;Alausí;Total Tixán;8.533
Chimborazo;Alausí;De 0-4;681
Chimborazo;Alausí;De 5-9;788
Chimborazo;Alausí;De 10-14;1.056
Chimborazo;Alausí;De 15-19;1.001
Chimborazo;Alausí;De 20-24;740
Chimborazo;Alausí;De 25-29;544
Chimborazo;Alausí;De 30-34;528
Chimborazo;Alausí;De 35-39;470
Chimborazo;Alausí;De 40-44;474
Chimborazo;Alausí;De 45-49;443
Chimborazo;Alausí;De 50-54;374
Chimborazo;Alausí;De 55-59;345
Chimborazo;Alausí;De 60-64;291
Chimborazo;Alausí;De 65-69;267
Chimborazo;Alausí;De 70-74;201
Chimborazo;Alausí;De 75-79;148
Chimborazo;Alausí;De 80-84;107
Chimborazo;Alausí;85 o más;75
Chimborazo;Colta;Total Colta;30.468
Chimborazo;Colta;De 0-4;1.821
Chimborazo;Colta;De 5-9;1.987
Chimborazo;Colta;De 10-14;2.601
Chimborazo;Colta;De 15-19;2.809
Chimborazo;Colta;De 20-24;2.288
Chimborazo;Colta;De 25-29;1.785
Chimborazo;Colta;De 30-34;1.701
Chimborazo;Colta;De 35-39;1.620
Chimborazo;Colta;De 40-44;1.686
Chimborazo;Colta;De 45-49;1.568
Chimborazo;Colta;De 50-54;1.593
Chimborazo;Colta;De 55-59;1.546
Chimborazo;Colta;De 60-64;1.645
Chimborazo;Colta;De 65-69;1.614
Chimborazo;Colta;De 70-74;1.445
Chimborazo;Colta;De 75-79;1.277
Chimborazo;Colta;De 80-84;840
Chimborazo;Colta;85 o más;642
Chimborazo;Colta;Total Villa la Unión;14.392
Chimborazo;Colta;De 0-4;906
Chimborazo;Colta;De 5-9;994
Chimborazo;Colta;De 10-14;1.166
Chimborazo;Colta;De 15-19;1.256
Chimborazo;Colta;De 20-24;1.130
Chimborazo;Colta;De 25-29;942
Chimborazo;Colta;De 30-34;920
Chimborazo;Colta;De 35-39;857
Chimborazo;Colta;De 40-44;851
Chimborazo;Colta;De 45-49;776
Chimborazo;Colta;De 50-54;780
Chimborazo;Colta;De 55-59;736
Chimborazo;Colta;De 60-64;743
Chimborazo;Colta;De 65-69;624
Chimborazo;Colta;De 70-74;592
Chimborazo;Colta;De 75-79;514
Chimborazo;Colta;De 80-84;355
Chimborazo;Colta;85 o más;250
Chimborazo;Colta;Total Cañi;711
Chimborazo;Colta;De 0-4;33
Chimborazo;Colta;De 5-9;42
Chimborazo;Colta;De 10-14;66
Chimborazo;Colta;De 15-19;80
Chimborazo;Colta;De 20-24;59
Chimborazo;Colta;De 25-29;38
Chimborazo;Colta;De 30-34;25
Chimborazo;Colta;De 35-39;33
Chimborazo;Colta;De 40-44;30
Chimborazo;Colta;De 45-49;34
Chimborazo;Colta;De 50-54;44
Chimborazo;Colta;De 55-59;38
Chimborazo;Colta;De 60-64;39
Chimborazo;Colta;De 65-69;41
Chimborazo;Colta;De 70-74;38
Chimborazo;Colta;De 75-79;35
Chimborazo;Colta;De 80-84;16
Chimborazo;Colta;85 o más;20
Chimborazo;Colta;Total Columbe;9.132
Chimborazo;Colta;De 0-4;523
Chimborazo;Colta;De 5-9;584
Chimborazo;Colta;De 10-14;821
Chimborazo;Colta;De 15-19;883
Chimborazo;Colta;De 20-24;657
Chimborazo;Colta;De 25-29;437
Chimborazo;Colta;De 30-34;457
Chimborazo;Colta;De 35-39;469
Chimborazo;Colta;De 40-44;529
Chimborazo;Colta;De 45-49;470
Chimborazo;Colta;De 50-54;472
Chimborazo;Colta;De 55-59;463
Chimborazo;Colta;De 60-64;521
Chimborazo;Colta;De 65-69;560
Chimborazo;Colta;De 70-74;461
Chimborazo;Colta;De 75-79;396
Chimborazo;Colta;De 80-84;242
Chimborazo;Colta;85 o más;187
Chimborazo;Colta;Total Juan de Velasco;3.045
Chimborazo;Colta;De 0-4;231
Chimborazo;Colta;De 5-9;234
Chimborazo;Colta;De 10-14;336
Chimborazo;Colta;De 15-19;379
Chimborazo;Colta;De 20-24;265
Chimborazo;Colta;De 25-29;207
Chimborazo;Colta;De 30-34;132
Chimborazo;Colta;De 35-39;130
Chimborazo;Colta;De 40-44;153
Chimborazo;Colta;De 45-49;159
Chimborazo;Colta;De 50-54;144
Chimborazo;Colta;De 55-59;125
Chimborazo;Colta;De 60-64;133
Chimborazo;Colta;De 65-69;127
Chimborazo;Colta;De 70-74;87
Chimborazo;Colta;De 75-79;80
Chimborazo;Colta;De 80-84;69
Chimborazo;Colta;85 o más;54
Chimborazo;Colta;Total Santiago de Quito;3.188
Chimborazo;Colta;De 0-4;128
Chimborazo;Colta;De 5-9;133
Chimborazo;Colta;De 10-14;212
Chimborazo;Colta;De 15-19;211
Chimborazo;Colta;De 20-24;177
Chimborazo;Colta;De 25-29;161
Chimborazo;Colta;De 30-34;167
Chimborazo;Colta;De 35-39;131
Chimborazo;Colta;De 40-44;123
Chimborazo;Colta;De 45-49;129
Chimborazo;Colta;De 50-54;153
Chimborazo;Colta;De 55-59;184
Chimborazo;Colta;De 60-64;209
Chimborazo;Colta;De 65-69;262
Chimborazo;Colta;De 70-74;267
Chimborazo;Colta;De 75-79;252
Chimborazo;Colta;De 80-84;158
Chimborazo;Colta;85 o más;131
Chimborazo;Chambo;Total Chambo;13.431
Chimborazo;Chambo;De 0-4;953
Chimborazo;Chambo;De 5-9;1.160
Chimborazo;Chambo;De 10-14;1.235
Chimborazo;Chambo;De 15-19;1.159
Chimborazo;Chambo;De 20-24;1.234
Chimborazo;Chambo;De 25-29;1.157
Chimborazo;Chambo;De 30-34;960
Chimborazo;Chambo;De 35-39;926
Chimborazo;Chambo;De 40-44;851
Chimborazo;Chambo;De 45-49;774
Chimborazo;Chambo;De 50-54;666
Chimborazo;Chambo;De 55-59;599
Chimborazo;Chambo;De 60-64;442
Chimborazo;Chambo;De 65-69;386
Chimborazo;Chambo;De 70-74;307
Chimborazo;Chambo;De 75-79;246
Chimborazo;Chambo;De 80-84;168
Chimborazo;Chambo;85 o más;208
Chimborazo;Chambo;Total Chambo;13.431
Chimborazo;Chambo;De 0-4;953
Chimborazo;Chambo;De 5-9;1.160
Chimborazo;Chambo;De 10-14;1.235
Chimborazo;Chambo;De 15-19;1.159
Chimborazo;Chambo;De 20-24;1.234
Chimborazo;Chambo;De 25-29;1.157
Chimborazo;Chambo;De 30-34;960
Chimborazo;Chambo;De 35-39;926
Chimborazo;Chambo;De 40-44;851
Chimborazo;Chambo;De 45-49;774
Chimborazo;Chambo;De 50-54;666
Chimborazo;Chambo;De 55-59;599
Chimborazo;Chambo;De 60-64;442
Chimborazo;Chambo;De 65-69;386
Chimborazo;Chambo;De 70-74;307
Chimborazo;Chambo;De 75-79;246
Chimborazo;Chambo;De 80-84;168
Chimborazo;Chambo;85 o más;208
Chimborazo;Chunchi;Total Chunchi;10.635
Chimborazo;Chunchi;De 0-4;845
Chimborazo;Chunchi;De 5-9;925
Chimborazo;Chunchi;De 10-14;1.160
Chimborazo;Chunchi;De 15-19;1.013
Chimborazo;Chunchi;De 20-24;773
Chimborazo;Chunchi;De 25-29;660
Chimborazo;Chunchi;De 30-34;649
Chimborazo;Chunchi;De 35-39;570
Chimborazo;Chunchi;De 40-44;525
Chimborazo;Chunchi;De 45-49;478
Chimborazo;Chunchi;De 50-54;469
Chimborazo;Chunchi;De 55-59;459
Chimborazo;Chunchi;De 60-64;426
Chimborazo;Chunchi;De 65-69;435
Chimborazo;Chunchi;De 70-74;397
Chimborazo;Chunchi;De 75-79;347
Chimborazo;Chunchi;De 80-84;261
Chimborazo;Chunchi;85 o más;243
Chimborazo;Chunchi;Total Chunchi;6.828
Chimborazo;Chunchi;De 0-4;551
Chimborazo;Chunchi;De 5-9;594
Chimborazo;Chunchi;De 10-14;748
Chimborazo;Chunchi;De 15-19;669
Chimborazo;Chunchi;De 20-24;500
Chimborazo;Chunchi;De 25-29;442
Chimborazo;Chunchi;De 30-34;458
Chimborazo;Chunchi;De 35-39;395
Chimborazo;Chunchi;De 40-44;328
Chimborazo;Chunchi;De 45-49;327
Chimborazo;Chunchi;De 50-54;309
Chimborazo;Chunchi;De 55-59;312
Chimborazo;Chunchi;De 60-64;254
Chimborazo;Chunchi;De 65-69;247
Chimborazo;Chunchi;De 70-74;227
Chimborazo;Chunchi;De 75-79;184
Chimborazo;Chunchi;De 80-84;144
Chimborazo;Chunchi;85 o más;139
Chimborazo;Chunchi;Total Capzol;684
Chimborazo;Chunchi;De 0-4;53
Chimborazo;Chunchi;De 5-9;57
Chimborazo;Chunchi;De 10-14;64
Chimborazo;Chunchi;De 15-19;63
Chimborazo;Chunchi;De 20-24;47
Chimborazo;Chunchi;De 25-29;48
Chimborazo;Chunchi;De 30-34;40
Chimborazo;Chunchi;De 35-39;31
Chimborazo;Chunchi;De 40-44;33
Chimborazo;Chunchi;De 45-49;28
Chimborazo;Chunchi;De 50-54;32
Chimborazo;Chunchi;De 55-59;28
Chimborazo;Chunchi;De 60-64;37
Chimborazo;Chunchi;De 65-69;39
Chimborazo;Chunchi;De 70-74;32
Chimborazo;Chunchi;De 75-79;19
Chimborazo;Chunchi;De 80-84;17
Chimborazo;Chunchi;85 o más;16
Chimborazo;Chunchi;Total Compud;724
Chimborazo;Chunchi;De 0-4;57
Chimborazo;Chunchi;De 5-9;85
Chimborazo;Chunchi;De 10-14;70
Chimborazo;Chunchi;De 15-19;65
Chimborazo;Chunchi;De 20-24;48
Chimborazo;Chunchi;De 25-29;49
Chimborazo;Chunchi;De 30-34;47
Chimborazo;Chunchi;De 35-39;29
Chimborazo;Chunchi;De 40-44;30
Chimborazo;Chunchi;De 45-49;17
Chimborazo;Chunchi;De 50-54;26
Chimborazo;Chunchi;De 55-59;36
Chimborazo;Chunchi;De 60-64;33
Chimborazo;Chunchi;De 65-69;37
Chimborazo;Chunchi;De 70-74;31
Chimborazo;Chunchi;De 75-79;28
Chimborazo;Chunchi;De 80-84;25
Chimborazo;Chunchi;85 o más;11
Chimborazo;Chunchi;Total Gonzol;1.083
Chimborazo;Chunchi;De 0-4;89
Chimborazo;Chunchi;De 5-9;73
Chimborazo;Chunchi;De 10-14;123
Chimborazo;Chunchi;De 15-19;97
Chimborazo;Chunchi;De 20-24;82
Chimborazo;Chunchi;De 25-29;50
Chimborazo;Chunchi;De 30-34;49
Chimborazo;Chunchi;De 35-39;51
Chimborazo;Chunchi;De 40-44;69
Chimborazo;Chunchi;De 45-49;47
Chimborazo;Chunchi;De 50-54;47
Chimborazo;Chunchi;De 55-59;33
Chimborazo;Chunchi;De 60-64;42
Chimborazo;Chunchi;De 65-69;51
Chimborazo;Chunchi;De 70-74;56
Chimborazo;Chunchi;De 75-79;57
Chimborazo;Chunchi;De 80-84;34
Chimborazo;Chunchi;85 o más;33
Chimborazo;Chunchi;Total Llagos;1.316
Chimborazo;Chunchi;De 0-4;95
Chimborazo;Chunchi;De 5-9;116
Chimborazo;Chunchi;De 10-14;155
Chimborazo;Chunchi;De 15-19;119
Chimborazo;Chunchi;De 20-24;96
Chimborazo;Chunchi;De 25-29;71
Chimborazo;Chunchi;De 30-34;55
Chimborazo;Chunchi;De 35-39;64
Chimborazo;Chunchi;De 40-44;65
Chimborazo;Chunchi;De 45-49;59
Chimborazo;Chunchi;De 50-54;55
Chimborazo;Chunchi;De 55-59;50
Chimborazo;Chunchi;De 60-64;60
Chimborazo;Chunchi;De 65-69;61
Chimborazo;Chunchi;De 70-74;51
Chimborazo;Chunchi;De 75-79;59
Chimborazo;Chunchi;De 80-84;41
Chimborazo;Chunchi;85 o más;44
Chimborazo;Guamote;Total Guamote;35.769
Chimborazo;Guamote;De 0-4;2.845
Chimborazo;Guamote;De 5-9;3.241
Chimborazo;Guamote;De 10-14;4.365
Chimborazo;Guamote;De 15-19;4.326
Chimborazo;Guamote;De 20-24;2.835
Chimborazo;Guamote;De 25-29;2.193
Chimborazo;Guamote;De 30-34;1.955
Chimborazo;Guamote;De 35-39;2.060
Chimborazo;Guamote;De 40-44;2.077
Chimborazo;Guamote;De 45-49;1.816
Chimborazo;Guamote;De 50-54;1.650
Chimborazo;Guamote;De 55-59;1.427
Chimborazo;Guamote;De 60-64;1.248
Chimborazo;Guamote;De 65-69;1.216
Chimborazo;Guamote;De 70-74;981
Chimborazo;Guamote;De 75-79;771
Chimborazo;Guamote;De 80-84;439
Chimborazo;Guamote;85 o más;324
Chimborazo;Guamote;Total Guamote;19.382
Chimborazo;Guamote;De 0-4;1.445
Chimborazo;Guamote;De 5-9;1.739
Chimborazo;Guamote;De 10-14;2.316
Chimborazo;Guamote;De 15-19;2.213
Chimborazo;Guamote;De 20-24;1.530
Chimborazo;Guamote;De 25-29;1.265
Chimborazo;Guamote;De 30-34;1.070
Chimborazo;Guamote;De 35-39;1.173
Chimborazo;Guamote;De 40-44;1.164
Chimborazo;Guamote;De 45-49;1.003
Chimborazo;Guamote;De 50-54;901
Chimborazo;Guamote;De 55-59;837
Chimborazo;Guamote;De 60-64;698
Chimborazo;Guamote;De 65-69;671
Chimborazo;Guamote;De 70-74;517
Chimborazo;Guamote;De 75-79;422
Chimborazo;Guamote;De 80-84;234
Chimborazo;Guamote;85 o más;184
Chimborazo;Guamote;Total Cebadas;6.414
Chimborazo;Guamote;De 0-4;529
Chimborazo;Guamote;De 5-9;527
Chimborazo;Guamote;De 10-14;783
Chimborazo;Guamote;De 15-19;778
Chimborazo;Guamote;De 20-24;482
Chimborazo;Guamote;De 25-29;355
Chimborazo;Guamote;De 30-34;356
Chimborazo;Guamote;De 35-39;333
Chimborazo;Guamote;De 40-44;367
Chimborazo;Guamote;De 45-49;328
Chimborazo;Guamote;De 50-54;291
Chimborazo;Guamote;De 55-59;269
Chimborazo;Guamote;De 60-64;218
Chimborazo;Guamote;De 65-69;239
Chimborazo;Guamote;De 70-74;217
Chimborazo;Guamote;De 75-79;167
Chimborazo;Guamote;De 80-84;92
Chimborazo;Guamote;85 o más;83
Chimborazo;Guamote;Total Palmira;9.973
Chimborazo;Guamote;De 0-4;871
Chimborazo;Guamote;De 5-9;975
Chimborazo;Guamote;De 10-14;1.266
Chimborazo;Guamote;De 15-19;1.335
Chimborazo;Guamote;De 20-24;823
Chimborazo;Guamote;De 25-29;573
Chimborazo;Guamote;De 30-34;529
Chimborazo;Guamote;De 35-39;554
Chimborazo;Guamote;De 40-44;546
Chimborazo;Guamote;De 45-49;485
Chimborazo;Guamote;De 50-54;458
Chimborazo;Guamote;De 55-59;321
Chimborazo;Guamote;De 60-64;332
Chimborazo;Guamote;De 65-69;306
Chimborazo;Guamote;De 70-74;247
Chimborazo;Guamote;De 75-79;182
Chimborazo;Guamote;De 80-84;113
Chimborazo;Guamote;85 o más;57
Chimborazo;Guano;Total Guano;48.327
Chimborazo;Guano;De 0-4;3.474
Chimborazo;Guano;De 5-9;3.884
Chimborazo;Guano;De 10-14;4.404
Chimborazo;Guano;De 15-19;4.752
Chimborazo;Guano;De 20-24;4.145
Chimborazo;Guano;De 25-29;3.725
Chimborazo;Guano;De 30-34;3.342
Chimborazo;Guano;De 35-39;3.323
Chimborazo;Guano;De 40-44;2.985
Chimborazo;Guano;De 45-49;2.696
Chimborazo;Guano;De 50-54;2.447
Chimborazo;Guano;De 55-59;2.128
Chimborazo;Guano;De 60-64;1.742
Chimborazo;Guano;De 65-69;1.429
Chimborazo;Guano;De 70-74;1.200
Chimborazo;Guano;De 75-79;1.097
Chimborazo;Guano;De 80-84;784
Chimborazo;Guano;85 o más;770
Chimborazo;Guano;Total Guano;22.764
Chimborazo;Guano;De 0-4;1.630
Chimborazo;Guano;De 5-9;1.785
Chimborazo;Guano;De 10-14;2.012
Chimborazo;Guano;De 15-19;2.173
Chimborazo;Guano;De 20-24;1.933
Chimborazo;Guano;De 25-29;1.792
Chimborazo;Guano;De 30-34;1.643
Chimborazo;Guano;De 35-39;1.650
Chimborazo;Guano;De 40-44;1.490
Chimborazo;Guano;De 45-49;1.361
Chimborazo;Guano;De 50-54;1.160
Chimborazo;Guano;De 55-59;1.036
Chimborazo;Guano;De 60-64;791
Chimborazo;Guano;De 65-69;645
Chimborazo;Guano;De 70-74;530
Chimborazo;Guano;De 75-79;465
Chimborazo;Guano;De 80-84;323
Chimborazo;Guano;85 o más;345
Chimborazo;Guano;Total Guanando;224
Chimborazo;Guano;De 0-4;9
Chimborazo;Guano;De 5-9;10
Chimborazo;Guano;De 10-14;11
Chimborazo;Guano;De 15-19;14
Chimborazo;Guano;De 20-24;11
Chimborazo;Guano;De 25-29;6
Chimborazo;Guano;De 30-34;3
Chimborazo;Guano;De 35-39;7
Chimborazo;Guano;De 40-44;7
Chimborazo;Guano;De 45-49;12
Chimborazo;Guano;De 50-54;19
Chimborazo;Guano;De 55-59;13
Chimborazo;Guano;De 60-64;20
Chimborazo;Guano;De 65-69;11
Chimborazo;Guano;De 70-74;21
Chimborazo;Guano;De 75-79;19
Chimborazo;Guano;De 80-84;13
Chimborazo;Guano;85 o más;18
Chimborazo;Guano;Total Ilapo;1.156
Chimborazo;Guano;De 0-4;71
Chimborazo;Guano;De 5-9;67
Chimborazo;Guano;De 10-14;86
Chimborazo;Guano;De 15-19;119
Chimborazo;Guano;De 20-24;82
Chimborazo;Guano;De 25-29;55
Chimborazo;Guano;De 30-34;56
Chimborazo;Guano;De 35-39;44
Chimborazo;Guano;De 40-44;74
Chimborazo;Guano;De 45-49;77
Chimborazo;Guano;De 50-54;80
Chimborazo;Guano;De 55-59;76
Chimborazo;Guano;De 60-64;61
Chimborazo;Guano;De 65-69;54
Chimborazo;Guano;De 70-74;45
Chimborazo;Guano;De 75-79;50
Chimborazo;Guano;De 80-84;28
Chimborazo;Guano;85 o más;31
Chimborazo;Guano;Total La Providencia;659
Chimborazo;Guano;De 0-4;41
Chimborazo;Guano;De 5-9;59
Chimborazo;Guano;De 10-14;60
Chimborazo;Guano;De 15-19;62
Chimborazo;Guano;De 20-24;57
Chimborazo;Guano;De 25-29;47
Chimborazo;Guano;De 30-34;34
Chimborazo;Guano;De 35-39;42
Chimborazo;Guano;De 40-44;38
Chimborazo;Guano;De 45-49;22
Chimborazo;Guano;De 50-54;32
Chimborazo;Guano;De 55-59;29
Chimborazo;Guano;De 60-64;24
Chimborazo;Guano;De 65-69;24
Chimborazo;Guano;De 70-74;27
Chimborazo;Guano;De 75-79;21
Chimborazo;Guano;De 80-84;15
Chimborazo;Guano;85 o más;25
Chimborazo;Guano;Total San Andrés;13.154
Chimborazo;Guano;De 0-4;940
Chimborazo;Guano;De 5-9;1.109
Chimborazo;Guano;De 10-14;1.279
Chimborazo;Guano;De 15-19;1.352
Chimborazo;Guano;De 20-24;1.160
Chimborazo;Guano;De 25-29;1.004
Chimborazo;Guano;De 30-34;932
Chimborazo;Guano;De 35-39;925
Chimborazo;Guano;De 40-44;779
Chimborazo;Guano;De 45-49;677
Chimborazo;Guano;De 50-54;649
Chimborazo;Guano;De 55-59;534
Chimborazo;Guano;De 60-64;462
Chimborazo;Guano;De 65-69;376
Chimborazo;Guano;De 70-74;296
Chimborazo;Guano;De 75-79;316
Chimborazo;Guano;De 80-84;194
Chimborazo;Guano;85 o más;170
Chimborazo;Guano;Total San Gerardo;3.281
Chimborazo;Guano;De 0-4;260
Chimborazo;Guano;De 5-9;276
Chimborazo;Guano;De 10-14;298
Chimborazo;Guano;De 15-19;320
Chimborazo;Guano;De 20-24;298
Chimborazo;Guano;De 25-29;271
Chimborazo;Guano;De 30-34;239
Chimborazo;Guano;De 35-39;219
Chimborazo;Guano;De 40-44;212
Chimborazo;Guano;De 45-49;164
Chimborazo;Guano;De 50-54;149
Chimborazo;Guano;De 55-59;141
Chimborazo;Guano;De 60-64;107
Chimborazo;Guano;De 65-69;79
Chimborazo;Guano;De 70-74;70
Chimborazo;Guano;De 75-79;49
Chimborazo;Guano;De 80-84;68
Chimborazo;Guano;85 o más;61
Chimborazo;Guano;Total San Isidro De Patulú;4.472
Chimborazo;Guano;De 0-4;322
Chimborazo;Guano;De 5-9;357
Chimborazo;Guano;De 10-14;435
Chimborazo;Guano;De 15-19;465
Chimborazo;Guano;De 20-24;406
Chimborazo;Guano;De 25-29;338
Chimborazo;Guano;De 30-34;272
Chimborazo;Guano;De 35-39;298
Chimborazo;Guano;De 40-44;237
Chimborazo;Guano;De 45-49;230
Chimborazo;Guano;De 50-54;201
Chimborazo;Guano;De 55-59;173
Chimborazo;Guano;De 60-64;160
Chimborazo;Guano;De 65-69;158
Chimborazo;Guano;De 70-74;132
Chimborazo;Guano;De 75-79;121
Chimborazo;Guano;De 80-84;94
Chimborazo;Guano;85 o más;73
Chimborazo;Guano;Total San José del Chazo;872
Chimborazo;Guano;De 0-4;64
Chimborazo;Guano;De 5-9;73
Chimborazo;Guano;De 10-14;71
Chimborazo;Guano;De 15-19;75
Chimborazo;Guano;De 20-24;64
Chimborazo;Guano;De 25-29;65
Chimborazo;Guano;De 30-34;55
Chimborazo;Guano;De 35-39;52
Chimborazo;Guano;De 40-44;37
Chimborazo;Guano;De 45-49;42
Chimborazo;Guano;De 50-54;66
Chimborazo;Guano;De 55-59;46
Chimborazo;Guano;De 60-64;38
Chimborazo;Guano;De 65-69;26
Chimborazo;Guano;De 70-74;24
Chimborazo;Guano;De 75-79;22
Chimborazo;Guano;De 80-84;25
Chimborazo;Guano;85 o más;27
Chimborazo;Guano;Total Santa Fé de Galán;1.471
Chimborazo;Guano;De 0-4;128
Chimborazo;Guano;De 5-9;127
Chimborazo;Guano;De 10-14;131
Chimborazo;Guano;De 15-19;148
Chimborazo;Guano;De 20-24;117
Chimborazo;Guano;De 25-29;132
Chimborazo;Guano;De 30-34;97
Chimborazo;Guano;De 35-39;79
Chimborazo;Guano;De 40-44;91
Chimborazo;Guano;De 45-49;96
Chimborazo;Guano;De 50-54;68
Chimborazo;Guano;De 55-59;60
Chimborazo;Guano;De 60-64;68
Chimborazo;Guano;De 65-69;41
Chimborazo;Guano;De 70-74;42
Chimborazo;Guano;De 75-79;21
Chimborazo;Guano;De 80-84;11
Chimborazo;Guano;85 o más;14
Chimborazo;Guano;Total Valparaiso;274
Chimborazo;Guano;De 0-4;9
Chimborazo;Guano;De 5-9;21
Chimborazo;Guano;De 10-14;21
Chimborazo;Guano;De 15-19;24
Chimborazo;Guano;De 20-24;17
Chimborazo;Guano;De 25-29;15
Chimborazo;Guano;De 30-34;11
Chimborazo;Guano;De 35-39;7
Chimborazo;Guano;De 40-44;20
Chimborazo;Guano;De 45-49;15
Chimborazo;Guano;De 50-54;23
Chimborazo;Guano;De 55-59;20
Chimborazo;Guano;De 60-64;11
Chimborazo;Guano;De 65-69;15
Chimborazo;Guano;De 70-74;13
Chimborazo;Guano;De 75-79;13
Chimborazo;Guano;De 80-84;13
Chimborazo;Guano;85 o más;6
Chimborazo;Pallatanga;Total Pallatanga;11.796
Chimborazo;Pallatanga;De 0-4;949
Chimborazo;Pallatanga;De 5-9;1.065
Chimborazo;Pallatanga;De 10-14;1.252
Chimborazo;Pallatanga;De 15-19;1.230
Chimborazo;Pallatanga;De 20-24;968
Chimborazo;Pallatanga;De 25-29;814
Chimborazo;Pallatanga;De 30-34;725
Chimborazo;Pallatanga;De 35-39;669
Chimborazo;Pallatanga;De 40-44;626
Chimborazo;Pallatanga;De 45-49;515
Chimborazo;Pallatanga;De 50-54;513
Chimborazo;Pallatanga;De 55-59;464
Chimborazo;Pallatanga;De 60-64;485
Chimborazo;Pallatanga;De 65-69;392
Chimborazo;Pallatanga;De 70-74;357
Chimborazo;Pallatanga;De 75-79;312
Chimborazo;Pallatanga;De 80-84;245
Chimborazo;Pallatanga;85 o más;215
Chimborazo;Pallatanga;Total Pallatanga;11.796
Chimborazo;Pallatanga;De 0-4;949
Chimborazo;Pallatanga;De 5-9;1.065
Chimborazo;Pallatanga;De 10-14;1.252
Chimborazo;Pallatanga;De 15-19;1.230
Chimborazo;Pallatanga;De 20-24;968
Chimborazo;Pallatanga;De 25-29;814
Chimborazo;Pallatanga;De 30-34;725
Chimborazo;Pallatanga;De 35-39;669
Chimborazo;Pallatanga;De 40-44;626
Chimborazo;Pallatanga;De 45-49;515
Chimborazo;Pallatanga;De 50-54;513
Chimborazo;Pallatanga;De 55-59;464
Chimborazo;Pallatanga;De 60-64;485
Chimborazo;Pallatanga;De 65-69;392
Chimborazo;Pallatanga;De 70-74;357
Chimborazo;Pallatanga;De 75-79;312
Chimborazo;Pallatanga;De 80-84;245
Chimborazo;Pallatanga;85 o más;215
Chimborazo;Penipe;Total Penipe;6.748
Chimborazo;Penipe;De 0-4;366
Chimborazo;Penipe;De 5-9;470
Chimborazo;Penipe;De 10-14;524
Chimborazo;Penipe;De 15-19;571
Chimborazo;Penipe;De 20-24;475
Chimborazo;Penipe;De 25-29;461
Chimborazo;Penipe;De 30-34;403
Chimborazo;Penipe;De 35-39;380
Chimborazo;Penipe;De 40-44;364
Chimborazo;Penipe;De 45-49;378
Chimborazo;Penipe;De 50-54;344
Chimborazo;Penipe;De 55-59;341
Chimborazo;Penipe;De 60-64;337
Chimborazo;Penipe;De 65-69;326
Chimborazo;Penipe;De 70-74;278
Chimborazo;Penipe;De 75-79;281
Chimborazo;Penipe;De 80-84;192
Chimborazo;Penipe;85 o más;257
Chimborazo;Penipe;Total Penipe;2.400
Chimborazo;Penipe;De 0-4;139
Chimborazo;Penipe;De 5-9;166
Chimborazo;Penipe;De 10-14;204
Chimborazo;Penipe;De 15-19;216
Chimborazo;Penipe;De 20-24;190
Chimborazo;Penipe;De 25-29;170
Chimborazo;Penipe;De 30-34;146
Chimborazo;Penipe;De 35-39;125
Chimborazo;Penipe;De 40-44;136
Chimborazo;Penipe;De 45-49;136
Chimborazo;Penipe;De 50-54;120
Chimborazo;Penipe;De 55-59;93
Chimborazo;Penipe;De 60-64;100
Chimborazo;Penipe;De 65-69;95
Chimborazo;Penipe;De 70-74;97
Chimborazo;Penipe;De 75-79;90
Chimborazo;Penipe;De 80-84;65
Chimborazo;Penipe;85 o más;112
Chimborazo;Penipe;Total El Altar;1.294
Chimborazo;Penipe;De 0-4;66
Chimborazo;Penipe;De 5-9;103
Chimborazo;Penipe;De 10-14;85
Chimborazo;Penipe;De 15-19;127
Chimborazo;Penipe;De 20-24;85
Chimborazo;Penipe;De 25-29;92
Chimborazo;Penipe;De 30-34;64
Chimborazo;Penipe;De 35-39;77
Chimborazo;Penipe;De 40-44;68
Chimborazo;Penipe;De 45-49;73
Chimborazo;Penipe;De 50-54;66
Chimborazo;Penipe;De 55-59;76
Chimborazo;Penipe;De 60-64;73
Chimborazo;Penipe;De 65-69;59
Chimborazo;Penipe;De 70-74;55
Chimborazo;Penipe;De 75-79;50
Chimborazo;Penipe;De 80-84;33
Chimborazo;Penipe;85 o más;42
Chimborazo;Penipe;Total Matus;786
Chimborazo;Penipe;De 0-4;41
Chimborazo;Penipe;De 5-9;47
Chimborazo;Penipe;De 10-14;61
Chimborazo;Penipe;De 15-19;49
Chimborazo;Penipe;De 20-24;47
Chimborazo;Penipe;De 25-29;54
Chimborazo;Penipe;De 30-34;56
Chimborazo;Penipe;De 35-39;46
Chimborazo;Penipe;De 40-44;40
Chimborazo;Penipe;De 45-49;42
Chimborazo;Penipe;De 50-54;33
Chimborazo;Penipe;De 55-59;53
Chimborazo;Penipe;De 60-64;46
Chimborazo;Penipe;De 65-69;53
Chimborazo;Penipe;De 70-74;27
Chimborazo;Penipe;De 75-79;31
Chimborazo;Penipe;De 80-84;31
Chimborazo;Penipe;85 o más;29
Chimborazo;Penipe;Total Puela;533
Chimborazo;Penipe;De 0-4;22
Chimborazo;Penipe;De 5-9;32
Chimborazo;Penipe;De 10-14;37
Chimborazo;Penipe;De 15-19;45
Chimborazo;Penipe;De 20-24;37
Chimborazo;Penipe;De 25-29;33
Chimborazo;Penipe;De 30-34;29
Chimborazo;Penipe;De 35-39;31
Chimborazo;Penipe;De 40-44;20
Chimborazo;Penipe;De 45-49;35
Chimborazo;Penipe;De 50-54;35
Chimborazo;Penipe;De 55-59;25
Chimborazo;Penipe;De 60-64;20
Chimborazo;Penipe;De 65-69;37
Chimborazo;Penipe;De 70-74;37
Chimborazo;Penipe;De 75-79;28
Chimborazo;Penipe;De 80-84;16
Chimborazo;Penipe;85 o más;14
Chimborazo;Penipe;Total San Antonio de Bayushig;1.097
Chimborazo;Penipe;De 0-4;69
Chimborazo;Penipe;De 5-9;73
Chimborazo;Penipe;De 10-14;79
Chimborazo;Penipe;De 15-19;69
Chimborazo;Penipe;De 20-24;80
Chimborazo;Penipe;De 25-29;75
Chimborazo;Penipe;De 30-34;63
Chimborazo;Penipe;De 35-39;62
Chimborazo;Penipe;De 40-44;71
Chimborazo;Penipe;De 45-49;64
Chimborazo;Penipe;De 50-54;47
Chimborazo;Penipe;De 55-59;51
Chimborazo;Penipe;De 60-64;60
Chimborazo;Penipe;De 65-69;53
Chimborazo;Penipe;De 70-74;46
Chimborazo;Penipe;De 75-79;63
Chimborazo;Penipe;De 80-84;28
Chimborazo;Penipe;85 o más;44
Chimborazo;Penipe;Total La Candelaria;389
Chimborazo;Penipe;De 0-4;20
Chimborazo;Penipe;De 5-9;30
Chimborazo;Penipe;De 10-14;39
Chimborazo;Penipe;De 15-19;36
Chimborazo;Penipe;De 20-24;17
Chimborazo;Penipe;De 25-29;23
Chimborazo;Penipe;De 30-34;24
Chimborazo;Penipe;De 35-39;28
Chimborazo;Penipe;De 40-44;16
Chimborazo;Penipe;De 45-49;17
Chimborazo;Penipe;De 50-54;24
Chimborazo;Penipe;De 55-59;23
Chimborazo;Penipe;De 60-64;21
Chimborazo;Penipe;De 65-69;18
Chimborazo;Penipe;De 70-74;14
Chimborazo;Penipe;De 75-79;13
Chimborazo;Penipe;De 80-84;15
Chimborazo;Penipe;85 o más;11
Chimborazo;Penipe;Total Bilbao;249
Chimborazo;Penipe;De 0-4;9
Chimborazo;Penipe;De 5-9;19
Chimborazo;Penipe;De 10-14;19
Chimborazo;Penipe;De 15-19;29
Chimborazo;Penipe;De 20-24;19
Chimborazo;Penipe;De 25-29;14
Chimborazo;Penipe;De 30-34;21
Chimborazo;Penipe;De 35-39;11
Chimborazo;Penipe;De 40-44;13
Chimborazo;Penipe;De 45-49;11
Chimborazo;Penipe;De 50-54;19
Chimborazo;Penipe;De 55-59;20
Chimborazo;Penipe;De 60-64;17
Chimborazo;Penipe;De 65-69;11
Chimborazo;Penipe;De 70-74;2
Chimborazo;Penipe;De 75-79;6
Chimborazo;Penipe;De 80-84;4
Chimborazo;Penipe;85 o más;5
Chimborazo;Cumandá;Total Cumandá;16.602
Chimborazo;Cumandá;De 0-4;1.418
Chimborazo;Cumandá;De 5-9;1.553
Chimborazo;Cumandá;De 10-14;1.751
Chimborazo;Cumandá;De 15-19;1.651
Chimborazo;Cumandá;De 20-24;1.458
Chimborazo;Cumandá;De 25-29;1.284
Chimborazo;Cumandá;De 30-34;1.242
Chimborazo;Cumandá;De 35-39;1.179
Chimborazo;Cumandá;De 40-44;1.056
Chimborazo;Cumandá;De 45-49;880
Chimborazo;Cumandá;De 50-54;704
Chimborazo;Cumandá;De 55-59;645
Chimborazo;Cumandá;De 60-64;455
Chimborazo;Cumandá;De 65-69;411
Chimborazo;Cumandá;De 70-74;298
Chimborazo;Cumandá;De 75-79;252
Chimborazo;Cumandá;De 80-84;186
Chimborazo;Cumandá;85 o más;179
Chimborazo;Cumandá;Total Cumandá;16.602
Chimborazo;Cumandá;De 0-4;1.418
Chimborazo;Cumandá;De 5-9;1.553
Chimborazo;Cumandá;De 10-14;1.751
Chimborazo;Cumandá;De 15-19;1.651
Chimborazo;Cumandá;De 20-24;1.458
Chimborazo;Cumandá;De 25-29;1.284
Chimborazo;Cumandá;De 30-34;1.242
Chimborazo;Cumandá;De 35-39;1.179
Chimborazo;Cumandá;De 40-44;1.056
Chimborazo;Cumandá;De 45-49;880
Chimborazo;Cumandá;De 50-54;704
Chimborazo;Cumandá;De 55-59;645
Chimborazo;Cumandá;De 60-64;455
Chimborazo;Cumandá;De 65-69;411
Chimborazo;Cumandá;De 70-74;298
Chimborazo;Cumandá;De 75-79;252
Chimborazo;Cumandá;De 80-84;186
Chimborazo;Cumandá;85 o más;179
El Oro;Total El Oro;Total El Oro;714.592
El Oro;Total El Oro;De 0-4;55.901
El Oro;Total El Oro;De 5-9;58.840
El Oro;Total El Oro;De 10-14;65.188
El Oro;Total El Oro;De 15-19;62.451
El Oro;Total El Oro;De 20-24;62.546
El Oro;Total El Oro;De 25-29;56.909
El Oro;Total El Oro;De 30-34;52.229
El Oro;Total El Oro;De 35-39;49.834
El Oro;Total El Oro;De 40-44;47.435
El Oro;Total El Oro;De 45-49;41.042
El Oro;Total El Oro;De 50-54;37.443
El Oro;Total El Oro;De 55-59;32.859
El Oro;Total El Oro;De 60-64;27.394
El Oro;Total El Oro;De 65-69;22.183
El Oro;Total El Oro;De 70-74;16.463
El Oro;Total El Oro;De 75-79;11.543
El Oro;Total El Oro;De 80-84;7.176
El Oro;Total El Oro;85 o más;7.156
El Oro;Machala;Total Machala;306.309
El Oro;Machala;De 0-4;23.404
El Oro;Machala;De 5-9;24.929
El Oro;Machala;De 10-14;27.616
El Oro;Machala;De 15-19;26.484
El Oro;Machala;De 20-24;26.793
El Oro;Machala;De 25-29;24.766
El Oro;Machala;De 30-34;23.105
El Oro;Machala;De 35-39;22.115
El Oro;Machala;De 40-44;20.944
El Oro;Machala;De 45-49;17.924
El Oro;Machala;De 50-54;16.199
El Oro;Machala;De 55-59;14.200
El Oro;Machala;De 60-64;11.952
El Oro;Machala;De 65-69;9.417
El Oro;Machala;De 70-74;6.909
El Oro;Machala;De 75-79;4.368
El Oro;Machala;De 80-84;2.633
El Oro;Machala;85 o más;2.551
El Oro;Machala;Total Machala;301.771
El Oro;Machala;De 0-4;22.982
El Oro;Machala;De 5-9;24.584
El Oro;Machala;De 10-14;27.186
El Oro;Machala;De 15-19;26.073
El Oro;Machala;De 20-24;26.375
El Oro;Machala;De 25-29;24.377
El Oro;Machala;De 30-34;22.791
El Oro;Machala;De 35-39;21.786
El Oro;Machala;De 40-44;20.618
El Oro;Machala;De 45-49;17.672
El Oro;Machala;De 50-54;15.976
El Oro;Machala;De 55-59;14.034
El Oro;Machala;De 60-64;11.791
El Oro;Machala;De 65-69;9.294
El Oro;Machala;De 70-74;6.820
El Oro;Machala;De 75-79;4.300
El Oro;Machala;De 80-84;2.593
El Oro;Machala;85 o más;2.519
El Oro;Machala;Total El Retiro;4.538
El Oro;Machala;De 0-4;422
El Oro;Machala;De 5-9;345
El Oro;Machala;De 10-14;430
El Oro;Machala;De 15-19;411
El Oro;Machala;De 20-24;418
El Oro;Machala;De 25-29;389
El Oro;Machala;De 30-34;314
El Oro;Machala;De 35-39;329
El Oro;Machala;De 40-44;326
El Oro;Machala;De 45-49;252
El Oro;Machala;De 50-54;223
El Oro;Machala;De 55-59;166
El Oro;Machala;De 60-64;161
El Oro;Machala;De 65-69;123
El Oro;Machala;De 70-74;89
El Oro;Machala;De 75-79;68
El Oro;Machala;De 80-84;40
El Oro;Machala;85 o más;32
El Oro;Arenillas;Total Arenillas;32.366
El Oro;Arenillas;De 0-4;2.515
El Oro;Arenillas;De 5-9;2.626
El Oro;Arenillas;De 10-14;3.017
El Oro;Arenillas;De 15-19;2.936
El Oro;Arenillas;De 20-24;2.716
El Oro;Arenillas;De 25-29;2.515
El Oro;Arenillas;De 30-34;2.302
El Oro;Arenillas;De 35-39;2.218
El Oro;Arenillas;De 40-44;2.161
El Oro;Arenillas;De 45-49;1.812
El Oro;Arenillas;De 50-54;1.690
El Oro;Arenillas;De 55-59;1.487
El Oro;Arenillas;De 60-64;1.268
El Oro;Arenillas;De 65-69;1.045
El Oro;Arenillas;De 70-74;787
El Oro;Arenillas;De 75-79;557
El Oro;Arenillas;De 80-84;317
El Oro;Arenillas;85 o más;397
El Oro;Arenillas;Total Arenillas;23.919
El Oro;Arenillas;De 0-4;1.861
El Oro;Arenillas;De 5-9;1.957
El Oro;Arenillas;De 10-14;2.237
El Oro;Arenillas;De 15-19;2.167
El Oro;Arenillas;De 20-24;1.967
El Oro;Arenillas;De 25-29;1.864
El Oro;Arenillas;De 30-34;1.713
El Oro;Arenillas;De 35-39;1.646
El Oro;Arenillas;De 40-44;1.600
El Oro;Arenillas;De 45-49;1.348
El Oro;Arenillas;De 50-54;1.242
El Oro;Arenillas;De 55-59;1.125
El Oro;Arenillas;De 60-64;942
El Oro;Arenillas;De 65-69;770
El Oro;Arenillas;De 70-74;584
El Oro;Arenillas;De 75-79;389
El Oro;Arenillas;De 80-84;229
El Oro;Arenillas;85 o más;278
El Oro;Arenillas;Total Chacras;1.926
El Oro;Arenillas;De 0-4;163
El Oro;Arenillas;De 5-9;153
El Oro;Arenillas;De 10-14;178
El Oro;Arenillas;De 15-19;190
El Oro;Arenillas;De 20-24;173
El Oro;Arenillas;De 25-29;173
El Oro;Arenillas;De 30-34;136
El Oro;Arenillas;De 35-39;114
El Oro;Arenillas;De 40-44;115
El Oro;Arenillas;De 45-49;97
El Oro;Arenillas;De 50-54;100
El Oro;Arenillas;De 55-59;83
El Oro;Arenillas;De 60-64;71
El Oro;Arenillas;De 65-69;72
El Oro;Arenillas;De 70-74;40
El Oro;Arenillas;De 75-79;28
El Oro;Arenillas;De 80-84;15
El Oro;Arenillas;85 o más;25
El Oro;Arenillas;Total Palmales;3.385
El Oro;Arenillas;De 0-4;242
El Oro;Arenillas;De 5-9;256
El Oro;Arenillas;De 10-14;312
El Oro;Arenillas;De 15-19;295
El Oro;Arenillas;De 20-24;305
El Oro;Arenillas;De 25-29;221
El Oro;Arenillas;De 30-34;224
El Oro;Arenillas;De 35-39;235
El Oro;Arenillas;De 40-44;232
El Oro;Arenillas;De 45-49;193
El Oro;Arenillas;De 50-54;190
El Oro;Arenillas;De 55-59;150
El Oro;Arenillas;De 60-64;139
El Oro;Arenillas;De 65-69;120
El Oro;Arenillas;De 70-74;83
El Oro;Arenillas;De 75-79;86
El Oro;Arenillas;De 80-84;47
El Oro;Arenillas;85 o más;55
El Oro;Arenillas;Total Carcabón;883
El Oro;Arenillas;De 0-4;51
El Oro;Arenillas;De 5-9;75
El Oro;Arenillas;De 10-14;72
El Oro;Arenillas;De 15-19;85
El Oro;Arenillas;De 20-24;78
El Oro;Arenillas;De 25-29;77
El Oro;Arenillas;De 30-34;50
El Oro;Arenillas;De 35-39;64
El Oro;Arenillas;De 40-44;67
El Oro;Arenillas;De 45-49;53
El Oro;Arenillas;De 50-54;44
El Oro;Arenillas;De 55-59;40
El Oro;Arenillas;De 60-64;40
El Oro;Arenillas;De 65-69;24
El Oro;Arenillas;De 70-74;27
El Oro;Arenillas;De 75-79;12
El Oro;Arenillas;De 80-84;7
El Oro;Arenillas;85 o más;17
El Oro;Arenillas;Total La Cuca;2.253
El Oro;Arenillas;De 0-4;198
El Oro;Arenillas;De 5-9;185
El Oro;Arenillas;De 10-14;218
El Oro;Arenillas;De 15-19;199
El Oro;Arenillas;De 20-24;193
El Oro;Arenillas;De 25-29;180
El Oro;Arenillas;De 30-34;179
El Oro;Arenillas;De 35-39;159
El Oro;Arenillas;De 40-44;147
El Oro;Arenillas;De 45-49;121
El Oro;Arenillas;De 50-54;114
El Oro;Arenillas;De 55-59;89
El Oro;Arenillas;De 60-64;76
El Oro;Arenillas;De 65-69;59
El Oro;Arenillas;De 70-74;53
El Oro;Arenillas;De 75-79;42
El Oro;Arenillas;De 80-84;19
El Oro;Arenillas;85 o más;22
El Oro;Atahualpa;Total Atahualpa;6.112
El Oro;Atahualpa;De 0-4;380
El Oro;Atahualpa;De 5-9;445
El Oro;Atahualpa;De 10-14;484
El Oro;Atahualpa;De 15-19;463
El Oro;Atahualpa;De 20-24;478
El Oro;Atahualpa;De 25-29;413
El Oro;Atahualpa;De 30-34;420
El Oro;Atahualpa;De 35-39;354
El Oro;Atahualpa;De 40-44;383
El Oro;Atahualpa;De 45-49;415
El Oro;Atahualpa;De 50-54;391
El Oro;Atahualpa;De 55-59;351
El Oro;Atahualpa;De 60-64;302
El Oro;Atahualpa;De 65-69;245
El Oro;Atahualpa;De 70-74;200
El Oro;Atahualpa;De 75-79;161
El Oro;Atahualpa;De 80-84;97
El Oro;Atahualpa;85 o más;130
El Oro;Atahualpa;Total Paccha;2.509
El Oro;Atahualpa;De 0-4;158
El Oro;Atahualpa;De 5-9;186
El Oro;Atahualpa;De 10-14;196
El Oro;Atahualpa;De 15-19;170
El Oro;Atahualpa;De 20-24;194
El Oro;Atahualpa;De 25-29;178
El Oro;Atahualpa;De 30-34;203
El Oro;Atahualpa;De 35-39;150
El Oro;Atahualpa;De 40-44;133
El Oro;Atahualpa;De 45-49;172
El Oro;Atahualpa;De 50-54;170
El Oro;Atahualpa;De 55-59;152
El Oro;Atahualpa;De 60-64;127
El Oro;Atahualpa;De 65-69;100
El Oro;Atahualpa;De 70-74;80
El Oro;Atahualpa;De 75-79;58
El Oro;Atahualpa;De 80-84;33
El Oro;Atahualpa;85 o más;49
El Oro;Atahualpa;Total Ayapamba;1.413
El Oro;Atahualpa;De 0-4;69
El Oro;Atahualpa;De 5-9;83
El Oro;Atahualpa;De 10-14;104
El Oro;Atahualpa;De 15-19;130
El Oro;Atahualpa;De 20-24;98
El Oro;Atahualpa;De 25-29;90
El Oro;Atahualpa;De 30-34;86
El Oro;Atahualpa;De 35-39;96
El Oro;Atahualpa;De 40-44;99
El Oro;Atahualpa;De 45-49;108
El Oro;Atahualpa;De 50-54;97
El Oro;Atahualpa;De 55-59;83
El Oro;Atahualpa;De 60-64;65
El Oro;Atahualpa;De 65-69;68
El Oro;Atahualpa;De 70-74;48
El Oro;Atahualpa;De 75-79;39
El Oro;Atahualpa;De 80-84;25
El Oro;Atahualpa;85 o más;25
El Oro;Atahualpa;Total Cordoncillo;985
El Oro;Atahualpa;De 0-4;76
El Oro;Atahualpa;De 5-9;72
El Oro;Atahualpa;De 10-14;78
El Oro;Atahualpa;De 15-19;76
El Oro;Atahualpa;De 20-24;94
El Oro;Atahualpa;De 25-29;68
El Oro;Atahualpa;De 30-34;59
El Oro;Atahualpa;De 35-39;46
El Oro;Atahualpa;De 40-44;67
El Oro;Atahualpa;De 45-49;72
El Oro;Atahualpa;De 50-54;54
El Oro;Atahualpa;De 55-59;50
El Oro;Atahualpa;De 60-64;43
El Oro;Atahualpa;De 65-69;36
El Oro;Atahualpa;De 70-74;23
El Oro;Atahualpa;De 75-79;26
El Oro;Atahualpa;De 80-84;17
El Oro;Atahualpa;85 o más;28
El Oro;Atahualpa;Total Milagro;435
El Oro;Atahualpa;De 0-4;16
El Oro;Atahualpa;De 5-9;30
El Oro;Atahualpa;De 10-14;45
El Oro;Atahualpa;De 15-19;36
El Oro;Atahualpa;De 20-24;29
El Oro;Atahualpa;De 25-29;23
El Oro;Atahualpa;De 30-34;21
El Oro;Atahualpa;De 35-39;25
El Oro;Atahualpa;De 40-44;26
El Oro;Atahualpa;De 45-49;30
El Oro;Atahualpa;De 50-54;28
El Oro;Atahualpa;De 55-59;24
El Oro;Atahualpa;De 60-64;23
El Oro;Atahualpa;De 65-69;17
El Oro;Atahualpa;De 70-74;22
El Oro;Atahualpa;De 75-79;16
El Oro;Atahualpa;De 80-84;9
El Oro;Atahualpa;85 o más;15
El Oro;Atahualpa;Total San José;468
El Oro;Atahualpa;De 0-4;31
El Oro;Atahualpa;De 5-9;43
El Oro;Atahualpa;De 10-14;34
El Oro;Atahualpa;De 15-19;28
El Oro;Atahualpa;De 20-24;39
El Oro;Atahualpa;De 25-29;35
El Oro;Atahualpa;De 30-34;29
El Oro;Atahualpa;De 35-39;26
El Oro;Atahualpa;De 40-44;34
El Oro;Atahualpa;De 45-49;24
El Oro;Atahualpa;De 50-54;21
El Oro;Atahualpa;De 55-59;32
El Oro;Atahualpa;De 60-64;30
El Oro;Atahualpa;De 65-69;16
El Oro;Atahualpa;De 70-74;18
El Oro;Atahualpa;De 75-79;13
El Oro;Atahualpa;De 80-84;7
El Oro;Atahualpa;85 o más;8
El Oro;Atahualpa;Total San Juan de Cerro Azul;302
El Oro;Atahualpa;De 0-4;30
El Oro;Atahualpa;De 5-9;31
El Oro;Atahualpa;De 10-14;27
El Oro;Atahualpa;De 15-19;23
El Oro;Atahualpa;De 20-24;24
El Oro;Atahualpa;De 25-29;19
El Oro;Atahualpa;De 30-34;22
El Oro;Atahualpa;De 35-39;11
El Oro;Atahualpa;De 40-44;24
El Oro;Atahualpa;De 45-49;9
El Oro;Atahualpa;De 50-54;21
El Oro;Atahualpa;De 55-59;10
El Oro;Atahualpa;De 60-64;14
El Oro;Atahualpa;De 65-69;8
El Oro;Atahualpa;De 70-74;9
El Oro;Atahualpa;De 75-79;9
El Oro;Atahualpa;De 80-84;6
El Oro;Atahualpa;85 o más;5
El Oro;Balsas;Total Balsas;7.875
El Oro;Balsas;De 0-4;529
El Oro;Balsas;De 5-9;685
El Oro;Balsas;De 10-14;778
El Oro;Balsas;De 15-19;724
El Oro;Balsas;De 20-24;621
El Oro;Balsas;De 25-29;634
El Oro;Balsas;De 30-34;609
El Oro;Balsas;De 35-39;529
El Oro;Balsas;De 40-44;551
El Oro;Balsas;De 45-49;455
El Oro;Balsas;De 50-54;372
El Oro;Balsas;De 55-59;352
El Oro;Balsas;De 60-64;321
El Oro;Balsas;De 65-69;231
El Oro;Balsas;De 70-74;177
El Oro;Balsas;De 75-79;132
El Oro;Balsas;De 80-84;90
El Oro;Balsas;85 o más;85
El Oro;Balsas;Total Balsas;6.289
El Oro;Balsas;De 0-4;419
El Oro;Balsas;De 5-9;538
El Oro;Balsas;De 10-14;622
El Oro;Balsas;De 15-19;566
El Oro;Balsas;De 20-24;486
El Oro;Balsas;De 25-29;524
El Oro;Balsas;De 30-34;484
El Oro;Balsas;De 35-39;411
El Oro;Balsas;De 40-44;441
El Oro;Balsas;De 45-49;355
El Oro;Balsas;De 50-54;311
El Oro;Balsas;De 55-59;299
El Oro;Balsas;De 60-64;261
El Oro;Balsas;De 65-69;182
El Oro;Balsas;De 70-74;140
El Oro;Balsas;De 75-79;107
El Oro;Balsas;De 80-84;75
El Oro;Balsas;85 o más;68
El Oro;Balsas;Total Bellamaría;1.586
El Oro;Balsas;De 0-4;110
El Oro;Balsas;De 5-9;147
El Oro;Balsas;De 10-14;156
El Oro;Balsas;De 15-19;158
El Oro;Balsas;De 20-24;135
El Oro;Balsas;De 25-29;110
El Oro;Balsas;De 30-34;125
El Oro;Balsas;De 35-39;118
El Oro;Balsas;De 40-44;110
El Oro;Balsas;De 45-49;100
El Oro;Balsas;De 50-54;61
El Oro;Balsas;De 55-59;53
El Oro;Balsas;De 60-64;60
El Oro;Balsas;De 65-69;49
El Oro;Balsas;De 70-74;37
El Oro;Balsas;De 75-79;25
El Oro;Balsas;De 80-84;15
El Oro;Balsas;85 o más;17
El Oro;Chilla;Total Chilla;2.251
El Oro;Chilla;De 0-4;146
El Oro;Chilla;De 5-9;187
El Oro;Chilla;De 10-14;212
El Oro;Chilla;De 15-19;208
El Oro;Chilla;De 20-24;192
El Oro;Chilla;De 25-29;136
El Oro;Chilla;De 30-34;127
El Oro;Chilla;De 35-39;125
El Oro;Chilla;De 40-44;126
El Oro;Chilla;De 45-49;102
El Oro;Chilla;De 50-54;105
El Oro;Chilla;De 55-59;103
El Oro;Chilla;De 60-64;95
El Oro;Chilla;De 65-69;103
El Oro;Chilla;De 70-74;94
El Oro;Chilla;De 75-79;72
El Oro;Chilla;De 80-84;49
El Oro;Chilla;85 o más;69
El Oro;Chilla;Total Chilla;2.251
El Oro;Chilla;De 0-4;146
El Oro;Chilla;De 5-9;187
El Oro;Chilla;De 10-14;212
El Oro;Chilla;De 15-19;208
El Oro;Chilla;De 20-24;192
El Oro;Chilla;De 25-29;136
El Oro;Chilla;De 30-34;127
El Oro;Chilla;De 35-39;125
El Oro;Chilla;De 40-44;126
El Oro;Chilla;De 45-49;102
El Oro;Chilla;De 50-54;105
El Oro;Chilla;De 55-59;103
El Oro;Chilla;De 60-64;95
El Oro;Chilla;De 65-69;103
El Oro;Chilla;De 70-74;94
El Oro;Chilla;De 75-79;72
El Oro;Chilla;De 80-84;49
El Oro;Chilla;85 o más;69
El Oro;El Guabo;Total El Guabo;59.536
El Oro;El Guabo;De 0-4;5.774
El Oro;El Guabo;De 5-9;5.327
El Oro;El Guabo;De 10-14;5.979
El Oro;El Guabo;De 15-19;5.506
El Oro;El Guabo;De 20-24;5.767
El Oro;El Guabo;De 25-29;4.929
El Oro;El Guabo;De 30-34;4.330
El Oro;El Guabo;De 35-39;4.047
El Oro;El Guabo;De 40-44;3.825
El Oro;El Guabo;De 45-49;3.171
El Oro;El Guabo;De 50-54;2.691
El Oro;El Guabo;De 55-59;2.304
El Oro;El Guabo;De 60-64;1.801
El Oro;El Guabo;De 65-69;1.450
El Oro;El Guabo;De 70-74;1.044
El Oro;El Guabo;De 75-79;761
El Oro;El Guabo;De 80-84;446
El Oro;El Guabo;85 o más;384
El Oro;El Guabo;Total El Guabo;35.467
El Oro;El Guabo;De 0-4;3.232
El Oro;El Guabo;De 5-9;3.080
El Oro;El Guabo;De 10-14;3.529
El Oro;El Guabo;De 15-19;3.198
El Oro;El Guabo;De 20-24;3.367
El Oro;El Guabo;De 25-29;2.920
El Oro;El Guabo;De 30-34;2.592
El Oro;El Guabo;De 35-39;2.428
El Oro;El Guabo;De 40-44;2.312
El Oro;El Guabo;De 45-49;1.904
El Oro;El Guabo;De 50-54;1.700
El Oro;El Guabo;De 55-59;1.482
El Oro;El Guabo;De 60-64;1.130
El Oro;El Guabo;De 65-69;908
El Oro;El Guabo;De 70-74;657
El Oro;El Guabo;De 75-79;481
El Oro;El Guabo;De 80-84;297
El Oro;El Guabo;85 o más;250
El Oro;El Guabo;Total Barbones;7.364
El Oro;El Guabo;De 0-4;787
El Oro;El Guabo;De 5-9;671
El Oro;El Guabo;De 10-14;702
El Oro;El Guabo;De 15-19;716
El Oro;El Guabo;De 20-24;738
El Oro;El Guabo;De 25-29;649
El Oro;El Guabo;De 30-34;520
El Oro;El Guabo;De 35-39;473
El Oro;El Guabo;De 40-44;455
El Oro;El Guabo;De 45-49;439
El Oro;El Guabo;De 50-54;327
El Oro;El Guabo;De 55-59;242
El Oro;El Guabo;De 60-64;194
El Oro;El Guabo;De 65-69;160
El Oro;El Guabo;De 70-74;110
El Oro;El Guabo;De 75-79;98
El Oro;El Guabo;De 80-84;47
El Oro;El Guabo;85 o más;36
El Oro;El Guabo;Total La Iberia;4.433
El Oro;El Guabo;De 0-4;432
El Oro;El Guabo;De 5-9;400
El Oro;El Guabo;De 10-14;504
El Oro;El Guabo;De 15-19;416
El Oro;El Guabo;De 20-24;381
El Oro;El Guabo;De 25-29;330
El Oro;El Guabo;De 30-34;332
El Oro;El Guabo;De 35-39;339
El Oro;El Guabo;De 40-44;298
El Oro;El Guabo;De 45-49;237
El Oro;El Guabo;De 50-54;162
El Oro;El Guabo;De 55-59;166
El Oro;El Guabo;De 60-64;133
El Oro;El Guabo;De 65-69;105
El Oro;El Guabo;De 70-74;85
El Oro;El Guabo;De 75-79;62
El Oro;El Guabo;De 80-84;26
El Oro;El Guabo;85 o más;25
El Oro;El Guabo;Total Tendales;5.388
El Oro;El Guabo;De 0-4;628
El Oro;El Guabo;De 5-9;517
El Oro;El Guabo;De 10-14;553
El Oro;El Guabo;De 15-19;502
El Oro;El Guabo;De 20-24;583
El Oro;El Guabo;De 25-29;459
El Oro;El Guabo;De 30-34;401
El Oro;El Guabo;De 35-39;334
El Oro;El Guabo;De 40-44;323
El Oro;El Guabo;De 45-49;257
El Oro;El Guabo;De 50-54;221
El Oro;El Guabo;De 55-59;194
El Oro;El Guabo;De 60-64;150
El Oro;El Guabo;De 65-69;105
El Oro;El Guabo;De 70-74;69
El Oro;El Guabo;De 75-79;44
El Oro;El Guabo;De 80-84;23
El Oro;El Guabo;85 o más;25
El Oro;El Guabo;Total Río Bonito;6.884
El Oro;El Guabo;De 0-4;695
El Oro;El Guabo;De 5-9;659
El Oro;El Guabo;De 10-14;691
El Oro;El Guabo;De 15-19;674
El Oro;El Guabo;De 20-24;698
El Oro;El Guabo;De 25-29;571
El Oro;El Guabo;De 30-34;485
El Oro;El Guabo;De 35-39;473
El Oro;El Guabo;De 40-44;437
El Oro;El Guabo;De 45-49;334
El Oro;El Guabo;De 50-54;281
El Oro;El Guabo;De 55-59;220
El Oro;El Guabo;De 60-64;194
El Oro;El Guabo;De 65-69;172
El Oro;El Guabo;De 70-74;123
El Oro;El Guabo;De 75-79;76
El Oro;El Guabo;De 80-84;53
El Oro;El Guabo;85 o más;48
El Oro;Huaquillas;Total Huaquillas;56.303
El Oro;Huaquillas;De 0-4;4.747
El Oro;Huaquillas;De 5-9;5.037
El Oro;Huaquillas;De 10-14;5.395
El Oro;Huaquillas;De 15-19;5.348
El Oro;Huaquillas;De 20-24;5.387
El Oro;Huaquillas;De 25-29;4.690
El Oro;Huaquillas;De 30-34;4.196
El Oro;Huaquillas;De 35-39;3.931
El Oro;Huaquillas;De 40-44;3.695
El Oro;Huaquillas;De 45-49;3.201
El Oro;Huaquillas;De 50-54;2.692
El Oro;Huaquillas;De 55-59;2.340
El Oro;Huaquillas;De 60-64;1.776
El Oro;Huaquillas;De 65-69;1.446
El Oro;Huaquillas;De 70-74;978
El Oro;Huaquillas;De 75-79;688
El Oro;Huaquillas;De 80-84;390
El Oro;Huaquillas;85 o más;366
El Oro;Huaquillas;Total Huaquillas;56.303
El Oro;Huaquillas;De 0-4;4.747
El Oro;Huaquillas;De 5-9;5.037
El Oro;Huaquillas;De 10-14;5.395
El Oro;Huaquillas;De 15-19;5.348
El Oro;Huaquillas;De 20-24;5.387
El Oro;Huaquillas;De 25-29;4.690
El Oro;Huaquillas;De 30-34;4.196
El Oro;Huaquillas;De 35-39;3.931
El Oro;Huaquillas;De 40-44;3.695
El Oro;Huaquillas;De 45-49;3.201
El Oro;Huaquillas;De 50-54;2.692
El Oro;Huaquillas;De 55-59;2.340
El Oro;Huaquillas;De 60-64;1.776
El Oro;Huaquillas;De 65-69;1.446
El Oro;Huaquillas;De 70-74;978
El Oro;Huaquillas;De 75-79;688
El Oro;Huaquillas;De 80-84;390
El Oro;Huaquillas;85 o más;366
El Oro;Marcabelí;Total Marcabelí;6.870
El Oro;Marcabelí;De 0-4;502
El Oro;Marcabelí;De 5-9;521
El Oro;Marcabelí;De 10-14;627
El Oro;Marcabelí;De 15-19;607
El Oro;Marcabelí;De 20-24;550
El Oro;Marcabelí;De 25-29;559
El Oro;Marcabelí;De 30-34;510
El Oro;Marcabelí;De 35-39;485
El Oro;Marcabelí;De 40-44;464
El Oro;Marcabelí;De 45-49;369
El Oro;Marcabelí;De 50-54;317
El Oro;Marcabelí;De 55-59;311
El Oro;Marcabelí;De 60-64;243
El Oro;Marcabelí;De 65-69;235
El Oro;Marcabelí;De 70-74;200
El Oro;Marcabelí;De 75-79;121
El Oro;Marcabelí;De 80-84;129
El Oro;Marcabelí;85 o más;120
El Oro;Marcabelí;Total Marcabelí;6.614
El Oro;Marcabelí;De 0-4;490
El Oro;Marcabelí;De 5-9;505
El Oro;Marcabelí;De 10-14;612
El Oro;Marcabelí;De 15-19;588
El Oro;Marcabelí;De 20-24;533
El Oro;Marcabelí;De 25-29;541
El Oro;Marcabelí;De 30-34;500
El Oro;Marcabelí;De 35-39;467
El Oro;Marcabelí;De 40-44;445
El Oro;Marcabelí;De 45-49;356
El Oro;Marcabelí;De 50-54;299
El Oro;Marcabelí;De 55-59;289
El Oro;Marcabelí;De 60-64;229
El Oro;Marcabelí;De 65-69;228
El Oro;Marcabelí;De 70-74;183
El Oro;Marcabelí;De 75-79;116
El Oro;Marcabelí;De 80-84;121
El Oro;Marcabelí;85 o más;112
El Oro;Marcabelí;Total El Ingenio;256
El Oro;Marcabelí;De 0-4;12
El Oro;Marcabelí;De 5-9;16
El Oro;Marcabelí;De 10-14;15
El Oro;Marcabelí;De 15-19;19
El Oro;Marcabelí;De 20-24;17
El Oro;Marcabelí;De 25-29;18
El Oro;Marcabelí;De 30-34;10
El Oro;Marcabelí;De 35-39;18
El Oro;Marcabelí;De 40-44;19
El Oro;Marcabelí;De 45-49;13
El Oro;Marcabelí;De 50-54;18
El Oro;Marcabelí;De 55-59;22
El Oro;Marcabelí;De 60-64;14
El Oro;Marcabelí;De 65-69;7
El Oro;Marcabelí;De 70-74;17
El Oro;Marcabelí;De 75-79;5
El Oro;Marcabelí;De 80-84;8
El Oro;Marcabelí;85 o más;8
El Oro;Pasaje;Total Pasaje;83.597
El Oro;Pasaje;De 0-4;6.342
El Oro;Pasaje;De 5-9;6.757
El Oro;Pasaje;De 10-14;7.511
El Oro;Pasaje;De 15-19;7.232
El Oro;Pasaje;De 20-24;7.385
El Oro;Pasaje;De 25-29;6.547
El Oro;Pasaje;De 30-34;5.850
El Oro;Pasaje;De 35-39;5.711
El Oro;Pasaje;De 40-44;5.446
El Oro;Pasaje;De 45-49;4.888
El Oro;Pasaje;De 50-54;4.398
El Oro;Pasaje;De 55-59;4.010
El Oro;Pasaje;De 60-64;3.206
El Oro;Pasaje;De 65-69;2.802
El Oro;Pasaje;De 70-74;2.050
El Oro;Pasaje;De 75-79;1.554
El Oro;Pasaje;De 80-84;1.002
El Oro;Pasaje;85 o más;906
El Oro;Pasaje;Total Pasaje;60.966
El Oro;Pasaje;De 0-4;4.428
El Oro;Pasaje;De 5-9;4.928
El Oro;Pasaje;De 10-14;5.421
El Oro;Pasaje;De 15-19;5.124
El Oro;Pasaje;De 20-24;5.325
El Oro;Pasaje;De 25-29;4.786
El Oro;Pasaje;De 30-34;4.353
El Oro;Pasaje;De 35-39;4.234
El Oro;Pasaje;De 40-44;3.965
El Oro;Pasaje;De 45-49;3.594
El Oro;Pasaje;De 50-54;3.259
El Oro;Pasaje;De 55-59;3.057
El Oro;Pasaje;De 60-64;2.388
El Oro;Pasaje;De 65-69;2.086
El Oro;Pasaje;De 70-74;1.509
El Oro;Pasaje;De 75-79;1.151
El Oro;Pasaje;De 80-84;704
El Oro;Pasaje;85 o más;654
El Oro;Pasaje;Total Buenavista;7.744
El Oro;Pasaje;De 0-4;682
El Oro;Pasaje;De 5-9;676
El Oro;Pasaje;De 10-14;743
El Oro;Pasaje;De 15-19;732
El Oro;Pasaje;De 20-24;762
El Oro;Pasaje;De 25-29;659
El Oro;Pasaje;De 30-34;498
El Oro;Pasaje;De 35-39;509
El Oro;Pasaje;De 40-44;527
El Oro;Pasaje;De 45-49;466
El Oro;Pasaje;De 50-54;352
El Oro;Pasaje;De 55-59;299
El Oro;Pasaje;De 60-64;250
El Oro;Pasaje;De 65-69;220
El Oro;Pasaje;De 70-74;162
El Oro;Pasaje;De 75-79;98
El Oro;Pasaje;De 80-84;61
El Oro;Pasaje;85 o más;48
El Oro;Pasaje;Total Casacay;2.887
El Oro;Pasaje;De 0-4;237
El Oro;Pasaje;De 5-9;217
El Oro;Pasaje;De 10-14;280
El Oro;Pasaje;De 15-19;291
El Oro;Pasaje;De 20-24;223
El Oro;Pasaje;De 25-29;211
El Oro;Pasaje;De 30-34;195
El Oro;Pasaje;De 35-39;181
El Oro;Pasaje;De 40-44;201
El Oro;Pasaje;De 45-49;164
El Oro;Pasaje;De 50-54;133
El Oro;Pasaje;De 55-59;110
El Oro;Pasaje;De 60-64;116
El Oro;Pasaje;De 65-69;91
El Oro;Pasaje;De 70-74;72
El Oro;Pasaje;De 75-79;63
El Oro;Pasaje;De 80-84;48
El Oro;Pasaje;85 o más;54
El Oro;Pasaje;Total La Peaña;4.025
El Oro;Pasaje;De 0-4;343
El Oro;Pasaje;De 5-9;302
El Oro;Pasaje;De 10-14;353
El Oro;Pasaje;De 15-19;329
El Oro;Pasaje;De 20-24;369
El Oro;Pasaje;De 25-29;332
El Oro;Pasaje;De 30-34;284
El Oro;Pasaje;De 35-39;264
El Oro;Pasaje;De 40-44;263
El Oro;Pasaje;De 45-49;245
El Oro;Pasaje;De 50-54;198
El Oro;Pasaje;De 55-59;194
El Oro;Pasaje;De 60-64;160
El Oro;Pasaje;De 65-69;138
El Oro;Pasaje;De 70-74;87
El Oro;Pasaje;De 75-79;74
El Oro;Pasaje;De 80-84;53
El Oro;Pasaje;85 o más;37
El Oro;Pasaje;Total Progreso;4.906
El Oro;Pasaje;De 0-4;407
El Oro;Pasaje;De 5-9;392
El Oro;Pasaje;De 10-14;448
El Oro;Pasaje;De 15-19;481
El Oro;Pasaje;De 20-24;440
El Oro;Pasaje;De 25-29;346
El Oro;Pasaje;De 30-34;314
El Oro;Pasaje;De 35-39;323
El Oro;Pasaje;De 40-44;294
El Oro;Pasaje;De 45-49;230
El Oro;Pasaje;De 50-54;282
El Oro;Pasaje;De 55-59;230
El Oro;Pasaje;De 60-64;171
El Oro;Pasaje;De 65-69;158
El Oro;Pasaje;De 70-74;134
El Oro;Pasaje;De 75-79;106
El Oro;Pasaje;De 80-84;81
El Oro;Pasaje;85 o más;69
El Oro;Pasaje;Total Uzhcurrumi;904
El Oro;Pasaje;De 0-4;46
El Oro;Pasaje;De 5-9;62
El Oro;Pasaje;De 10-14;84
El Oro;Pasaje;De 15-19;71
El Oro;Pasaje;De 20-24;55
El Oro;Pasaje;De 25-29;48
El Oro;Pasaje;De 30-34;46
El Oro;Pasaje;De 35-39;65
El Oro;Pasaje;De 40-44;60
El Oro;Pasaje;De 45-49;53
El Oro;Pasaje;De 50-54;62
El Oro;Pasaje;De 55-59;37
El Oro;Pasaje;De 60-64;38
El Oro;Pasaje;De 65-69;50
El Oro;Pasaje;De 70-74;37
El Oro;Pasaje;De 75-79;34
El Oro;Pasaje;De 80-84;35
El Oro;Pasaje;85 o más;21
El Oro;Pasaje;Total Cañaquemada;2.165
El Oro;Pasaje;De 0-4;199
El Oro;Pasaje;De 5-9;180
El Oro;Pasaje;De 10-14;182
El Oro;Pasaje;De 15-19;204
El Oro;Pasaje;De 20-24;211
El Oro;Pasaje;De 25-29;165
El Oro;Pasaje;De 30-34;160
El Oro;Pasaje;De 35-39;135
El Oro;Pasaje;De 40-44;136
El Oro;Pasaje;De 45-49;136
El Oro;Pasaje;De 50-54;112
El Oro;Pasaje;De 55-59;83
El Oro;Pasaje;De 60-64;83
El Oro;Pasaje;De 65-69;59
El Oro;Pasaje;De 70-74;49
El Oro;Pasaje;De 75-79;28
El Oro;Pasaje;De 80-84;20
El Oro;Pasaje;85 o más;23
El Oro;Piñas;Total Piñas;29.406
El Oro;Piñas;De 0-4;1.925
El Oro;Piñas;De 5-9;2.208
El Oro;Piñas;De 10-14;2.434
El Oro;Piñas;De 15-19;2.358
El Oro;Piñas;De 20-24;2.172
El Oro;Piñas;De 25-29;2.170
El Oro;Piñas;De 30-34;2.103
El Oro;Piñas;De 35-39;2.045
El Oro;Piñas;De 40-44;2.028
El Oro;Piñas;De 45-49;1.745
El Oro;Piñas;De 50-54;1.678
El Oro;Piñas;De 55-59;1.558
El Oro;Piñas;De 60-64;1.307
El Oro;Piñas;De 65-69;1.115
El Oro;Piñas;De 70-74;894
El Oro;Piñas;De 75-79;673
El Oro;Piñas;De 80-84;486
El Oro;Piñas;85 o más;507
El Oro;Piñas;Total Piñas;20.479
El Oro;Piñas;De 0-4;1.367
El Oro;Piñas;De 5-9;1.573
El Oro;Piñas;De 10-14;1.717
El Oro;Piñas;De 15-19;1.629
El Oro;Piñas;De 20-24;1.539
El Oro;Piñas;De 25-29;1.607
El Oro;Piñas;De 30-34;1.549
El Oro;Piñas;De 35-39;1.487
El Oro;Piñas;De 40-44;1.438
El Oro;Piñas;De 45-49;1.199
El Oro;Piñas;De 50-54;1.166
El Oro;Piñas;De 55-59;1.064
El Oro;Piñas;De 60-64;892
El Oro;Piñas;De 65-69;690
El Oro;Piñas;De 70-74;547
El Oro;Piñas;De 75-79;414
El Oro;Piñas;De 80-84;288
El Oro;Piñas;85 o más;313
El Oro;Piñas;Total Capiro;1.820
El Oro;Piñas;De 0-4;93
El Oro;Piñas;De 5-9;121
El Oro;Piñas;De 10-14;144
El Oro;Piñas;De 15-19;131
El Oro;Piñas;De 20-24;129
El Oro;Piñas;De 25-29;119
El Oro;Piñas;De 30-34;109
El Oro;Piñas;De 35-39;112
El Oro;Piñas;De 40-44;122
El Oro;Piñas;De 45-49;118
El Oro;Piñas;De 50-54;127
El Oro;Piñas;De 55-59;121
El Oro;Piñas;De 60-64;89
El Oro;Piñas;De 65-69;88
El Oro;Piñas;De 70-74;78
El Oro;Piñas;De 75-79;55
El Oro;Piñas;De 80-84;40
El Oro;Piñas;85 o más;24
El Oro;Piñas;Total La Bocana;1.357
El Oro;Piñas;De 0-4;79
El Oro;Piñas;De 5-9;90
El Oro;Piñas;De 10-14;108
El Oro;Piñas;De 15-19;125
El Oro;Piñas;De 20-24;96
El Oro;Piñas;De 25-29;84
El Oro;Piñas;De 30-34;74
El Oro;Piñas;De 35-39;84
El Oro;Piñas;De 40-44;90
El Oro;Piñas;De 45-49;77
El Oro;Piñas;De 50-54;69
El Oro;Piñas;De 55-59;80
El Oro;Piñas;De 60-64;68
El Oro;Piñas;De 65-69;77
El Oro;Piñas;De 70-74;49
El Oro;Piñas;De 75-79;36
El Oro;Piñas;De 80-84;30
El Oro;Piñas;85 o más;41
El Oro;Piñas;Total Moromoro;1.264
El Oro;Piñas;De 0-4;79
El Oro;Piñas;De 5-9;79
El Oro;Piñas;De 10-14;97
El Oro;Piñas;De 15-19;105
El Oro;Piñas;De 20-24;61
El Oro;Piñas;De 25-29;75
El Oro;Piñas;De 30-34;58
El Oro;Piñas;De 35-39;75
El Oro;Piñas;De 40-44;90
El Oro;Piñas;De 45-49;77
El Oro;Piñas;De 50-54;69
El Oro;Piñas;De 55-59;63
El Oro;Piñas;De 60-64;62
El Oro;Piñas;De 65-69;76
El Oro;Piñas;De 70-74;58
El Oro;Piñas;De 75-79;61
El Oro;Piñas;De 80-84;38
El Oro;Piñas;85 o más;41
El Oro;Piñas;Total Piedras;517
El Oro;Piñas;De 0-4;24
El Oro;Piñas;De 5-9;34
El Oro;Piñas;De 10-14;32
El Oro;Piñas;De 15-19;37
El Oro;Piñas;De 20-24;47
El Oro;Piñas;De 25-29;39
El Oro;Piñas;De 30-34;29
El Oro;Piñas;De 35-39;24
El Oro;Piñas;De 40-44;30
El Oro;Piñas;De 45-49;33
El Oro;Piñas;De 50-54;27
El Oro;Piñas;De 55-59;33
El Oro;Piñas;De 60-64;30
El Oro;Piñas;De 65-69;19
El Oro;Piñas;De 70-74;25
El Oro;Piñas;De 75-79;21
El Oro;Piñas;De 80-84;18
El Oro;Piñas;85 o más;15
El Oro;Piñas;Total San Roque;1.194
El Oro;Piñas;De 0-4;76
El Oro;Piñas;De 5-9;95
El Oro;Piñas;De 10-14;84
El Oro;Piñas;De 15-19;74
El Oro;Piñas;De 20-24;69
El Oro;Piñas;De 25-29;73
El Oro;Piñas;De 30-34;79
El Oro;Piñas;De 35-39;84
El Oro;Piñas;De 40-44;74
El Oro;Piñas;De 45-49;86
El Oro;Piñas;De 50-54;67
El Oro;Piñas;De 55-59;67
El Oro;Piñas;De 60-64;57
El Oro;Piñas;De 65-69;65
El Oro;Piñas;De 70-74;50
El Oro;Piñas;De 75-79;37
El Oro;Piñas;De 80-84;27
El Oro;Piñas;85 o más;30
El Oro;Piñas;Total Saracay;2.775
El Oro;Piñas;De 0-4;207
El Oro;Piñas;De 5-9;216
El Oro;Piñas;De 10-14;252
El Oro;Piñas;De 15-19;257
El Oro;Piñas;De 20-24;231
El Oro;Piñas;De 25-29;173
El Oro;Piñas;De 30-34;205
El Oro;Piñas;De 35-39;179
El Oro;Piñas;De 40-44;184
El Oro;Piñas;De 45-49;155
El Oro;Piñas;De 50-54;153
El Oro;Piñas;De 55-59;130
El Oro;Piñas;De 60-64;109
El Oro;Piñas;De 65-69;100
El Oro;Piñas;De 70-74;87
El Oro;Piñas;De 75-79;49
El Oro;Piñas;De 80-84;45
El Oro;Piñas;85 o más;43
El Oro;Portovelo;Total Portovelo;13.556
El Oro;Portovelo;De 0-4;1.088
El Oro;Portovelo;De 5-9;1.073
El Oro;Portovelo;De 10-14;1.199
El Oro;Portovelo;De 15-19;1.112
El Oro;Portovelo;De 20-24;1.137
El Oro;Portovelo;De 25-29;1.094
El Oro;Portovelo;De 30-34;1.077
El Oro;Portovelo;De 35-39;913
El Oro;Portovelo;De 40-44;808
El Oro;Portovelo;De 45-49;780
El Oro;Portovelo;De 50-54;746
El Oro;Portovelo;De 55-59;623
El Oro;Portovelo;De 60-64;510
El Oro;Portovelo;De 65-69;389
El Oro;Portovelo;De 70-74;338
El Oro;Portovelo;De 75-79;287
El Oro;Portovelo;De 80-84;198
El Oro;Portovelo;85 o más;184
El Oro;Portovelo;Total Portovelo;11.389
El Oro;Portovelo;De 0-4;949
El Oro;Portovelo;De 5-9;926
El Oro;Portovelo;De 10-14;997
El Oro;Portovelo;De 15-19;935
El Oro;Portovelo;De 20-24;987
El Oro;Portovelo;De 25-29;950
El Oro;Portovelo;De 30-34;957
El Oro;Portovelo;De 35-39;778
El Oro;Portovelo;De 40-44;682
El Oro;Portovelo;De 45-49;653
El Oro;Portovelo;De 50-54;623
El Oro;Portovelo;De 55-59;503
El Oro;Portovelo;De 60-64;405
El Oro;Portovelo;De 65-69;289
El Oro;Portovelo;De 70-74;242
El Oro;Portovelo;De 75-79;222
El Oro;Portovelo;De 80-84;154
El Oro;Portovelo;85 o más;137
El Oro;Portovelo;Total Curtincapa;538
El Oro;Portovelo;De 0-4;23
El Oro;Portovelo;De 5-9;29
El Oro;Portovelo;De 10-14;52
El Oro;Portovelo;De 15-19;40
El Oro;Portovelo;De 20-24;38
El Oro;Portovelo;De 25-29;43
El Oro;Portovelo;De 30-34;29
El Oro;Portovelo;De 35-39;34
El Oro;Portovelo;De 40-44;23
El Oro;Portovelo;De 45-49;42
El Oro;Portovelo;De 50-54;40
El Oro;Portovelo;De 55-59;33
El Oro;Portovelo;De 60-64;16
El Oro;Portovelo;De 65-69;35
El Oro;Portovelo;De 70-74;21
El Oro;Portovelo;De 75-79;15
El Oro;Portovelo;De 80-84;10
El Oro;Portovelo;85 o más;15
El Oro;Portovelo;Total Morales;692
El Oro;Portovelo;De 0-4;63
El Oro;Portovelo;De 5-9;58
El Oro;Portovelo;De 10-14;65
El Oro;Portovelo;De 15-19;44
El Oro;Portovelo;De 20-24;49
El Oro;Portovelo;De 25-29;60
El Oro;Portovelo;De 30-34;57
El Oro;Portovelo;De 35-39;50
El Oro;Portovelo;De 40-44;39
El Oro;Portovelo;De 45-49;27
El Oro;Portovelo;De 50-54;32
El Oro;Portovelo;De 55-59;37
El Oro;Portovelo;De 60-64;33
El Oro;Portovelo;De 65-69;18
El Oro;Portovelo;De 70-74;17
El Oro;Portovelo;De 75-79;17
El Oro;Portovelo;De 80-84;16
El Oro;Portovelo;85 o más;10
El Oro;Portovelo;Total Salatí;937
El Oro;Portovelo;De 0-4;53
El Oro;Portovelo;De 5-9;60
El Oro;Portovelo;De 10-14;85
El Oro;Portovelo;De 15-19;93
El Oro;Portovelo;De 20-24;63
El Oro;Portovelo;De 25-29;41
El Oro;Portovelo;De 30-34;34
El Oro;Portovelo;De 35-39;51
El Oro;Portovelo;De 40-44;64
El Oro;Portovelo;De 45-49;58
El Oro;Portovelo;De 50-54;51
El Oro;Portovelo;De 55-59;50
El Oro;Portovelo;De 60-64;56
El Oro;Portovelo;De 65-69;47
El Oro;Portovelo;De 70-74;58
El Oro;Portovelo;De 75-79;33
El Oro;Portovelo;De 80-84;18
El Oro;Portovelo;85 o más;22
El Oro;Santa Rosa;Total Santa Rosa;80.299
El Oro;Santa Rosa;De 0-4;6.568
El Oro;Santa Rosa;De 5-9;6.795
El Oro;Santa Rosa;De 10-14;7.443
El Oro;Santa Rosa;De 15-19;6.993
El Oro;Santa Rosa;De 20-24;7.039
El Oro;Santa Rosa;De 25-29;6.338
El Oro;Santa Rosa;De 30-34;5.663
El Oro;Santa Rosa;De 35-39;5.515
El Oro;Santa Rosa;De 40-44;5.073
El Oro;Santa Rosa;De 45-49;4.377
El Oro;Santa Rosa;De 50-54;4.250
El Oro;Santa Rosa;De 55-59;3.558
El Oro;Santa Rosa;De 60-64;3.207
El Oro;Santa Rosa;De 65-69;2.610
El Oro;Santa Rosa;De 70-74;1.872
El Oro;Santa Rosa;De 75-79;1.378
El Oro;Santa Rosa;De 80-84;773
El Oro;Santa Rosa;85 o más;847
El Oro;Santa Rosa;Total Santa Rosa;61.493
El Oro;Santa Rosa;De 0-4;5.000
El Oro;Santa Rosa;De 5-9;5.291
El Oro;Santa Rosa;De 10-14;5.716
El Oro;Santa Rosa;De 15-19;5.342
El Oro;Santa Rosa;De 20-24;5.337
El Oro;Santa Rosa;De 25-29;4.910
El Oro;Santa Rosa;De 30-34;4.384
El Oro;Santa Rosa;De 35-39;4.274
El Oro;Santa Rosa;De 40-44;3.884
El Oro;Santa Rosa;De 45-49;3.375
El Oro;Santa Rosa;De 50-54;3.221
El Oro;Santa Rosa;De 55-59;2.752
El Oro;Santa Rosa;De 60-64;2.464
El Oro;Santa Rosa;De 65-69;1.989
El Oro;Santa Rosa;De 70-74;1.389
El Oro;Santa Rosa;De 75-79;1.006
El Oro;Santa Rosa;De 80-84;554
El Oro;Santa Rosa;85 o más;605
El Oro;Santa Rosa;Total Bellavista;5.047
El Oro;Santa Rosa;De 0-4;418
El Oro;Santa Rosa;De 5-9;387
El Oro;Santa Rosa;De 10-14;450
El Oro;Santa Rosa;De 15-19;435
El Oro;Santa Rosa;De 20-24;454
El Oro;Santa Rosa;De 25-29;341
El Oro;Santa Rosa;De 30-34;327
El Oro;Santa Rosa;De 35-39;348
El Oro;Santa Rosa;De 40-44;347
El Oro;Santa Rosa;De 45-49;269
El Oro;Santa Rosa;De 50-54;286
El Oro;Santa Rosa;De 55-59;230
El Oro;Santa Rosa;De 60-64;197
El Oro;Santa Rosa;De 65-69;182
El Oro;Santa Rosa;De 70-74;148
El Oro;Santa Rosa;De 75-79;82
El Oro;Santa Rosa;De 80-84;78
El Oro;Santa Rosa;85 o más;68
El Oro;Santa Rosa;Total Jambelí;1.246
El Oro;Santa Rosa;De 0-4;128
El Oro;Santa Rosa;De 5-9;101
El Oro;Santa Rosa;De 10-14;128
El Oro;Santa Rosa;De 15-19;111
El Oro;Santa Rosa;De 20-24;119
El Oro;Santa Rosa;De 25-29;120
El Oro;Santa Rosa;De 30-34;76
El Oro;Santa Rosa;De 35-39;83
El Oro;Santa Rosa;De 40-44;61
El Oro;Santa Rosa;De 45-49;73
El Oro;Santa Rosa;De 50-54;65
El Oro;Santa Rosa;De 55-59;41
El Oro;Santa Rosa;De 60-64;38
El Oro;Santa Rosa;De 65-69;23
El Oro;Santa Rosa;De 70-74;38
El Oro;Santa Rosa;De 75-79;20
El Oro;Santa Rosa;De 80-84;8
El Oro;Santa Rosa;85 o más;13
El Oro;Santa Rosa;Total La Avanzada;2.435
El Oro;Santa Rosa;De 0-4;203
El Oro;Santa Rosa;De 5-9;192
El Oro;Santa Rosa;De 10-14;187
El Oro;Santa Rosa;De 15-19;176
El Oro;Santa Rosa;De 20-24;206
El Oro;Santa Rosa;De 25-29;194
El Oro;Santa Rosa;De 30-34;181
El Oro;Santa Rosa;De 35-39;160
El Oro;Santa Rosa;De 40-44;164
El Oro;Santa Rosa;De 45-49;118
El Oro;Santa Rosa;De 50-54;114
El Oro;Santa Rosa;De 55-59;106
El Oro;Santa Rosa;De 60-64;121
El Oro;Santa Rosa;De 65-69;91
El Oro;Santa Rosa;De 70-74;73
El Oro;Santa Rosa;De 75-79;67
El Oro;Santa Rosa;De 80-84;36
El Oro;Santa Rosa;85 o más;46
El Oro;Santa Rosa;Total San Antonio;1.446
El Oro;Santa Rosa;De 0-4;127
El Oro;Santa Rosa;De 5-9;121
El Oro;Santa Rosa;De 10-14;143
El Oro;Santa Rosa;De 15-19;127
El Oro;Santa Rosa;De 20-24;146
El Oro;Santa Rosa;De 25-29;121
El Oro;Santa Rosa;De 30-34;93
El Oro;Santa Rosa;De 35-39;89
El Oro;Santa Rosa;De 40-44;92
El Oro;Santa Rosa;De 45-49;64
El Oro;Santa Rosa;De 50-54;96
El Oro;Santa Rosa;De 55-59;53
El Oro;Santa Rosa;De 60-64;44
El Oro;Santa Rosa;De 65-69;40
El Oro;Santa Rosa;De 70-74;31
El Oro;Santa Rosa;De 75-79;23
El Oro;Santa Rosa;De 80-84;12
El Oro;Santa Rosa;85 o más;24
El Oro;Santa Rosa;Total Torata;2.174
El Oro;Santa Rosa;De 0-4;152
El Oro;Santa Rosa;De 5-9;162
El Oro;Santa Rosa;De 10-14;160
El Oro;Santa Rosa;De 15-19;191
El Oro;Santa Rosa;De 20-24;227
El Oro;Santa Rosa;De 25-29;183
El Oro;Santa Rosa;De 30-34;126
El Oro;Santa Rosa;De 35-39;137
El Oro;Santa Rosa;De 40-44;138
El Oro;Santa Rosa;De 45-49;146
El Oro;Santa Rosa;De 50-54;129
El Oro;Santa Rosa;De 55-59;107
El Oro;Santa Rosa;De 60-64;88
El Oro;Santa Rosa;De 65-69;74
El Oro;Santa Rosa;De 70-74;50
El Oro;Santa Rosa;De 75-79;40
El Oro;Santa Rosa;De 80-84;28
El Oro;Santa Rosa;85 o más;36
El Oro;Santa Rosa;Total Victoria;3.726
El Oro;Santa Rosa;De 0-4;320
El Oro;Santa Rosa;De 5-9;348
El Oro;Santa Rosa;De 10-14;389
El Oro;Santa Rosa;De 15-19;348
El Oro;Santa Rosa;De 20-24;338
El Oro;Santa Rosa;De 25-29;292
El Oro;Santa Rosa;De 30-34;271
El Oro;Santa Rosa;De 35-39;242
El Oro;Santa Rosa;De 40-44;197
El Oro;Santa Rosa;De 45-49;197
El Oro;Santa Rosa;De 50-54;183
El Oro;Santa Rosa;De 55-59;141
El Oro;Santa Rosa;De 60-64;127
El Oro;Santa Rosa;De 65-69;115
El Oro;Santa Rosa;De 70-74;86
El Oro;Santa Rosa;De 75-79;77
El Oro;Santa Rosa;De 80-84;26
El Oro;Santa Rosa;85 o más;29
El Oro;Santa Rosa;Total Bellamaría;2.732
El Oro;Santa Rosa;De 0-4;220
El Oro;Santa Rosa;De 5-9;193
El Oro;Santa Rosa;De 10-14;270
El Oro;Santa Rosa;De 15-19;263
El Oro;Santa Rosa;De 20-24;212
El Oro;Santa Rosa;De 25-29;177
El Oro;Santa Rosa;De 30-34;205
El Oro;Santa Rosa;De 35-39;182
El Oro;Santa Rosa;De 40-44;190
El Oro;Santa Rosa;De 45-49;135
El Oro;Santa Rosa;De 50-54;156
El Oro;Santa Rosa;De 55-59;128
El Oro;Santa Rosa;De 60-64;128
El Oro;Santa Rosa;De 65-69;96
El Oro;Santa Rosa;De 70-74;57
El Oro;Santa Rosa;De 75-79;63
El Oro;Santa Rosa;De 80-84;31
El Oro;Santa Rosa;85 o más;26
El Oro;Zaruma;Total Zaruma;24.374
El Oro;Zaruma;De 0-4;1.603
El Oro;Zaruma;De 5-9;1.765
El Oro;Zaruma;De 10-14;2.085
El Oro;Zaruma;De 15-19;2.048
El Oro;Zaruma;De 20-24;1.835
El Oro;Zaruma;De 25-29;1.720
El Oro;Zaruma;De 30-34;1.600
El Oro;Zaruma;De 35-39;1.501
El Oro;Zaruma;De 40-44;1.552
El Oro;Zaruma;De 45-49;1.430
El Oro;Zaruma;De 50-54;1.541
El Oro;Zaruma;De 55-59;1.366
El Oro;Zaruma;De 60-64;1.145
El Oro;Zaruma;De 65-69;886
El Oro;Zaruma;De 70-74;751
El Oro;Zaruma;De 75-79;590
El Oro;Zaruma;De 80-84;464
El Oro;Zaruma;85 o más;492
El Oro;Zaruma;Total Zaruma;11.592
El Oro;Zaruma;De 0-4;761
El Oro;Zaruma;De 5-9;863
El Oro;Zaruma;De 10-14;955
El Oro;Zaruma;De 15-19;956
El Oro;Zaruma;De 20-24;870
El Oro;Zaruma;De 25-29;905
El Oro;Zaruma;De 30-34;830
El Oro;Zaruma;De 35-39;732
El Oro;Zaruma;De 40-44;786
El Oro;Zaruma;De 45-49;681
El Oro;Zaruma;De 50-54;746
El Oro;Zaruma;De 55-59;634
El Oro;Zaruma;De 60-64;558
El Oro;Zaruma;De 65-69;396
El Oro;Zaruma;De 70-74;294
El Oro;Zaruma;De 75-79;221
El Oro;Zaruma;De 80-84;182
El Oro;Zaruma;85 o más;222
El Oro;Zaruma;Total Abañín;1.333
El Oro;Zaruma;De 0-4;80
El Oro;Zaruma;De 5-9;90
El Oro;Zaruma;De 10-14;98
El Oro;Zaruma;De 15-19;137
El Oro;Zaruma;De 20-24;106
El Oro;Zaruma;De 25-29;74
El Oro;Zaruma;De 30-34;69
El Oro;Zaruma;De 35-39;87
El Oro;Zaruma;De 40-44;74
El Oro;Zaruma;De 45-49;62
El Oro;Zaruma;De 50-54;72
El Oro;Zaruma;De 55-59;73
El Oro;Zaruma;De 60-64;68
El Oro;Zaruma;De 65-69;57
El Oro;Zaruma;De 70-74;67
El Oro;Zaruma;De 75-79;52
El Oro;Zaruma;De 80-84;32
El Oro;Zaruma;85 o más;35
El Oro;Zaruma;Total Arcapamba;970
El Oro;Zaruma;De 0-4;43
El Oro;Zaruma;De 5-9;79
El Oro;Zaruma;De 10-14;75
El Oro;Zaruma;De 15-19;65
El Oro;Zaruma;De 20-24;44
El Oro;Zaruma;De 25-29;54
El Oro;Zaruma;De 30-34;74
El Oro;Zaruma;De 35-39;70
El Oro;Zaruma;De 40-44;74
El Oro;Zaruma;De 45-49;63
El Oro;Zaruma;De 50-54;74
El Oro;Zaruma;De 55-59;73
El Oro;Zaruma;De 60-64;47
El Oro;Zaruma;De 65-69;42
El Oro;Zaruma;De 70-74;30
El Oro;Zaruma;De 75-79;24
El Oro;Zaruma;De 80-84;20
El Oro;Zaruma;85 o más;19
El Oro;Zaruma;Total Guanazán;2.195
El Oro;Zaruma;De 0-4;157
El Oro;Zaruma;De 5-9;160
El Oro;Zaruma;De 10-14;240
El Oro;Zaruma;De 15-19;217
El Oro;Zaruma;De 20-24;138
El Oro;Zaruma;De 25-29;108
El Oro;Zaruma;De 30-34;93
El Oro;Zaruma;De 35-39;91
El Oro;Zaruma;De 40-44;106
El Oro;Zaruma;De 45-49;122
El Oro;Zaruma;De 50-54;126
El Oro;Zaruma;De 55-59;133
El Oro;Zaruma;De 60-64;103
El Oro;Zaruma;De 65-69;96
El Oro;Zaruma;De 70-74;104
El Oro;Zaruma;De 75-79;80
El Oro;Zaruma;De 80-84;64
El Oro;Zaruma;85 o más;57
El Oro;Zaruma;Total Guizhaguiña;1.832
El Oro;Zaruma;De 0-4;115
El Oro;Zaruma;De 5-9;134
El Oro;Zaruma;De 10-14;155
El Oro;Zaruma;De 15-19;151
El Oro;Zaruma;De 20-24;161
El Oro;Zaruma;De 25-29;129
El Oro;Zaruma;De 30-34;104
El Oro;Zaruma;De 35-39;119
El Oro;Zaruma;De 40-44;122
El Oro;Zaruma;De 45-49;90
El Oro;Zaruma;De 50-54;99
El Oro;Zaruma;De 55-59;98
El Oro;Zaruma;De 60-64;86
El Oro;Zaruma;De 65-69;69
El Oro;Zaruma;De 70-74;64
El Oro;Zaruma;De 75-79;50
El Oro;Zaruma;De 80-84;47
El Oro;Zaruma;85 o más;39
El Oro;Zaruma;Total Huertas;2.310
El Oro;Zaruma;De 0-4;157
El Oro;Zaruma;De 5-9;167
El Oro;Zaruma;De 10-14;218
El Oro;Zaruma;De 15-19;195
El Oro;Zaruma;De 20-24;166
El Oro;Zaruma;De 25-29;139
El Oro;Zaruma;De 30-34;152
El Oro;Zaruma;De 35-39;157
El Oro;Zaruma;De 40-44;157
El Oro;Zaruma;De 45-49;150
El Oro;Zaruma;De 50-54;161
El Oro;Zaruma;De 55-59;108
El Oro;Zaruma;De 60-64;101
El Oro;Zaruma;De 65-69;80
El Oro;Zaruma;De 70-74;81
El Oro;Zaruma;De 75-79;56
El Oro;Zaruma;De 80-84;34
El Oro;Zaruma;85 o más;31
El Oro;Zaruma;Total Malvas;963
El Oro;Zaruma;De 0-4;63
El Oro;Zaruma;De 5-9;56
El Oro;Zaruma;De 10-14;80
El Oro;Zaruma;De 15-19;71
El Oro;Zaruma;De 20-24;72
El Oro;Zaruma;De 25-29;74
El Oro;Zaruma;De 30-34;62
El Oro;Zaruma;De 35-39;61
El Oro;Zaruma;De 40-44;52
El Oro;Zaruma;De 45-49;71
El Oro;Zaruma;De 50-54;73
El Oro;Zaruma;De 55-59;69
El Oro;Zaruma;De 60-64;41
El Oro;Zaruma;De 65-69;36
El Oro;Zaruma;De 70-74;19
El Oro;Zaruma;De 75-79;29
El Oro;Zaruma;De 80-84;21
El Oro;Zaruma;85 o más;13
El Oro;Zaruma;Total Muluncay Grande;817
El Oro;Zaruma;De 0-4;51
El Oro;Zaruma;De 5-9;45
El Oro;Zaruma;De 10-14;67
El Oro;Zaruma;De 15-19;57
El Oro;Zaruma;De 20-24;62
El Oro;Zaruma;De 25-29;50
El Oro;Zaruma;De 30-34;52
El Oro;Zaruma;De 35-39;53
El Oro;Zaruma;De 40-44;44
El Oro;Zaruma;De 45-49;56
El Oro;Zaruma;De 50-54;43
El Oro;Zaruma;De 55-59;55
El Oro;Zaruma;De 60-64;47
El Oro;Zaruma;De 65-69;33
El Oro;Zaruma;De 70-74;32
El Oro;Zaruma;De 75-79;21
El Oro;Zaruma;De 80-84;22
El Oro;Zaruma;85 o más;27
El Oro;Zaruma;Total Sinsao;1.594
El Oro;Zaruma;De 0-4;121
El Oro;Zaruma;De 5-9;114
El Oro;Zaruma;De 10-14;129
El Oro;Zaruma;De 15-19;124
El Oro;Zaruma;De 20-24;145
El Oro;Zaruma;De 25-29;132
El Oro;Zaruma;De 30-34;112
El Oro;Zaruma;De 35-39;90
El Oro;Zaruma;De 40-44;88
El Oro;Zaruma;De 45-49;84
El Oro;Zaruma;De 50-54;103
El Oro;Zaruma;De 55-59;89
El Oro;Zaruma;De 60-64;67
El Oro;Zaruma;De 65-69;51
El Oro;Zaruma;De 70-74;40
El Oro;Zaruma;De 75-79;38
El Oro;Zaruma;De 80-84;28
El Oro;Zaruma;85 o más;39
El Oro;Zaruma;Total Salvias;768
El Oro;Zaruma;De 0-4;55
El Oro;Zaruma;De 5-9;57
El Oro;Zaruma;De 10-14;68
El Oro;Zaruma;De 15-19;75
El Oro;Zaruma;De 20-24;71
El Oro;Zaruma;De 25-29;55
El Oro;Zaruma;De 30-34;52
El Oro;Zaruma;De 35-39;41
El Oro;Zaruma;De 40-44;49
El Oro;Zaruma;De 45-49;51
El Oro;Zaruma;De 50-54;44
El Oro;Zaruma;De 55-59;34
El Oro;Zaruma;De 60-64;27
El Oro;Zaruma;De 65-69;26
El Oro;Zaruma;De 70-74;20
El Oro;Zaruma;De 75-79;19
El Oro;Zaruma;De 80-84;14
El Oro;Zaruma;85 o más;10
El Oro;Las Lajas;Total Las Lajas;5.738
El Oro;Las Lajas;De 0-4;378
El Oro;Las Lajas;De 5-9;485
El Oro;Las Lajas;De 10-14;408
El Oro;Las Lajas;De 15-19;432
El Oro;Las Lajas;De 20-24;474
El Oro;Las Lajas;De 25-29;398
El Oro;Las Lajas;De 30-34;337
El Oro;Las Lajas;De 35-39;345
El Oro;Las Lajas;De 40-44;379
El Oro;Las Lajas;De 45-49;373
El Oro;Las Lajas;De 50-54;373
El Oro;Las Lajas;De 55-59;296
El Oro;Las Lajas;De 60-64;261
El Oro;Las Lajas;De 65-69;209
El Oro;Las Lajas;De 70-74;169
El Oro;Las Lajas;De 75-79;201
El Oro;Las Lajas;De 80-84;102
El Oro;Las Lajas;85 o más;118
El Oro;Las Lajas;Total La Victoria;3.287
El Oro;Las Lajas;De 0-4;218
El Oro;Las Lajas;De 5-9;285
El Oro;Las Lajas;De 10-14;232
El Oro;Las Lajas;De 15-19;266
El Oro;Las Lajas;De 20-24;271
El Oro;Las Lajas;De 25-29;229
El Oro;Las Lajas;De 30-34;194
El Oro;Las Lajas;De 35-39;195
El Oro;Las Lajas;De 40-44;225
El Oro;Las Lajas;De 45-49;205
El Oro;Las Lajas;De 50-54;215
El Oro;Las Lajas;De 55-59;162
El Oro;Las Lajas;De 60-64;151
El Oro;Las Lajas;De 65-69;111
El Oro;Las Lajas;De 70-74;89
El Oro;Las Lajas;De 75-79;106
El Oro;Las Lajas;De 80-84;61
El Oro;Las Lajas;85 o más;72
El Oro;Las Lajas;Total La Libertad;871
El Oro;Las Lajas;De 0-4;39
El Oro;Las Lajas;De 5-9;77
El Oro;Las Lajas;De 10-14;62
El Oro;Las Lajas;De 15-19;57
El Oro;Las Lajas;De 20-24;67
El Oro;Las Lajas;De 25-29;59
El Oro;Las Lajas;De 30-34;46
El Oro;Las Lajas;De 35-39;51
El Oro;Las Lajas;De 40-44;51
El Oro;Las Lajas;De 45-49;59
El Oro;Las Lajas;De 50-54;64
El Oro;Las Lajas;De 55-59;58
El Oro;Las Lajas;De 60-64;42
El Oro;Las Lajas;De 65-69;39
El Oro;Las Lajas;De 70-74;25
El Oro;Las Lajas;De 75-79;41
El Oro;Las Lajas;De 80-84;17
El Oro;Las Lajas;85 o más;17
El Oro;Las Lajas;Total El Paraíso;880
El Oro;Las Lajas;De 0-4;59
El Oro;Las Lajas;De 5-9;70
El Oro;Las Lajas;De 10-14;62
El Oro;Las Lajas;De 15-19;48
El Oro;Las Lajas;De 20-24;67
El Oro;Las Lajas;De 25-29;64
El Oro;Las Lajas;De 30-34;51
El Oro;Las Lajas;De 35-39;59
El Oro;Las Lajas;De 40-44;59
El Oro;Las Lajas;De 45-49;57
El Oro;Las Lajas;De 50-54;60
El Oro;Las Lajas;De 55-59;47
El Oro;Las Lajas;De 60-64;42
El Oro;Las Lajas;De 65-69;31
El Oro;Las Lajas;De 70-74;31
El Oro;Las Lajas;De 75-79;35
El Oro;Las Lajas;De 80-84;19
El Oro;Las Lajas;85 o más;19
El Oro;Las Lajas;Total San Isidro;700
El Oro;Las Lajas;De 0-4;62
El Oro;Las Lajas;De 5-9;53
El Oro;Las Lajas;De 10-14;52
El Oro;Las Lajas;De 15-19;61
El Oro;Las Lajas;De 20-24;69
El Oro;Las Lajas;De 25-29;46
El Oro;Las Lajas;De 30-34;46
El Oro;Las Lajas;De 35-39;40
El Oro;Las Lajas;De 40-44;44
El Oro;Las Lajas;De 45-49;52
El Oro;Las Lajas;De 50-54;34
El Oro;Las Lajas;De 55-59;29
El Oro;Las Lajas;De 60-64;26
El Oro;Las Lajas;De 65-69;28
El Oro;Las Lajas;De 70-74;24
El Oro;Las Lajas;De 75-79;19
El Oro;Las Lajas;De 80-84;5
El Oro;Las Lajas;85 o más;10
Esmeraldas;Total Esmeraldas;Total Esmeraldas;553.900
Esmeraldas;Total Esmeraldas;De 0-4;55.478
Esmeraldas;Total Esmeraldas;De 5-9;55.421
Esmeraldas;Total Esmeraldas;De 10-14;65.177
Esmeraldas;Total Esmeraldas;De 15-19;57.761
Esmeraldas;Total Esmeraldas;De 20-24;48.606
Esmeraldas;Total Esmeraldas;De 25-29;41.113
Esmeraldas;Total Esmeraldas;De 30-34;37.800
Esmeraldas;Total Esmeraldas;De 35-39;34.608
Esmeraldas;Total Esmeraldas;De 40-44;31.711
Esmeraldas;Total Esmeraldas;De 45-49;26.293
Esmeraldas;Total Esmeraldas;De 50-54;23.057
Esmeraldas;Total Esmeraldas;De 55-59;20.544
Esmeraldas;Total Esmeraldas;De 60-64;17.553
Esmeraldas;Total Esmeraldas;De 65-69;14.424
Esmeraldas;Total Esmeraldas;De 70-74;9.811
Esmeraldas;Total Esmeraldas;De 75-79;6.476
Esmeraldas;Total Esmeraldas;De 80-84;4.100
Esmeraldas;Total Esmeraldas;85 o más;3.967
Esmeraldas;Esmeraldas;Total Esmeraldas;211.848
Esmeraldas;Esmeraldas;De 0-4;18.968
Esmeraldas;Esmeraldas;De 5-9;20.139
Esmeraldas;Esmeraldas;De 10-14;23.851
Esmeraldas;Esmeraldas;De 15-19;20.733
Esmeraldas;Esmeraldas;De 20-24;18.048
Esmeraldas;Esmeraldas;De 25-29;15.697
Esmeraldas;Esmeraldas;De 30-34;14.812
Esmeraldas;Esmeraldas;De 35-39;13.969
Esmeraldas;Esmeraldas;De 40-44;13.105
Esmeraldas;Esmeraldas;De 45-49;10.714
Esmeraldas;Esmeraldas;De 50-54;9.363
Esmeraldas;Esmeraldas;De 55-59;8.526
Esmeraldas;Esmeraldas;De 60-64;7.466
Esmeraldas;Esmeraldas;De 65-69;6.226
Esmeraldas;Esmeraldas;De 70-74;4.090
Esmeraldas;Esmeraldas;De 75-79;2.700
Esmeraldas;Esmeraldas;De 80-84;1.689
Esmeraldas;Esmeraldas;85 o más;1.752
Esmeraldas;Esmeraldas;Total Esmeraldas;170.529
Esmeraldas;Esmeraldas;De 0-4;14.652
Esmeraldas;Esmeraldas;De 5-9;15.939
Esmeraldas;Esmeraldas;De 10-14;18.634
Esmeraldas;Esmeraldas;De 15-19;16.145
Esmeraldas;Esmeraldas;De 20-24;14.583
Esmeraldas;Esmeraldas;De 25-29;12.857
Esmeraldas;Esmeraldas;De 30-34;12.258
Esmeraldas;Esmeraldas;De 35-39;11.443
Esmeraldas;Esmeraldas;De 40-44;10.747
Esmeraldas;Esmeraldas;De 45-49;8.785
Esmeraldas;Esmeraldas;De 50-54;7.745
Esmeraldas;Esmeraldas;De 55-59;7.098
Esmeraldas;Esmeraldas;De 60-64;6.153
Esmeraldas;Esmeraldas;De 65-69;5.183
Esmeraldas;Esmeraldas;De 70-74;3.344
Esmeraldas;Esmeraldas;De 75-79;2.185
Esmeraldas;Esmeraldas;De 80-84;1.358
Esmeraldas;Esmeraldas;85 o más;1.420
Esmeraldas;Esmeraldas;Total Camarones;3.949
Esmeraldas;Esmeraldas;De 0-4;425
Esmeraldas;Esmeraldas;De 5-9;405
Esmeraldas;Esmeraldas;De 10-14;489
Esmeraldas;Esmeraldas;De 15-19;450
Esmeraldas;Esmeraldas;De 20-24;335
Esmeraldas;Esmeraldas;De 25-29;298
Esmeraldas;Esmeraldas;De 30-34;240
Esmeraldas;Esmeraldas;De 35-39;229
Esmeraldas;Esmeraldas;De 40-44;193
Esmeraldas;Esmeraldas;De 45-49;208
Esmeraldas;Esmeraldas;De 50-54;139
Esmeraldas;Esmeraldas;De 55-59;116
Esmeraldas;Esmeraldas;De 60-64;113
Esmeraldas;Esmeraldas;De 65-69;102
Esmeraldas;Esmeraldas;De 70-74;77
Esmeraldas;Esmeraldas;De 75-79;57
Esmeraldas;Esmeraldas;De 80-84;41
Esmeraldas;Esmeraldas;85 o más;32
Esmeraldas;Esmeraldas;Total Coronel Carlos Concha Torres;2.760
Esmeraldas;Esmeraldas;De 0-4;315
Esmeraldas;Esmeraldas;De 5-9;275
Esmeraldas;Esmeraldas;De 10-14;353
Esmeraldas;Esmeraldas;De 15-19;340
Esmeraldas;Esmeraldas;De 20-24;257
Esmeraldas;Esmeraldas;De 25-29;186
Esmeraldas;Esmeraldas;De 30-34;133
Esmeraldas;Esmeraldas;De 35-39;140
Esmeraldas;Esmeraldas;De 40-44;157
Esmeraldas;Esmeraldas;De 45-49;130
Esmeraldas;Esmeraldas;De 50-54;104
Esmeraldas;Esmeraldas;De 55-59;114
Esmeraldas;Esmeraldas;De 60-64;83
Esmeraldas;Esmeraldas;De 65-69;66
Esmeraldas;Esmeraldas;De 70-74;47
Esmeraldas;Esmeraldas;De 75-79;24
Esmeraldas;Esmeraldas;De 80-84;22
Esmeraldas;Esmeraldas;85 o más;14
Esmeraldas;Esmeraldas;Total Chinca;5.109
Esmeraldas;Esmeraldas;De 0-4;553
Esmeraldas;Esmeraldas;De 5-9;550
Esmeraldas;Esmeraldas;De 10-14;651
Esmeraldas;Esmeraldas;De 15-19;607
Esmeraldas;Esmeraldas;De 20-24;451
Esmeraldas;Esmeraldas;De 25-29;364
Esmeraldas;Esmeraldas;De 30-34;281
Esmeraldas;Esmeraldas;De 35-39;250
Esmeraldas;Esmeraldas;De 40-44;256
Esmeraldas;Esmeraldas;De 45-49;217
Esmeraldas;Esmeraldas;De 50-54;194
Esmeraldas;Esmeraldas;De 55-59;180
Esmeraldas;Esmeraldas;De 60-64;160
Esmeraldas;Esmeraldas;De 65-69;149
Esmeraldas;Esmeraldas;De 70-74;102
Esmeraldas;Esmeraldas;De 75-79;66
Esmeraldas;Esmeraldas;De 80-84;34
Esmeraldas;Esmeraldas;85 o más;44
Esmeraldas;Esmeraldas;Total Majua;3.368
Esmeraldas;Esmeraldas;De 0-4;333
Esmeraldas;Esmeraldas;De 5-9;333
Esmeraldas;Esmeraldas;De 10-14;456
Esmeraldas;Esmeraldas;De 15-19;369
Esmeraldas;Esmeraldas;De 20-24;303
Esmeraldas;Esmeraldas;De 25-29;240
Esmeraldas;Esmeraldas;De 30-34;224
Esmeraldas;Esmeraldas;De 35-39;169
Esmeraldas;Esmeraldas;De 40-44;174
Esmeraldas;Esmeraldas;De 45-49;154
Esmeraldas;Esmeraldas;De 50-54;151
Esmeraldas;Esmeraldas;De 55-59;117
Esmeraldas;Esmeraldas;De 60-64;126
Esmeraldas;Esmeraldas;De 65-69;73
Esmeraldas;Esmeraldas;De 70-74;55
Esmeraldas;Esmeraldas;De 75-79;38
Esmeraldas;Esmeraldas;De 80-84;25
Esmeraldas;Esmeraldas;85 o más;28
Esmeraldas;Esmeraldas;Total San Mateo;7.975
Esmeraldas;Esmeraldas;De 0-4;818
Esmeraldas;Esmeraldas;De 5-9;776
Esmeraldas;Esmeraldas;De 10-14;1.046
Esmeraldas;Esmeraldas;De 15-19;906
Esmeraldas;Esmeraldas;De 20-24;679
Esmeraldas;Esmeraldas;De 25-29;527
Esmeraldas;Esmeraldas;De 30-34;494
Esmeraldas;Esmeraldas;De 35-39;486
Esmeraldas;Esmeraldas;De 40-44;457
Esmeraldas;Esmeraldas;De 45-49;367
Esmeraldas;Esmeraldas;De 50-54;305
Esmeraldas;Esmeraldas;De 55-59;274
Esmeraldas;Esmeraldas;De 60-64;266
Esmeraldas;Esmeraldas;De 65-69;218
Esmeraldas;Esmeraldas;De 70-74;143
Esmeraldas;Esmeraldas;De 75-79;80
Esmeraldas;Esmeraldas;De 80-84;75
Esmeraldas;Esmeraldas;85 o más;58
Esmeraldas;Esmeraldas;Total Tabiazo;2.789
Esmeraldas;Esmeraldas;De 0-4;297
Esmeraldas;Esmeraldas;De 5-9;241
Esmeraldas;Esmeraldas;De 10-14;318
Esmeraldas;Esmeraldas;De 15-19;324
Esmeraldas;Esmeraldas;De 20-24;219
Esmeraldas;Esmeraldas;De 25-29;186
Esmeraldas;Esmeraldas;De 30-34;154
Esmeraldas;Esmeraldas;De 35-39;166
Esmeraldas;Esmeraldas;De 40-44;127
Esmeraldas;Esmeraldas;De 45-49;142
Esmeraldas;Esmeraldas;De 50-54;104
Esmeraldas;Esmeraldas;De 55-59;117
Esmeraldas;Esmeraldas;De 60-64;116
Esmeraldas;Esmeraldas;De 65-69;75
Esmeraldas;Esmeraldas;De 70-74;70
Esmeraldas;Esmeraldas;De 75-79;60
Esmeraldas;Esmeraldas;De 80-84;27
Esmeraldas;Esmeraldas;85 o más;46
Esmeraldas;Esmeraldas;Total Tachina;6.439
Esmeraldas;Esmeraldas;De 0-4;628
Esmeraldas;Esmeraldas;De 5-9;663
Esmeraldas;Esmeraldas;De 10-14;740
Esmeraldas;Esmeraldas;De 15-19;622
Esmeraldas;Esmeraldas;De 20-24;538
Esmeraldas;Esmeraldas;De 25-29;448
Esmeraldas;Esmeraldas;De 30-34;413
Esmeraldas;Esmeraldas;De 35-39;466
Esmeraldas;Esmeraldas;De 40-44;441
Esmeraldas;Esmeraldas;De 45-49;299
Esmeraldas;Esmeraldas;De 50-54;261
Esmeraldas;Esmeraldas;De 55-59;198
Esmeraldas;Esmeraldas;De 60-64;213
Esmeraldas;Esmeraldas;De 65-69;161
Esmeraldas;Esmeraldas;De 70-74;140
Esmeraldas;Esmeraldas;De 75-79;84
Esmeraldas;Esmeraldas;De 80-84;57
Esmeraldas;Esmeraldas;85 o más;67
Esmeraldas;Esmeraldas;Total Vuelta Larga;8.930
Esmeraldas;Esmeraldas;De 0-4;947
Esmeraldas;Esmeraldas;De 5-9;957
Esmeraldas;Esmeraldas;De 10-14;1.164
Esmeraldas;Esmeraldas;De 15-19;970
Esmeraldas;Esmeraldas;De 20-24;683
Esmeraldas;Esmeraldas;De 25-29;591
Esmeraldas;Esmeraldas;De 30-34;615
Esmeraldas;Esmeraldas;De 35-39;620
Esmeraldas;Esmeraldas;De 40-44;553
Esmeraldas;Esmeraldas;De 45-49;412
Esmeraldas;Esmeraldas;De 50-54;360
Esmeraldas;Esmeraldas;De 55-59;312
Esmeraldas;Esmeraldas;De 60-64;236
Esmeraldas;Esmeraldas;De 65-69;199
Esmeraldas;Esmeraldas;De 70-74;112
Esmeraldas;Esmeraldas;De 75-79;106
Esmeraldas;Esmeraldas;De 80-84;50
Esmeraldas;Esmeraldas;85 o más;43
Esmeraldas;Eloy Alfaro;Total Eloy Alfaro;46.305
Esmeraldas;Eloy Alfaro;De 0-4;5.314
Esmeraldas;Eloy Alfaro;De 5-9;4.803
Esmeraldas;Eloy Alfaro;De 10-14;5.950
Esmeraldas;Eloy Alfaro;De 15-19;5.280
Esmeraldas;Eloy Alfaro;De 20-24;4.206
Esmeraldas;Eloy Alfaro;De 25-29;3.513
Esmeraldas;Eloy Alfaro;De 30-34;2.960
Esmeraldas;Eloy Alfaro;De 35-39;2.429
Esmeraldas;Eloy Alfaro;De 40-44;2.390
Esmeraldas;Eloy Alfaro;De 45-49;1.921
Esmeraldas;Eloy Alfaro;De 50-54;1.754
Esmeraldas;Eloy Alfaro;De 55-59;1.575
Esmeraldas;Eloy Alfaro;De 60-64;1.367
Esmeraldas;Eloy Alfaro;De 65-69;1.076
Esmeraldas;Eloy Alfaro;De 70-74;702
Esmeraldas;Eloy Alfaro;De 75-79;471
Esmeraldas;Eloy Alfaro;De 80-84;306
Esmeraldas;Eloy Alfaro;85 o más;288
Esmeraldas;Eloy Alfaro;Total Valdez;5.848
Esmeraldas;Eloy Alfaro;De 0-4;590
Esmeraldas;Eloy Alfaro;De 5-9;576
Esmeraldas;Eloy Alfaro;De 10-14;706
Esmeraldas;Eloy Alfaro;De 15-19;643
Esmeraldas;Eloy Alfaro;De 20-24;578
Esmeraldas;Eloy Alfaro;De 25-29;415
Esmeraldas;Eloy Alfaro;De 30-34;336
Esmeraldas;Eloy Alfaro;De 35-39;282
Esmeraldas;Eloy Alfaro;De 40-44;317
Esmeraldas;Eloy Alfaro;De 45-49;269
Esmeraldas;Eloy Alfaro;De 50-54;278
Esmeraldas;Eloy Alfaro;De 55-59;229
Esmeraldas;Eloy Alfaro;De 60-64;190
Esmeraldas;Eloy Alfaro;De 65-69;147
Esmeraldas;Eloy Alfaro;De 70-74;115
Esmeraldas;Eloy Alfaro;De 75-79;76
Esmeraldas;Eloy Alfaro;De 80-84;53
Esmeraldas;Eloy Alfaro;85 o más;48
Esmeraldas;Eloy Alfaro;Total Anchayacu;3.075
Esmeraldas;Eloy Alfaro;De 0-4;378
Esmeraldas;Eloy Alfaro;De 5-9;304
Esmeraldas;Eloy Alfaro;De 10-14;373
Esmeraldas;Eloy Alfaro;De 15-19;328
Esmeraldas;Eloy Alfaro;De 20-24;283
Esmeraldas;Eloy Alfaro;De 25-29;214
Esmeraldas;Eloy Alfaro;De 30-34;246
Esmeraldas;Eloy Alfaro;De 35-39;175
Esmeraldas;Eloy Alfaro;De 40-44;162
Esmeraldas;Eloy Alfaro;De 45-49;124
Esmeraldas;Eloy Alfaro;De 50-54;107
Esmeraldas;Eloy Alfaro;De 55-59;107
Esmeraldas;Eloy Alfaro;De 60-64;91
Esmeraldas;Eloy Alfaro;De 65-69;63
Esmeraldas;Eloy Alfaro;De 70-74;57
Esmeraldas;Eloy Alfaro;De 75-79;34
Esmeraldas;Eloy Alfaro;De 80-84;17
Esmeraldas;Eloy Alfaro;85 o más;12
Esmeraldas;Eloy Alfaro;Total Atahualpa;1.388
Esmeraldas;Eloy Alfaro;De 0-4;154
Esmeraldas;Eloy Alfaro;De 5-9;156
Esmeraldas;Eloy Alfaro;De 10-14;159
Esmeraldas;Eloy Alfaro;De 15-19;184
Esmeraldas;Eloy Alfaro;De 20-24;121
Esmeraldas;Eloy Alfaro;De 25-29;97
Esmeraldas;Eloy Alfaro;De 30-34;93
Esmeraldas;Eloy Alfaro;De 35-39;67
Esmeraldas;Eloy Alfaro;De 40-44;69
Esmeraldas;Eloy Alfaro;De 45-49;46
Esmeraldas;Eloy Alfaro;De 50-54;55
Esmeraldas;Eloy Alfaro;De 55-59;57
Esmeraldas;Eloy Alfaro;De 60-64;60
Esmeraldas;Eloy Alfaro;De 65-69;31
Esmeraldas;Eloy Alfaro;De 70-74;19
Esmeraldas;Eloy Alfaro;De 75-79;10
Esmeraldas;Eloy Alfaro;De 80-84;5
Esmeraldas;Eloy Alfaro;85 o más;5
Esmeraldas;Eloy Alfaro;Total Borbón;9.079
Esmeraldas;Eloy Alfaro;De 0-4;1.012
Esmeraldas;Eloy Alfaro;De 5-9;882
Esmeraldas;Eloy Alfaro;De 10-14;1.137
Esmeraldas;Eloy Alfaro;De 15-19;1.051
Esmeraldas;Eloy Alfaro;De 20-24;824
Esmeraldas;Eloy Alfaro;De 25-29;720
Esmeraldas;Eloy Alfaro;De 30-34;618
Esmeraldas;Eloy Alfaro;De 35-39;494
Esmeraldas;Eloy Alfaro;De 40-44;492
Esmeraldas;Eloy Alfaro;De 45-49;383
Esmeraldas;Eloy Alfaro;De 50-54;344
Esmeraldas;Eloy Alfaro;De 55-59;288
Esmeraldas;Eloy Alfaro;De 60-64;267
Esmeraldas;Eloy Alfaro;De 65-69;209
Esmeraldas;Eloy Alfaro;De 70-74;154
Esmeraldas;Eloy Alfaro;De 75-79;91
Esmeraldas;Eloy Alfaro;De 80-84;62
Esmeraldas;Eloy Alfaro;85 o más;51
Esmeraldas;Eloy Alfaro;Total La Tola;2.949
Esmeraldas;Eloy Alfaro;De 0-4;381
Esmeraldas;Eloy Alfaro;De 5-9;259
Esmeraldas;Eloy Alfaro;De 10-14;376
Esmeraldas;Eloy Alfaro;De 15-19;314
Esmeraldas;Eloy Alfaro;De 20-24;265
Esmeraldas;Eloy Alfaro;De 25-29;210
Esmeraldas;Eloy Alfaro;De 30-34;186
Esmeraldas;Eloy Alfaro;De 35-39;134
Esmeraldas;Eloy Alfaro;De 40-44;160
Esmeraldas;Eloy Alfaro;De 45-49;128
Esmeraldas;Eloy Alfaro;De 50-54;113
Esmeraldas;Eloy Alfaro;De 55-59;116
Esmeraldas;Eloy Alfaro;De 60-64;91
Esmeraldas;Eloy Alfaro;De 65-69;65
Esmeraldas;Eloy Alfaro;De 70-74;52
Esmeraldas;Eloy Alfaro;De 75-79;42
Esmeraldas;Eloy Alfaro;De 80-84;24
Esmeraldas;Eloy Alfaro;85 o más;33
Esmeraldas;Eloy Alfaro;Total Luis Vargas Torres;535
Esmeraldas;Eloy Alfaro;De 0-4;56
Esmeraldas;Eloy Alfaro;De 5-9;39
Esmeraldas;Eloy Alfaro;De 10-14;54
Esmeraldas;Eloy Alfaro;De 15-19;77
Esmeraldas;Eloy Alfaro;De 20-24;59
Esmeraldas;Eloy Alfaro;De 25-29;57
Esmeraldas;Eloy Alfaro;De 30-34;33
Esmeraldas;Eloy Alfaro;De 35-39;26
Esmeraldas;Eloy Alfaro;De 40-44;38
Esmeraldas;Eloy Alfaro;De 45-49;17
Esmeraldas;Eloy Alfaro;De 50-54;22
Esmeraldas;Eloy Alfaro;De 55-59;18
Esmeraldas;Eloy Alfaro;De 60-64;11
Esmeraldas;Eloy Alfaro;De 65-69;18
Esmeraldas;Eloy Alfaro;De 70-74;3
Esmeraldas;Eloy Alfaro;De 75-79;2
Esmeraldas;Eloy Alfaro;De 80-84;2
Esmeraldas;Eloy Alfaro;85 o más;3
Esmeraldas;Eloy Alfaro;Total Maldonado;2.100
Esmeraldas;Eloy Alfaro;De 0-4;263
Esmeraldas;Eloy Alfaro;De 5-9;230
Esmeraldas;Eloy Alfaro;De 10-14;255
Esmeraldas;Eloy Alfaro;De 15-19;243
Esmeraldas;Eloy Alfaro;De 20-24;189
Esmeraldas;Eloy Alfaro;De 25-29;145
Esmeraldas;Eloy Alfaro;De 30-34;130
Esmeraldas;Eloy Alfaro;De 35-39;123
Esmeraldas;Eloy Alfaro;De 40-44;99
Esmeraldas;Eloy Alfaro;De 45-49;86
Esmeraldas;Eloy Alfaro;De 50-54;62
Esmeraldas;Eloy Alfaro;De 55-59;69
Esmeraldas;Eloy Alfaro;De 60-64;75
Esmeraldas;Eloy Alfaro;De 65-69;50
Esmeraldas;Eloy Alfaro;De 70-74;43
Esmeraldas;Eloy Alfaro;De 75-79;15
Esmeraldas;Eloy Alfaro;De 80-84;16
Esmeraldas;Eloy Alfaro;85 o más;7
Esmeraldas;Eloy Alfaro;Total Pampanal de Bolívar;1.363
Esmeraldas;Eloy Alfaro;De 0-4;172
Esmeraldas;Eloy Alfaro;De 5-9;149
Esmeraldas;Eloy Alfaro;De 10-14;192
Esmeraldas;Eloy Alfaro;De 15-19;145
Esmeraldas;Eloy Alfaro;De 20-24;116
Esmeraldas;Eloy Alfaro;De 25-29;95
Esmeraldas;Eloy Alfaro;De 30-34;87
Esmeraldas;Eloy Alfaro;De 35-39;78
Esmeraldas;Eloy Alfaro;De 40-44;67
Esmeraldas;Eloy Alfaro;De 45-49;45
Esmeraldas;Eloy Alfaro;De 50-54;37
Esmeraldas;Eloy Alfaro;De 55-59;35
Esmeraldas;Eloy Alfaro;De 60-64;43
Esmeraldas;Eloy Alfaro;De 65-69;40
Esmeraldas;Eloy Alfaro;De 70-74;22
Esmeraldas;Eloy Alfaro;De 75-79;24
Esmeraldas;Eloy Alfaro;De 80-84;8
Esmeraldas;Eloy Alfaro;85 o más;8
Esmeraldas;Eloy Alfaro;Total San Francisco de Onzole;1.838
Esmeraldas;Eloy Alfaro;De 0-4;223
Esmeraldas;Eloy Alfaro;De 5-9;170
Esmeraldas;Eloy Alfaro;De 10-14;210
Esmeraldas;Eloy Alfaro;De 15-19;198
Esmeraldas;Eloy Alfaro;De 20-24;174
Esmeraldas;Eloy Alfaro;De 25-29;143
Esmeraldas;Eloy Alfaro;De 30-34;115
Esmeraldas;Eloy Alfaro;De 35-39;99
Esmeraldas;Eloy Alfaro;De 40-44;98
Esmeraldas;Eloy Alfaro;De 45-49;83
Esmeraldas;Eloy Alfaro;De 50-54;75
Esmeraldas;Eloy Alfaro;De 55-59;74
Esmeraldas;Eloy Alfaro;De 60-64;44
Esmeraldas;Eloy Alfaro;De 65-69;49
Esmeraldas;Eloy Alfaro;De 70-74;35
Esmeraldas;Eloy Alfaro;De 75-79;22
Esmeraldas;Eloy Alfaro;De 80-84;9
Esmeraldas;Eloy Alfaro;85 o más;17
Esmeraldas;Eloy Alfaro;Total Santo Domingo de Onzole;3.577
Esmeraldas;Eloy Alfaro;De 0-4;414
Esmeraldas;Eloy Alfaro;De 5-9;418
Esmeraldas;Eloy Alfaro;De 10-14;509
Esmeraldas;Eloy Alfaro;De 15-19;405
Esmeraldas;Eloy Alfaro;De 20-24;320
Esmeraldas;Eloy Alfaro;De 25-29;283
Esmeraldas;Eloy Alfaro;De 30-34;225
Esmeraldas;Eloy Alfaro;De 35-39;232
Esmeraldas;Eloy Alfaro;De 40-44;173
Esmeraldas;Eloy Alfaro;De 45-49;147
Esmeraldas;Eloy Alfaro;De 50-54;129
Esmeraldas;Eloy Alfaro;De 55-59;99
Esmeraldas;Eloy Alfaro;De 60-64;70
Esmeraldas;Eloy Alfaro;De 65-69;58
Esmeraldas;Eloy Alfaro;De 70-74;36
Esmeraldas;Eloy Alfaro;De 75-79;28
Esmeraldas;Eloy Alfaro;De 80-84;16
Esmeraldas;Eloy Alfaro;85 o más;15
Esmeraldas;Eloy Alfaro;Total Selva Alegre;1.466
Esmeraldas;Eloy Alfaro;De 0-4;145
Esmeraldas;Eloy Alfaro;De 5-9;161
Esmeraldas;Eloy Alfaro;De 10-14;195
Esmeraldas;Eloy Alfaro;De 15-19;145
Esmeraldas;Eloy Alfaro;De 20-24;122
Esmeraldas;Eloy Alfaro;De 25-29;132
Esmeraldas;Eloy Alfaro;De 30-34;114
Esmeraldas;Eloy Alfaro;De 35-39;87
Esmeraldas;Eloy Alfaro;De 40-44;66
Esmeraldas;Eloy Alfaro;De 45-49;49
Esmeraldas;Eloy Alfaro;De 50-54;50
Esmeraldas;Eloy Alfaro;De 55-59;63
Esmeraldas;Eloy Alfaro;De 60-64;48
Esmeraldas;Eloy Alfaro;De 65-69;37
Esmeraldas;Eloy Alfaro;De 70-74;16
Esmeraldas;Eloy Alfaro;De 75-79;17
Esmeraldas;Eloy Alfaro;De 80-84;7
Esmeraldas;Eloy Alfaro;85 o más;12
Esmeraldas;Eloy Alfaro;Total Telembí;6.316
Esmeraldas;Eloy Alfaro;De 0-4;774
Esmeraldas;Eloy Alfaro;De 5-9;761
Esmeraldas;Eloy Alfaro;De 10-14;924
Esmeraldas;Eloy Alfaro;De 15-19;780
Esmeraldas;Eloy Alfaro;De 20-24;573
Esmeraldas;Eloy Alfaro;De 25-29;460
Esmeraldas;Eloy Alfaro;De 30-34;368
Esmeraldas;Eloy Alfaro;De 35-39;266
Esmeraldas;Eloy Alfaro;De 40-44;284
Esmeraldas;Eloy Alfaro;De 45-49;236
Esmeraldas;Eloy Alfaro;De 50-54;235
Esmeraldas;Eloy Alfaro;De 55-59;189
Esmeraldas;Eloy Alfaro;De 60-64;163
Esmeraldas;Eloy Alfaro;De 65-69;143
Esmeraldas;Eloy Alfaro;De 70-74;61
Esmeraldas;Eloy Alfaro;De 75-79;38
Esmeraldas;Eloy Alfaro;De 80-84;34
Esmeraldas;Eloy Alfaro;85 o más;27
Esmeraldas;Eloy Alfaro;Total Colón Eloy del María;2.200
Esmeraldas;Eloy Alfaro;De 0-4;286
Esmeraldas;Eloy Alfaro;De 5-9;229
Esmeraldas;Eloy Alfaro;De 10-14;252
Esmeraldas;Eloy Alfaro;De 15-19;254
Esmeraldas;Eloy Alfaro;De 20-24;196
Esmeraldas;Eloy Alfaro;De 25-29;192
Esmeraldas;Eloy Alfaro;De 30-34;139
Esmeraldas;Eloy Alfaro;De 35-39;105
Esmeraldas;Eloy Alfaro;De 40-44;110
Esmeraldas;Eloy Alfaro;De 45-49;106
Esmeraldas;Eloy Alfaro;De 50-54;75
Esmeraldas;Eloy Alfaro;De 55-59;70
Esmeraldas;Eloy Alfaro;De 60-64;69
Esmeraldas;Eloy Alfaro;De 65-69;54
Esmeraldas;Eloy Alfaro;De 70-74;27
Esmeraldas;Eloy Alfaro;De 75-79;20
Esmeraldas;Eloy Alfaro;De 80-84;7
Esmeraldas;Eloy Alfaro;85 o más;9
Esmeraldas;Eloy Alfaro;Total San José de Cayapas;1.433
Esmeraldas;Eloy Alfaro;De 0-4;142
Esmeraldas;Eloy Alfaro;De 5-9;151
Esmeraldas;Eloy Alfaro;De 10-14;183
Esmeraldas;Eloy Alfaro;De 15-19;178
Esmeraldas;Eloy Alfaro;De 20-24;118
Esmeraldas;Eloy Alfaro;De 25-29;109
Esmeraldas;Eloy Alfaro;De 30-34;68
Esmeraldas;Eloy Alfaro;De 35-39;79
Esmeraldas;Eloy Alfaro;De 40-44;81
Esmeraldas;Eloy Alfaro;De 45-49;64
Esmeraldas;Eloy Alfaro;De 50-54;45
Esmeraldas;Eloy Alfaro;De 55-59;49
Esmeraldas;Eloy Alfaro;De 60-64;61
Esmeraldas;Eloy Alfaro;De 65-69;51
Esmeraldas;Eloy Alfaro;De 70-74;14
Esmeraldas;Eloy Alfaro;De 75-79;14
Esmeraldas;Eloy Alfaro;De 80-84;18
Esmeraldas;Eloy Alfaro;85 o más;8
Esmeraldas;Eloy Alfaro;Total Timbiré;1.153
Esmeraldas;Eloy Alfaro;De 0-4;115
Esmeraldas;Eloy Alfaro;De 5-9;125
Esmeraldas;Eloy Alfaro;De 10-14;154
Esmeraldas;Eloy Alfaro;De 15-19;119
Esmeraldas;Eloy Alfaro;De 20-24;94
Esmeraldas;Eloy Alfaro;De 25-29;76
Esmeraldas;Eloy Alfaro;De 30-34;82
Esmeraldas;Eloy Alfaro;De 35-39;63
Esmeraldas;Eloy Alfaro;De 40-44;68
Esmeraldas;Eloy Alfaro;De 45-49;46
Esmeraldas;Eloy Alfaro;De 50-54;45
Esmeraldas;Eloy Alfaro;De 55-59;37
Esmeraldas;Eloy Alfaro;De 60-64;39
Esmeraldas;Eloy Alfaro;De 65-69;29
Esmeraldas;Eloy Alfaro;De 70-74;15
Esmeraldas;Eloy Alfaro;De 75-79;14
Esmeraldas;Eloy Alfaro;De 80-84;16
Esmeraldas;Eloy Alfaro;85 o más;16
Esmeraldas;Eloy Alfaro;Total Santa Lucía de las Peñas;1.985
Esmeraldas;Eloy Alfaro;De 0-4;209
Esmeraldas;Eloy Alfaro;De 5-9;193
Esmeraldas;Eloy Alfaro;De 10-14;271
Esmeraldas;Eloy Alfaro;De 15-19;216
Esmeraldas;Eloy Alfaro;De 20-24;174
Esmeraldas;Eloy Alfaro;De 25-29;165
Esmeraldas;Eloy Alfaro;De 30-34;120
Esmeraldas;Eloy Alfaro;De 35-39;119
Esmeraldas;Eloy Alfaro;De 40-44;106
Esmeraldas;Eloy Alfaro;De 45-49;92
Esmeraldas;Eloy Alfaro;De 50-54;82
Esmeraldas;Eloy Alfaro;De 55-59;75
Esmeraldas;Eloy Alfaro;De 60-64;45
Esmeraldas;Eloy Alfaro;De 65-69;32
Esmeraldas;Eloy Alfaro;De 70-74;33
Esmeraldas;Eloy Alfaro;De 75-79;24
Esmeraldas;Eloy Alfaro;De 80-84;12
Esmeraldas;Eloy Alfaro;85 o más;17
Esmeraldas;Muisne;Total Muisne;36.426
Esmeraldas;Muisne;De 0-4;4.306
Esmeraldas;Muisne;De 5-9;3.836
Esmeraldas;Muisne;De 10-14;4.406
Esmeraldas;Muisne;De 15-19;3.846
Esmeraldas;Muisne;De 20-24;3.169
Esmeraldas;Muisne;De 25-29;2.574
Esmeraldas;Muisne;De 30-34;2.438
Esmeraldas;Muisne;De 35-39;2.126
Esmeraldas;Muisne;De 40-44;1.862
Esmeraldas;Muisne;De 45-49;1.540
Esmeraldas;Muisne;De 50-54;1.424
Esmeraldas;Muisne;De 55-59;1.338
Esmeraldas;Muisne;De 60-64;1.090
Esmeraldas;Muisne;De 65-69;865
Esmeraldas;Muisne;De 70-74;602
Esmeraldas;Muisne;De 75-79;431
Esmeraldas;Muisne;De 80-84;298
Esmeraldas;Muisne;85 o más;275
Esmeraldas;Muisne;Total Muisne;8.788
Esmeraldas;Muisne;De 0-4;992
Esmeraldas;Muisne;De 5-9;863
Esmeraldas;Muisne;De 10-14;931
Esmeraldas;Muisne;De 15-19;891
Esmeraldas;Muisne;De 20-24;739
Esmeraldas;Muisne;De 25-29;643
Esmeraldas;Muisne;De 30-34;589
Esmeraldas;Muisne;De 35-39;574
Esmeraldas;Muisne;De 40-44;480
Esmeraldas;Muisne;De 45-49;401
Esmeraldas;Muisne;De 50-54;334
Esmeraldas;Muisne;De 55-59;382
Esmeraldas;Muisne;De 60-64;313
Esmeraldas;Muisne;De 65-69;211
Esmeraldas;Muisne;De 70-74;170
Esmeraldas;Muisne;De 75-79;130
Esmeraldas;Muisne;De 80-84;76
Esmeraldas;Muisne;85 o más;69
Esmeraldas;Muisne;Total Bolívar;2.569
Esmeraldas;Muisne;De 0-4;313
Esmeraldas;Muisne;De 5-9;294
Esmeraldas;Muisne;De 10-14;353
Esmeraldas;Muisne;De 15-19;282
Esmeraldas;Muisne;De 20-24;219
Esmeraldas;Muisne;De 25-29;207
Esmeraldas;Muisne;De 30-34;190
Esmeraldas;Muisne;De 35-39;154
Esmeraldas;Muisne;De 40-44;122
Esmeraldas;Muisne;De 45-49;79
Esmeraldas;Muisne;De 50-54;111
Esmeraldas;Muisne;De 55-59;90
Esmeraldas;Muisne;De 60-64;49
Esmeraldas;Muisne;De 65-69;42
Esmeraldas;Muisne;De 70-74;26
Esmeraldas;Muisne;De 75-79;13
Esmeraldas;Muisne;De 80-84;8
Esmeraldas;Muisne;85 o más;17
Esmeraldas;Muisne;Total Daule;2.842
Esmeraldas;Muisne;De 0-4;366
Esmeraldas;Muisne;De 5-9;314
Esmeraldas;Muisne;De 10-14;355
Esmeraldas;Muisne;De 15-19;324
Esmeraldas;Muisne;De 20-24;240
Esmeraldas;Muisne;De 25-29;205
Esmeraldas;Muisne;De 30-34;195
Esmeraldas;Muisne;De 35-39;142
Esmeraldas;Muisne;De 40-44;164
Esmeraldas;Muisne;De 45-49;113
Esmeraldas;Muisne;De 50-54;104
Esmeraldas;Muisne;De 55-59;83
Esmeraldas;Muisne;De 60-64;74
Esmeraldas;Muisne;De 65-69;53
Esmeraldas;Muisne;De 70-74;36
Esmeraldas;Muisne;De 75-79;33
Esmeraldas;Muisne;De 80-84;25
Esmeraldas;Muisne;85 o más;16
Esmeraldas;Muisne;Total Galera;1.659
Esmeraldas;Muisne;De 0-4;179
Esmeraldas;Muisne;De 5-9;160
Esmeraldas;Muisne;De 10-14;170
Esmeraldas;Muisne;De 15-19;167
Esmeraldas;Muisne;De 20-24;167
Esmeraldas;Muisne;De 25-29;112
Esmeraldas;Muisne;De 30-34;95
Esmeraldas;Muisne;De 35-39;93
Esmeraldas;Muisne;De 40-44;98
Esmeraldas;Muisne;De 45-49;79
Esmeraldas;Muisne;De 50-54;62
Esmeraldas;Muisne;De 55-59;68
Esmeraldas;Muisne;De 60-64;55
Esmeraldas;Muisne;De 65-69;46
Esmeraldas;Muisne;De 70-74;41
Esmeraldas;Muisne;De 75-79;42
Esmeraldas;Muisne;De 80-84;16
Esmeraldas;Muisne;85 o más;9
Esmeraldas;Muisne;Total Quingue;533
Esmeraldas;Muisne;De 0-4;57
Esmeraldas;Muisne;De 5-9;42
Esmeraldas;Muisne;De 10-14;63
Esmeraldas;Muisne;De 15-19;54
Esmeraldas;Muisne;De 20-24;47
Esmeraldas;Muisne;De 25-29;26
Esmeraldas;Muisne;De 30-34;31
Esmeraldas;Muisne;De 35-39;29
Esmeraldas;Muisne;De 40-44;37
Esmeraldas;Muisne;De 45-49;26
Esmeraldas;Muisne;De 50-54;14
Esmeraldas;Muisne;De 55-59;15
Esmeraldas;Muisne;De 60-64;23
Esmeraldas;Muisne;De 65-69;17
Esmeraldas;Muisne;De 70-74;19
Esmeraldas;Muisne;De 75-79;18
Esmeraldas;Muisne;De 80-84;8
Esmeraldas;Muisne;85 o más;7
Esmeraldas;Muisne;Total Sálima;1.439
Esmeraldas;Muisne;De 0-4;186
Esmeraldas;Muisne;De 5-9;147
Esmeraldas;Muisne;De 10-14;186
Esmeraldas;Muisne;De 15-19;136
Esmeraldas;Muisne;De 20-24;131
Esmeraldas;Muisne;De 25-29;105
Esmeraldas;Muisne;De 30-34;91
Esmeraldas;Muisne;De 35-39;83
Esmeraldas;Muisne;De 40-44;73
Esmeraldas;Muisne;De 45-49;67
Esmeraldas;Muisne;De 50-54;47
Esmeraldas;Muisne;De 55-59;44
Esmeraldas;Muisne;De 60-64;36
Esmeraldas;Muisne;De 65-69;28
Esmeraldas;Muisne;De 70-74;31
Esmeraldas;Muisne;De 75-79;20
Esmeraldas;Muisne;De 80-84;14
Esmeraldas;Muisne;85 o más;14
Esmeraldas;Muisne;Total San Francisco;5.023
Esmeraldas;Muisne;De 0-4;513
Esmeraldas;Muisne;De 5-9;528
Esmeraldas;Muisne;De 10-14;618
Esmeraldas;Muisne;De 15-19;529
Esmeraldas;Muisne;De 20-24;400
Esmeraldas;Muisne;De 25-29;327
Esmeraldas;Muisne;De 30-34;316
Esmeraldas;Muisne;De 35-39;323
Esmeraldas;Muisne;De 40-44;249
Esmeraldas;Muisne;De 45-49;217
Esmeraldas;Muisne;De 50-54;210
Esmeraldas;Muisne;De 55-59;216
Esmeraldas;Muisne;De 60-64;171
Esmeraldas;Muisne;De 65-69;147
Esmeraldas;Muisne;De 70-74;108
Esmeraldas;Muisne;De 75-79;48
Esmeraldas;Muisne;De 80-84;55
Esmeraldas;Muisne;85 o más;48
Esmeraldas;Muisne;Total San Gregorio;7.864
Esmeraldas;Muisne;De 0-4;962
Esmeraldas;Muisne;De 5-9;887
Esmeraldas;Muisne;De 10-14;1.038
Esmeraldas;Muisne;De 15-19;865
Esmeraldas;Muisne;De 20-24;685
Esmeraldas;Muisne;De 25-29;571
Esmeraldas;Muisne;De 30-34;544
Esmeraldas;Muisne;De 35-39;400
Esmeraldas;Muisne;De 40-44;353
Esmeraldas;Muisne;De 45-49;319
Esmeraldas;Muisne;De 50-54;306
Esmeraldas;Muisne;De 55-59;249
Esmeraldas;Muisne;De 60-64;226
Esmeraldas;Muisne;De 65-69;170
Esmeraldas;Muisne;De 70-74;93
Esmeraldas;Muisne;De 75-79;77
Esmeraldas;Muisne;De 80-84;59
Esmeraldas;Muisne;85 o más;60
Esmeraldas;Muisne;Total San José de Chamanga;5.709
Esmeraldas;Muisne;De 0-4;738
Esmeraldas;Muisne;De 5-9;601
Esmeraldas;Muisne;De 10-14;692
Esmeraldas;Muisne;De 15-19;598
Esmeraldas;Muisne;De 20-24;541
Esmeraldas;Muisne;De 25-29;378
Esmeraldas;Muisne;De 30-34;387
Esmeraldas;Muisne;De 35-39;328
Esmeraldas;Muisne;De 40-44;286
Esmeraldas;Muisne;De 45-49;239
Esmeraldas;Muisne;De 50-54;236
Esmeraldas;Muisne;De 55-59;191
Esmeraldas;Muisne;De 60-64;143
Esmeraldas;Muisne;De 65-69;151
Esmeraldas;Muisne;De 70-74;78
Esmeraldas;Muisne;De 75-79;50
Esmeraldas;Muisne;De 80-84;37
Esmeraldas;Muisne;85 o más;35
Esmeraldas;Quinindé;Total Quinindé;126.841
Esmeraldas;Quinindé;De 0-4;12.152
Esmeraldas;Quinindé;De 5-9;12.423
Esmeraldas;Quinindé;De 10-14;14.299
Esmeraldas;Quinindé;De 15-19;13.259
Esmeraldas;Quinindé;De 20-24;11.417
Esmeraldas;Quinindé;De 25-29;9.564
Esmeraldas;Quinindé;De 30-34;8.758
Esmeraldas;Quinindé;De 35-39;8.029
Esmeraldas;Quinindé;De 40-44;7.257
Esmeraldas;Quinindé;De 45-49;6.391
Esmeraldas;Quinindé;De 50-54;5.449
Esmeraldas;Quinindé;De 55-59;4.702
Esmeraldas;Quinindé;De 60-64;4.046
Esmeraldas;Quinindé;De 65-69;3.340
Esmeraldas;Quinindé;De 70-74;2.360
Esmeraldas;Quinindé;De 75-79;1.579
Esmeraldas;Quinindé;De 80-84;970
Esmeraldas;Quinindé;85 o más;846
Esmeraldas;Quinindé;Total Rosa Zárate;55.722
Esmeraldas;Quinindé;De 0-4;5.153
Esmeraldas;Quinindé;De 5-9;5.377
Esmeraldas;Quinindé;De 10-14;6.153
Esmeraldas;Quinindé;De 15-19;5.586
Esmeraldas;Quinindé;De 20-24;5.022
Esmeraldas;Quinindé;De 25-29;4.290
Esmeraldas;Quinindé;De 30-34;3.972
Esmeraldas;Quinindé;De 35-39;3.665
Esmeraldas;Quinindé;De 40-44;3.333
Esmeraldas;Quinindé;De 45-49;2.813
Esmeraldas;Quinindé;De 50-54;2.431
Esmeraldas;Quinindé;De 55-59;2.105
Esmeraldas;Quinindé;De 60-64;1.795
Esmeraldas;Quinindé;De 65-69;1.477
Esmeraldas;Quinindé;De 70-74;1.035
Esmeraldas;Quinindé;De 75-79;733
Esmeraldas;Quinindé;De 80-84;400
Esmeraldas;Quinindé;85 o más;382
Esmeraldas;Quinindé;Total Cube;7.872
Esmeraldas;Quinindé;De 0-4;772
Esmeraldas;Quinindé;De 5-9;820
Esmeraldas;Quinindé;De 10-14;978
Esmeraldas;Quinindé;De 15-19;835
Esmeraldas;Quinindé;De 20-24;692
Esmeraldas;Quinindé;De 25-29;559
Esmeraldas;Quinindé;De 30-34;517
Esmeraldas;Quinindé;De 35-39;466
Esmeraldas;Quinindé;De 40-44;382
Esmeraldas;Quinindé;De 45-49;389
Esmeraldas;Quinindé;De 50-54;305
Esmeraldas;Quinindé;De 55-59;276
Esmeraldas;Quinindé;De 60-64;269
Esmeraldas;Quinindé;De 65-69;244
Esmeraldas;Quinindé;De 70-74;149
Esmeraldas;Quinindé;De 75-79;101
Esmeraldas;Quinindé;De 80-84;65
Esmeraldas;Quinindé;85 o más;53
Esmeraldas;Quinindé;Total Chura;3.241
Esmeraldas;Quinindé;De 0-4;347
Esmeraldas;Quinindé;De 5-9;305
Esmeraldas;Quinindé;De 10-14;355
Esmeraldas;Quinindé;De 15-19;318
Esmeraldas;Quinindé;De 20-24;291
Esmeraldas;Quinindé;De 25-29;252
Esmeraldas;Quinindé;De 30-34;265
Esmeraldas;Quinindé;De 35-39;204
Esmeraldas;Quinindé;De 40-44;158
Esmeraldas;Quinindé;De 45-49;177
Esmeraldas;Quinindé;De 50-54;119
Esmeraldas;Quinindé;De 55-59;130
Esmeraldas;Quinindé;De 60-64;98
Esmeraldas;Quinindé;De 65-69;79
Esmeraldas;Quinindé;De 70-74;61
Esmeraldas;Quinindé;De 75-79;35
Esmeraldas;Quinindé;De 80-84;24
Esmeraldas;Quinindé;85 o más;23
Esmeraldas;Quinindé;Total Malimpia;19.870
Esmeraldas;Quinindé;De 0-4;1.980
Esmeraldas;Quinindé;De 5-9;1.960
Esmeraldas;Quinindé;De 10-14;2.308
Esmeraldas;Quinindé;De 15-19;2.188
Esmeraldas;Quinindé;De 20-24;1.858
Esmeraldas;Quinindé;De 25-29;1.504
Esmeraldas;Quinindé;De 30-34;1.368
Esmeraldas;Quinindé;De 35-39;1.213
Esmeraldas;Quinindé;De 40-44;1.128
Esmeraldas;Quinindé;De 45-49;977
Esmeraldas;Quinindé;De 50-54;803
Esmeraldas;Quinindé;De 55-59;701
Esmeraldas;Quinindé;De 60-64;604
Esmeraldas;Quinindé;De 65-69;469
Esmeraldas;Quinindé;De 70-74;354
Esmeraldas;Quinindé;De 75-79;214
Esmeraldas;Quinindé;De 80-84;143
Esmeraldas;Quinindé;85 o más;98
Esmeraldas;Quinindé;Total Viche;5.975
Esmeraldas;Quinindé;De 0-4;647
Esmeraldas;Quinindé;De 5-9;599
Esmeraldas;Quinindé;De 10-14;755
Esmeraldas;Quinindé;De 15-19;717
Esmeraldas;Quinindé;De 20-24;544
Esmeraldas;Quinindé;De 25-29;448
Esmeraldas;Quinindé;De 30-34;375
Esmeraldas;Quinindé;De 35-39;340
Esmeraldas;Quinindé;De 40-44;311
Esmeraldas;Quinindé;De 45-49;279
Esmeraldas;Quinindé;De 50-54;252
Esmeraldas;Quinindé;De 55-59;183
Esmeraldas;Quinindé;De 60-64;154
Esmeraldas;Quinindé;De 65-69;138
Esmeraldas;Quinindé;De 70-74;98
Esmeraldas;Quinindé;De 75-79;67
Esmeraldas;Quinindé;De 80-84;37
Esmeraldas;Quinindé;85 o más;31
Esmeraldas;Quinindé;Total La Unión;34.161
Esmeraldas;Quinindé;De 0-4;3.253
Esmeraldas;Quinindé;De 5-9;3.362
Esmeraldas;Quinindé;De 10-14;3.750
Esmeraldas;Quinindé;De 15-19;3.615
Esmeraldas;Quinindé;De 20-24;3.010
Esmeraldas;Quinindé;De 25-29;2.511
Esmeraldas;Quinindé;De 30-34;2.261
Esmeraldas;Quinindé;De 35-39;2.141
Esmeraldas;Quinindé;De 40-44;1.945
Esmeraldas;Quinindé;De 45-49;1.756
Esmeraldas;Quinindé;De 50-54;1.539
Esmeraldas;Quinindé;De 55-59;1.307
Esmeraldas;Quinindé;De 60-64;1.126
Esmeraldas;Quinindé;De 65-69;933
Esmeraldas;Quinindé;De 70-74;663
Esmeraldas;Quinindé;De 75-79;429
Esmeraldas;Quinindé;De 80-84;301
Esmeraldas;Quinindé;85 o más;259
Esmeraldas;San Lorenzo;Total San Lorenzo;48.391
Esmeraldas;San Lorenzo;De 0-4;5.595
Esmeraldas;San Lorenzo;De 5-9;5.303
Esmeraldas;San Lorenzo;De 10-14;6.337
Esmeraldas;San Lorenzo;De 15-19;5.552
Esmeraldas;San Lorenzo;De 20-24;4.446
Esmeraldas;San Lorenzo;De 25-29;3.623
Esmeraldas;San Lorenzo;De 30-34;3.141
Esmeraldas;San Lorenzo;De 35-39;3.027
Esmeraldas;San Lorenzo;De 40-44;2.678
Esmeraldas;San Lorenzo;De 45-49;1.952
Esmeraldas;San Lorenzo;De 50-54;1.644
Esmeraldas;San Lorenzo;De 55-59;1.424
Esmeraldas;San Lorenzo;De 60-64;1.170
Esmeraldas;San Lorenzo;De 65-69;1.002
Esmeraldas;San Lorenzo;De 70-74;633
Esmeraldas;San Lorenzo;De 75-79;361
Esmeraldas;San Lorenzo;De 80-84;237
Esmeraldas;San Lorenzo;85 o más;266
Esmeraldas;San Lorenzo;Total San Lorenzo;32.591
Esmeraldas;San Lorenzo;De 0-4;3.783
Esmeraldas;San Lorenzo;De 5-9;3.598
Esmeraldas;San Lorenzo;De 10-14;4.154
Esmeraldas;San Lorenzo;De 15-19;3.702
Esmeraldas;San Lorenzo;De 20-24;2.963
Esmeraldas;San Lorenzo;De 25-29;2.464
Esmeraldas;San Lorenzo;De 30-34;2.224
Esmeraldas;San Lorenzo;De 35-39;2.126
Esmeraldas;San Lorenzo;De 40-44;1.834
Esmeraldas;San Lorenzo;De 45-49;1.314
Esmeraldas;San Lorenzo;De 50-54;1.119
Esmeraldas;San Lorenzo;De 55-59;951
Esmeraldas;San Lorenzo;De 60-64;758
Esmeraldas;San Lorenzo;De 65-69;636
Esmeraldas;San Lorenzo;De 70-74;430
Esmeraldas;San Lorenzo;De 75-79;235
Esmeraldas;San Lorenzo;De 80-84;145
Esmeraldas;San Lorenzo;85 o más;155
Esmeraldas;San Lorenzo;Total Alto Tambo;1.867
Esmeraldas;San Lorenzo;De 0-4;218
Esmeraldas;San Lorenzo;De 5-9;235
Esmeraldas;San Lorenzo;De 10-14;250
Esmeraldas;San Lorenzo;De 15-19;224
Esmeraldas;San Lorenzo;De 20-24;168
Esmeraldas;San Lorenzo;De 25-29;153
Esmeraldas;San Lorenzo;De 30-34;107
Esmeraldas;San Lorenzo;De 35-39;100
Esmeraldas;San Lorenzo;De 40-44;83
Esmeraldas;San Lorenzo;De 45-49;81
Esmeraldas;San Lorenzo;De 50-54;62
Esmeraldas;San Lorenzo;De 55-59;59
Esmeraldas;San Lorenzo;De 60-64;34
Esmeraldas;San Lorenzo;De 65-69;44
Esmeraldas;San Lorenzo;De 70-74;17
Esmeraldas;San Lorenzo;De 75-79;12
Esmeraldas;San Lorenzo;De 80-84;8
Esmeraldas;San Lorenzo;85 o más;12
Esmeraldas;San Lorenzo;Total Ancón;1.415
Esmeraldas;San Lorenzo;De 0-4;158
Esmeraldas;San Lorenzo;De 5-9;142
Esmeraldas;San Lorenzo;De 10-14;210
Esmeraldas;San Lorenzo;De 15-19;189
Esmeraldas;San Lorenzo;De 20-24;125
Esmeraldas;San Lorenzo;De 25-29;87
Esmeraldas;San Lorenzo;De 30-34;86
Esmeraldas;San Lorenzo;De 35-39;83
Esmeraldas;San Lorenzo;De 40-44;99
Esmeraldas;San Lorenzo;De 45-49;47
Esmeraldas;San Lorenzo;De 50-54;43
Esmeraldas;San Lorenzo;De 55-59;42
Esmeraldas;San Lorenzo;De 60-64;29
Esmeraldas;San Lorenzo;De 65-69;25
Esmeraldas;San Lorenzo;De 70-74;20
Esmeraldas;San Lorenzo;De 75-79;14
Esmeraldas;San Lorenzo;De 80-84;6
Esmeraldas;San Lorenzo;85 o más;10
Esmeraldas;San Lorenzo;Total Calderón;1.176
Esmeraldas;San Lorenzo;De 0-4;155
Esmeraldas;San Lorenzo;De 5-9;125
Esmeraldas;San Lorenzo;De 10-14;166
Esmeraldas;San Lorenzo;De 15-19;141
Esmeraldas;San Lorenzo;De 20-24;118
Esmeraldas;San Lorenzo;De 25-29;85
Esmeraldas;San Lorenzo;De 30-34;71
Esmeraldas;San Lorenzo;De 35-39;74
Esmeraldas;San Lorenzo;De 40-44;64
Esmeraldas;San Lorenzo;De 45-49;39
Esmeraldas;San Lorenzo;De 50-54;32
Esmeraldas;San Lorenzo;De 55-59;27
Esmeraldas;San Lorenzo;De 60-64;30
Esmeraldas;San Lorenzo;De 65-69;17
Esmeraldas;San Lorenzo;De 70-74;14
Esmeraldas;San Lorenzo;De 75-79;9
Esmeraldas;San Lorenzo;De 80-84;4
Esmeraldas;San Lorenzo;85 o más;5
Esmeraldas;San Lorenzo;Total Carondelet;1.117
Esmeraldas;San Lorenzo;De 0-4;134
Esmeraldas;San Lorenzo;De 5-9;93
Esmeraldas;San Lorenzo;De 10-14;135
Esmeraldas;San Lorenzo;De 15-19;139
Esmeraldas;San Lorenzo;De 20-24;121
Esmeraldas;San Lorenzo;De 25-29;100
Esmeraldas;San Lorenzo;De 30-34;57
Esmeraldas;San Lorenzo;De 35-39;58
Esmeraldas;San Lorenzo;De 40-44;60
Esmeraldas;San Lorenzo;De 45-49;57
Esmeraldas;San Lorenzo;De 50-54;37
Esmeraldas;San Lorenzo;De 55-59;41
Esmeraldas;San Lorenzo;De 60-64;25
Esmeraldas;San Lorenzo;De 65-69;24
Esmeraldas;San Lorenzo;De 70-74;17
Esmeraldas;San Lorenzo;De 75-79;9
Esmeraldas;San Lorenzo;De 80-84;4
Esmeraldas;San Lorenzo;85 o más;6
Esmeraldas;San Lorenzo;Total 5 de Junio;247
Esmeraldas;San Lorenzo;De 0-4;25
Esmeraldas;San Lorenzo;De 5-9;16
Esmeraldas;San Lorenzo;De 10-14;32
Esmeraldas;San Lorenzo;De 15-19;10
Esmeraldas;San Lorenzo;De 20-24;16
Esmeraldas;San Lorenzo;De 25-29;20
Esmeraldas;San Lorenzo;De 30-34;21
Esmeraldas;San Lorenzo;De 35-39;10
Esmeraldas;San Lorenzo;De 40-44;12
Esmeraldas;San Lorenzo;De 45-49;18
Esmeraldas;San Lorenzo;De 50-54;19
Esmeraldas;San Lorenzo;De 55-59;12
Esmeraldas;San Lorenzo;De 60-64;15
Esmeraldas;San Lorenzo;De 65-69;4
Esmeraldas;San Lorenzo;De 70-74;4
Esmeraldas;San Lorenzo;De 75-79;3
Esmeraldas;San Lorenzo;De 80-84;5
Esmeraldas;San Lorenzo;85 o más;5
Esmeraldas;San Lorenzo;Total Concepción;1.980
Esmeraldas;San Lorenzo;De 0-4;206
Esmeraldas;San Lorenzo;De 5-9;216
Esmeraldas;San Lorenzo;De 10-14;262
Esmeraldas;San Lorenzo;De 15-19;212
Esmeraldas;San Lorenzo;De 20-24;172
Esmeraldas;San Lorenzo;De 25-29;144
Esmeraldas;San Lorenzo;De 30-34;121
Esmeraldas;San Lorenzo;De 35-39;98
Esmeraldas;San Lorenzo;De 40-44;103
Esmeraldas;San Lorenzo;De 45-49;90
Esmeraldas;San Lorenzo;De 50-54;78
Esmeraldas;San Lorenzo;De 55-59;72
Esmeraldas;San Lorenzo;De 60-64;65
Esmeraldas;San Lorenzo;De 65-69;53
Esmeraldas;San Lorenzo;De 70-74;29
Esmeraldas;San Lorenzo;De 75-79;28
Esmeraldas;San Lorenzo;De 80-84;16
Esmeraldas;San Lorenzo;85 o más;15
Esmeraldas;San Lorenzo;Total Mataje;1.053
Esmeraldas;San Lorenzo;De 0-4;118
Esmeraldas;San Lorenzo;De 5-9;131
Esmeraldas;San Lorenzo;De 10-14;173
Esmeraldas;San Lorenzo;De 15-19;128
Esmeraldas;San Lorenzo;De 20-24;88
Esmeraldas;San Lorenzo;De 25-29;71
Esmeraldas;San Lorenzo;De 30-34;66
Esmeraldas;San Lorenzo;De 35-39;67
Esmeraldas;San Lorenzo;De 40-44;45
Esmeraldas;San Lorenzo;De 45-49;42
Esmeraldas;San Lorenzo;De 50-54;27
Esmeraldas;San Lorenzo;De 55-59;29
Esmeraldas;San Lorenzo;De 60-64;22
Esmeraldas;San Lorenzo;De 65-69;23
Esmeraldas;San Lorenzo;De 70-74;10
Esmeraldas;San Lorenzo;De 75-79;6
Esmeraldas;San Lorenzo;De 80-84;2
Esmeraldas;San Lorenzo;85 o más;5
Esmeraldas;San Lorenzo;Total San Javier de Cachaví;786
Esmeraldas;San Lorenzo;De 0-4;92
Esmeraldas;San Lorenzo;De 5-9;56
Esmeraldas;San Lorenzo;De 10-14;115
Esmeraldas;San Lorenzo;De 15-19;105
Esmeraldas;San Lorenzo;De 20-24;80
Esmeraldas;San Lorenzo;De 25-29;65
Esmeraldas;San Lorenzo;De 30-34;31
Esmeraldas;San Lorenzo;De 35-39;36
Esmeraldas;San Lorenzo;De 40-44;49
Esmeraldas;San Lorenzo;De 45-49;30
Esmeraldas;San Lorenzo;De 50-54;35
Esmeraldas;San Lorenzo;De 55-59;21
Esmeraldas;San Lorenzo;De 60-64;26
Esmeraldas;San Lorenzo;De 65-69;16
Esmeraldas;San Lorenzo;De 70-74;12
Esmeraldas;San Lorenzo;De 75-79;6
Esmeraldas;San Lorenzo;De 80-84;6
Esmeraldas;San Lorenzo;85 o más;5
Esmeraldas;San Lorenzo;Total Santa Rita;1.638
Esmeraldas;San Lorenzo;De 0-4;187
Esmeraldas;San Lorenzo;De 5-9;156
Esmeraldas;San Lorenzo;De 10-14;215
Esmeraldas;San Lorenzo;De 15-19;174
Esmeraldas;San Lorenzo;De 20-24;163
Esmeraldas;San Lorenzo;De 25-29;108
Esmeraldas;San Lorenzo;De 30-34;98
Esmeraldas;San Lorenzo;De 35-39;115
Esmeraldas;San Lorenzo;De 40-44;110
Esmeraldas;San Lorenzo;De 45-49;62
Esmeraldas;San Lorenzo;De 50-54;54
Esmeraldas;San Lorenzo;De 55-59;45
Esmeraldas;San Lorenzo;De 60-64;51
Esmeraldas;San Lorenzo;De 65-69;50
Esmeraldas;San Lorenzo;De 70-74;14
Esmeraldas;San Lorenzo;De 75-79;9
Esmeraldas;San Lorenzo;De 80-84;13
Esmeraldas;San Lorenzo;85 o más;14
Esmeraldas;San Lorenzo;Total Tambillo;1.369
Esmeraldas;San Lorenzo;De 0-4;139
Esmeraldas;San Lorenzo;De 5-9;156
Esmeraldas;San Lorenzo;De 10-14;159
Esmeraldas;San Lorenzo;De 15-19;147
Esmeraldas;San Lorenzo;De 20-24;124
Esmeraldas;San Lorenzo;De 25-29;112
Esmeraldas;San Lorenzo;De 30-34;77
Esmeraldas;San Lorenzo;De 35-39;90
Esmeraldas;San Lorenzo;De 40-44;65
Esmeraldas;San Lorenzo;De 45-49;57
Esmeraldas;San Lorenzo;De 50-54;52
Esmeraldas;San Lorenzo;De 55-59;46
Esmeraldas;San Lorenzo;De 60-64;53
Esmeraldas;San Lorenzo;De 65-69;32
Esmeraldas;San Lorenzo;De 70-74;23
Esmeraldas;San Lorenzo;De 75-79;10
Esmeraldas;San Lorenzo;De 80-84;9
Esmeraldas;San Lorenzo;85 o más;18
Esmeraldas;San Lorenzo;Total Tululbí;2.641
Esmeraldas;San Lorenzo;De 0-4;320
Esmeraldas;San Lorenzo;De 5-9;341
Esmeraldas;San Lorenzo;De 10-14;388
Esmeraldas;San Lorenzo;De 15-19;327
Esmeraldas;San Lorenzo;De 20-24;243
Esmeraldas;San Lorenzo;De 25-29;179
Esmeraldas;San Lorenzo;De 30-34;155
Esmeraldas;San Lorenzo;De 35-39;145
Esmeraldas;San Lorenzo;De 40-44;134
Esmeraldas;San Lorenzo;De 45-49;99
Esmeraldas;San Lorenzo;De 50-54;67
Esmeraldas;San Lorenzo;De 55-59;55
Esmeraldas;San Lorenzo;De 60-64;48
Esmeraldas;San Lorenzo;De 65-69;68
Esmeraldas;San Lorenzo;De 70-74;31
Esmeraldas;San Lorenzo;De 75-79;14
Esmeraldas;San Lorenzo;De 80-84;16
Esmeraldas;San Lorenzo;85 o más;11
Esmeraldas;San Lorenzo;Total Urbina;511
Esmeraldas;San Lorenzo;De 0-4;60
Esmeraldas;San Lorenzo;De 5-9;38
Esmeraldas;San Lorenzo;De 10-14;78
Esmeraldas;San Lorenzo;De 15-19;54
Esmeraldas;San Lorenzo;De 20-24;65
Esmeraldas;San Lorenzo;De 25-29;35
Esmeraldas;San Lorenzo;De 30-34;27
Esmeraldas;San Lorenzo;De 35-39;25
Esmeraldas;San Lorenzo;De 40-44;20
Esmeraldas;San Lorenzo;De 45-49;16
Esmeraldas;San Lorenzo;De 50-54;19
Esmeraldas;San Lorenzo;De 55-59;24
Esmeraldas;San Lorenzo;De 60-64;14
Esmeraldas;San Lorenzo;De 65-69;10
Esmeraldas;San Lorenzo;De 70-74;12
Esmeraldas;San Lorenzo;De 75-79;6
Esmeraldas;San Lorenzo;De 80-84;3
Esmeraldas;San Lorenzo;85 o más;5
Esmeraldas;Atacames;Total Atacames;51.204
Esmeraldas;Atacames;De 0-4;5.516
Esmeraldas;Atacames;De 5-9;5.580
Esmeraldas;Atacames;De 10-14;6.204
Esmeraldas;Atacames;De 15-19;5.456
Esmeraldas;Atacames;De 20-24;4.522
Esmeraldas;Atacames;De 25-29;3.724
Esmeraldas;Atacames;De 30-34;3.488
Esmeraldas;Atacames;De 35-39;3.155
Esmeraldas;Atacames;De 40-44;2.847
Esmeraldas;Atacames;De 45-49;2.392
Esmeraldas;Atacames;De 50-54;2.065
Esmeraldas;Atacames;De 55-59;1.814
Esmeraldas;Atacames;De 60-64;1.383
Esmeraldas;Atacames;De 65-69;1.106
Esmeraldas;Atacames;De 70-74;816
Esmeraldas;Atacames;De 75-79;540
Esmeraldas;Atacames;De 80-84;314
Esmeraldas;Atacames;85 o más;282
Esmeraldas;Atacames;Total Atacames;21.868
Esmeraldas;Atacames;De 0-4;2.389
Esmeraldas;Atacames;De 5-9;2.492
Esmeraldas;Atacames;De 10-14;2.679
Esmeraldas;Atacames;De 15-19;2.329
Esmeraldas;Atacames;De 20-24;1.900
Esmeraldas;Atacames;De 25-29;1.671
Esmeraldas;Atacames;De 30-34;1.508
Esmeraldas;Atacames;De 35-39;1.403
Esmeraldas;Atacames;De 40-44;1.217
Esmeraldas;Atacames;De 45-49;1.002
Esmeraldas;Atacames;De 50-54;813
Esmeraldas;Atacames;De 55-59;767
Esmeraldas;Atacames;De 60-64;534
Esmeraldas;Atacames;De 65-69;453
Esmeraldas;Atacames;De 70-74;305
Esmeraldas;Atacames;De 75-79;213
Esmeraldas;Atacames;De 80-84;109
Esmeraldas;Atacames;85 o más;84
Esmeraldas;Atacames;Total La Unión;3.358
Esmeraldas;Atacames;De 0-4;403
Esmeraldas;Atacames;De 5-9;350
Esmeraldas;Atacames;De 10-14;459
Esmeraldas;Atacames;De 15-19;360
Esmeraldas;Atacames;De 20-24;278
Esmeraldas;Atacames;De 25-29;195
Esmeraldas;Atacames;De 30-34;217
Esmeraldas;Atacames;De 35-39;187
Esmeraldas;Atacames;De 40-44;165
Esmeraldas;Atacames;De 45-49;150
Esmeraldas;Atacames;De 50-54;127
Esmeraldas;Atacames;De 55-59;120
Esmeraldas;Atacames;De 60-64;107
Esmeraldas;Atacames;De 65-69;93
Esmeraldas;Atacames;De 70-74;61
Esmeraldas;Atacames;De 75-79;35
Esmeraldas;Atacames;De 80-84;27
Esmeraldas;Atacames;85 o más;24
Esmeraldas;Atacames;Total Súa;4.412
Esmeraldas;Atacames;De 0-4;461
Esmeraldas;Atacames;De 5-9;466
Esmeraldas;Atacames;De 10-14;501
Esmeraldas;Atacames;De 15-19;469
Esmeraldas;Atacames;De 20-24;382
Esmeraldas;Atacames;De 25-29;309
Esmeraldas;Atacames;De 30-34;290
Esmeraldas;Atacames;De 35-39;290
Esmeraldas;Atacames;De 40-44;241
Esmeraldas;Atacames;De 45-49;218
Esmeraldas;Atacames;De 50-54;204
Esmeraldas;Atacames;De 55-59;164
Esmeraldas;Atacames;De 60-64;131
Esmeraldas;Atacames;De 65-69;108
Esmeraldas;Atacames;De 70-74;81
Esmeraldas;Atacames;De 75-79;43
Esmeraldas;Atacames;De 80-84;27
Esmeraldas;Atacames;85 o más;27
Esmeraldas;Atacames;Total Tonchigüe;8.300
Esmeraldas;Atacames;De 0-4;842
Esmeraldas;Atacames;De 5-9;886
Esmeraldas;Atacames;De 10-14;992
Esmeraldas;Atacames;De 15-19;892
Esmeraldas;Atacames;De 20-24;720
Esmeraldas;Atacames;De 25-29;561
Esmeraldas;Atacames;De 30-34;600
Esmeraldas;Atacames;De 35-39;456
Esmeraldas;Atacames;De 40-44;474
Esmeraldas;Atacames;De 45-49;407
Esmeraldas;Atacames;De 50-54;352
Esmeraldas;Atacames;De 55-59;317
Esmeraldas;Atacames;De 60-64;239
Esmeraldas;Atacames;De 65-69;182
Esmeraldas;Atacames;De 70-74;141
Esmeraldas;Atacames;De 75-79;102
Esmeraldas;Atacames;De 80-84;67
Esmeraldas;Atacames;85 o más;70
Esmeraldas;Atacames;Total Tonsupa;13.266
Esmeraldas;Atacames;De 0-4;1.421
Esmeraldas;Atacames;De 5-9;1.386
Esmeraldas;Atacames;De 10-14;1.573
Esmeraldas;Atacames;De 15-19;1.406
Esmeraldas;Atacames;De 20-24;1.242
Esmeraldas;Atacames;De 25-29;988
Esmeraldas;Atacames;De 30-34;873
Esmeraldas;Atacames;De 35-39;819
Esmeraldas;Atacames;De 40-44;750
Esmeraldas;Atacames;De 45-49;615
Esmeraldas;Atacames;De 50-54;569
Esmeraldas;Atacames;De 55-59;446
Esmeraldas;Atacames;De 60-64;372
Esmeraldas;Atacames;De 65-69;270
Esmeraldas;Atacames;De 70-74;228
Esmeraldas;Atacames;De 75-79;147
Esmeraldas;Atacames;De 80-84;84
Esmeraldas;Atacames;85 o más;77
Esmeraldas;Rioverde;Total Rioverde;32.885
Esmeraldas;Rioverde;De 0-4;3.627
Esmeraldas;Rioverde;De 5-9;3.337
Esmeraldas;Rioverde;De 10-14;4.130
Esmeraldas;Rioverde;De 15-19;3.635
Esmeraldas;Rioverde;De 20-24;2.798
Esmeraldas;Rioverde;De 25-29;2.418
Esmeraldas;Rioverde;De 30-34;2.203
Esmeraldas;Rioverde;De 35-39;1.873
Esmeraldas;Rioverde;De 40-44;1.572
Esmeraldas;Rioverde;De 45-49;1.383
Esmeraldas;Rioverde;De 50-54;1.358
Esmeraldas;Rioverde;De 55-59;1.165
Esmeraldas;Rioverde;De 60-64;1.031
Esmeraldas;Rioverde;De 65-69;809
Esmeraldas;Rioverde;De 70-74;608
Esmeraldas;Rioverde;De 75-79;394
Esmeraldas;Rioverde;De 80-84;286
Esmeraldas;Rioverde;85 o más;258
Esmeraldas;Rioverde;Total Rioverde;7.124
Esmeraldas;Rioverde;De 0-4;787
Esmeraldas;Rioverde;De 5-9;662
Esmeraldas;Rioverde;De 10-14;910
Esmeraldas;Rioverde;De 15-19;770
Esmeraldas;Rioverde;De 20-24;602
Esmeraldas;Rioverde;De 25-29;544
Esmeraldas;Rioverde;De 30-34;516
Esmeraldas;Rioverde;De 35-39;371
Esmeraldas;Rioverde;De 40-44;373
Esmeraldas;Rioverde;De 45-49;317
Esmeraldas;Rioverde;De 50-54;285
Esmeraldas;Rioverde;De 55-59;274
Esmeraldas;Rioverde;De 60-64;205
Esmeraldas;Rioverde;De 65-69;166
Esmeraldas;Rioverde;De 70-74;126
Esmeraldas;Rioverde;De 75-79;96
Esmeraldas;Rioverde;De 80-84;60
Esmeraldas;Rioverde;85 o más;60
Esmeraldas;Rioverde;Total Chontaduro;4.156
Esmeraldas;Rioverde;De 0-4;444
Esmeraldas;Rioverde;De 5-9;414
Esmeraldas;Rioverde;De 10-14;532
Esmeraldas;Rioverde;De 15-19;471
Esmeraldas;Rioverde;De 20-24;375
Esmeraldas;Rioverde;De 25-29;303
Esmeraldas;Rioverde;De 30-34;278
Esmeraldas;Rioverde;De 35-39;247
Esmeraldas;Rioverde;De 40-44;230
Esmeraldas;Rioverde;De 45-49;189
Esmeraldas;Rioverde;De 50-54;163
Esmeraldas;Rioverde;De 55-59;113
Esmeraldas;Rioverde;De 60-64;137
Esmeraldas;Rioverde;De 65-69;89
Esmeraldas;Rioverde;De 70-74;71
Esmeraldas;Rioverde;De 75-79;37
Esmeraldas;Rioverde;De 80-84;26
Esmeraldas;Rioverde;85 o más;37
Esmeraldas;Rioverde;Total Chumundé;4.508
Esmeraldas;Rioverde;De 0-4;555
Esmeraldas;Rioverde;De 5-9;491
Esmeraldas;Rioverde;De 10-14;635
Esmeraldas;Rioverde;De 15-19;466
Esmeraldas;Rioverde;De 20-24;381
Esmeraldas;Rioverde;De 25-29;313
Esmeraldas;Rioverde;De 30-34;314
Esmeraldas;Rioverde;De 35-39;257
Esmeraldas;Rioverde;De 40-44;205
Esmeraldas;Rioverde;De 45-49;176
Esmeraldas;Rioverde;De 50-54;185
Esmeraldas;Rioverde;De 55-59;138
Esmeraldas;Rioverde;De 60-64;137
Esmeraldas;Rioverde;De 65-69;99
Esmeraldas;Rioverde;De 70-74;70
Esmeraldas;Rioverde;De 75-79;35
Esmeraldas;Rioverde;De 80-84;32
Esmeraldas;Rioverde;85 o más;19
Esmeraldas;Rioverde;Total Lagarto;5.670
Esmeraldas;Rioverde;De 0-4;630
Esmeraldas;Rioverde;De 5-9;563
Esmeraldas;Rioverde;De 10-14;679
Esmeraldas;Rioverde;De 15-19;644
Esmeraldas;Rioverde;De 20-24;496
Esmeraldas;Rioverde;De 25-29;433
Esmeraldas;Rioverde;De 30-34;379
Esmeraldas;Rioverde;De 35-39;337
Esmeraldas;Rioverde;De 40-44;239
Esmeraldas;Rioverde;De 45-49;252
Esmeraldas;Rioverde;De 50-54;275
Esmeraldas;Rioverde;De 55-59;203
Esmeraldas;Rioverde;De 60-64;158
Esmeraldas;Rioverde;De 65-69;117
Esmeraldas;Rioverde;De 70-74;98
Esmeraldas;Rioverde;De 75-79;76
Esmeraldas;Rioverde;De 80-84;48
Esmeraldas;Rioverde;85 o más;43
Esmeraldas;Rioverde;Total Montalvo;5.254
Esmeraldas;Rioverde;De 0-4;585
Esmeraldas;Rioverde;De 5-9;634
Esmeraldas;Rioverde;De 10-14;610
Esmeraldas;Rioverde;De 15-19;519
Esmeraldas;Rioverde;De 20-24;428
Esmeraldas;Rioverde;De 25-29;406
Esmeraldas;Rioverde;De 30-34;332
Esmeraldas;Rioverde;De 35-39;289
Esmeraldas;Rioverde;De 40-44;230
Esmeraldas;Rioverde;De 45-49;209
Esmeraldas;Rioverde;De 50-54;209
Esmeraldas;Rioverde;De 55-59;191
Esmeraldas;Rioverde;De 60-64;173
Esmeraldas;Rioverde;De 65-69;157
Esmeraldas;Rioverde;De 70-74;112
Esmeraldas;Rioverde;De 75-79;69
Esmeraldas;Rioverde;De 80-84;58
Esmeraldas;Rioverde;85 o más;43
Esmeraldas;Rioverde;Total Rocafuerte;6.173
Esmeraldas;Rioverde;De 0-4;626
Esmeraldas;Rioverde;De 5-9;573
Esmeraldas;Rioverde;De 10-14;764
Esmeraldas;Rioverde;De 15-19;765
Esmeraldas;Rioverde;De 20-24;516
Esmeraldas;Rioverde;De 25-29;419
Esmeraldas;Rioverde;De 30-34;384
Esmeraldas;Rioverde;De 35-39;372
Esmeraldas;Rioverde;De 40-44;295
Esmeraldas;Rioverde;De 45-49;240
Esmeraldas;Rioverde;De 50-54;241
Esmeraldas;Rioverde;De 55-59;246
Esmeraldas;Rioverde;De 60-64;221
Esmeraldas;Rioverde;De 65-69;181
Esmeraldas;Rioverde;De 70-74;131
Esmeraldas;Rioverde;De 75-79;81
Esmeraldas;Rioverde;De 80-84;62
Esmeraldas;Rioverde;85 o más;56
Guayas;Total Guayas;Total Guayas;4.391.923
Guayas;Total Guayas;De 0-4;342.644
Guayas;Total Guayas;De 5-9;369.534
Guayas;Total Guayas;De 10-14;417.599
Guayas;Total Guayas;De 15-19;386.039
Guayas;Total Guayas;De 20-24;391.146
Guayas;Total Guayas;De 25-29;350.345
Guayas;Total Guayas;De 30-34;318.209
Guayas;Total Guayas;De 35-39;295.303
Guayas;Total Guayas;De 40-44;297.987
Guayas;Total Guayas;De 45-49;252.300
Guayas;Total Guayas;De 50-54;230.450
Guayas;Total Guayas;De 55-59;202.117
Guayas;Total Guayas;De 60-64;170.420
Guayas;Total Guayas;De 65-69;135.943
Guayas;Total Guayas;De 70-74;95.169
Guayas;Total Guayas;De 75-79;62.382
Guayas;Total Guayas;De 80-84;37.604
Guayas;Total Guayas;85 o más;36.732
Guayas;Guayaquil;Total Guayaquil;2.746.403
Guayas;Guayaquil;De 0-4;203.878
Guayas;Guayaquil;De 5-9;225.545
Guayas;Guayaquil;De 10-14;253.516
Guayas;Guayaquil;De 15-19;235.538
Guayas;Guayaquil;De 20-24;245.806
Guayas;Guayaquil;De 25-29;225.746
Guayas;Guayaquil;De 30-34;204.706
Guayas;Guayaquil;De 35-39;186.995
Guayas;Guayaquil;De 40-44;190.313
Guayas;Guayaquil;De 45-49;158.664
Guayas;Guayaquil;De 50-54;145.477
Guayas;Guayaquil;De 55-59;128.654
Guayas;Guayaquil;De 60-64;109.927
Guayas;Guayaquil;De 65-69;87.431
Guayas;Guayaquil;De 70-74;59.444
Guayas;Guayaquil;De 75-79;38.348
Guayas;Guayaquil;De 80-84;23.141
Guayas;Guayaquil;85 o más;23.274
Guayas;Guayaquil;Total Guayaquil;2.665.392
Guayas;Guayaquil;De 0-4;195.846
Guayas;Guayaquil;De 5-9;217.620
Guayas;Guayaquil;De 10-14;244.497
Guayas;Guayaquil;De 15-19;227.283
Guayas;Guayaquil;De 20-24;238.216
Guayas;Guayaquil;De 25-29;219.411
Guayas;Guayaquil;De 30-34;199.111
Guayas;Guayaquil;De 35-39;181.672
Guayas;Guayaquil;De 40-44;185.408
Guayas;Guayaquil;De 45-49;154.582
Guayas;Guayaquil;De 50-54;142.026
Guayas;Guayaquil;De 55-59;125.747
Guayas;Guayaquil;De 60-64;107.588
Guayas;Guayaquil;De 65-69;85.521
Guayas;Guayaquil;De 70-74;58.108
Guayas;Guayaquil;De 75-79;37.489
Guayas;Guayaquil;De 80-84;22.573
Guayas;Guayaquil;85 o más;22.694
Guayas;Guayaquil;Total Juan Gómez Rendón;13.483
Guayas;Guayaquil;De 0-4;1.335
Guayas;Guayaquil;De 5-9;1.284
Guayas;Guayaquil;De 10-14;1.402
Guayas;Guayaquil;De 15-19;1.318
Guayas;Guayaquil;De 20-24;1.224
Guayas;Guayaquil;De 25-29;1.081
Guayas;Guayaquil;De 30-34;958
Guayas;Guayaquil;De 35-39;901
Guayas;Guayaquil;De 40-44;884
Guayas;Guayaquil;De 45-49;645
Guayas;Guayaquil;De 50-54;605
Guayas;Guayaquil;De 55-59;495
Guayas;Guayaquil;De 60-64;409
Guayas;Guayaquil;De 65-69;309
Guayas;Guayaquil;De 70-74;269
Guayas;Guayaquil;De 75-79;168
Guayas;Guayaquil;De 80-84;92
Guayas;Guayaquil;85 o más;104
Guayas;Guayaquil;Total Morro;6.502
Guayas;Guayaquil;De 0-4;591
Guayas;Guayaquil;De 5-9;597
Guayas;Guayaquil;De 10-14;722
Guayas;Guayaquil;De 15-19;654
Guayas;Guayaquil;De 20-24;587
Guayas;Guayaquil;De 25-29;474
Guayas;Guayaquil;De 30-34;387
Guayas;Guayaquil;De 35-39;491
Guayas;Guayaquil;De 40-44;414
Guayas;Guayaquil;De 45-49;322
Guayas;Guayaquil;De 50-54;300
Guayas;Guayaquil;De 55-59;249
Guayas;Guayaquil;De 60-64;211
Guayas;Guayaquil;De 65-69;163
Guayas;Guayaquil;De 70-74;120
Guayas;Guayaquil;De 75-79;76
Guayas;Guayaquil;De 80-84;71
Guayas;Guayaquil;85 o más;73
Guayas;Guayaquil;Total Posorja;33.709
Guayas;Guayaquil;De 0-4;3.324
Guayas;Guayaquil;De 5-9;3.552
Guayas;Guayaquil;De 10-14;3.930
Guayas;Guayaquil;De 15-19;3.513
Guayas;Guayaquil;De 20-24;3.178
Guayas;Guayaquil;De 25-29;2.821
Guayas;Guayaquil;De 30-34;2.432
Guayas;Guayaquil;De 35-39;2.258
Guayas;Guayaquil;De 40-44;2.014
Guayas;Guayaquil;De 45-49;1.681
Guayas;Guayaquil;De 50-54;1.318
Guayas;Guayaquil;De 55-59;1.136
Guayas;Guayaquil;De 60-64;907
Guayas;Guayaquil;De 65-69;674
Guayas;Guayaquil;De 70-74;413
Guayas;Guayaquil;De 75-79;263
Guayas;Guayaquil;De 80-84;161
Guayas;Guayaquil;85 o más;134
Guayas;Guayaquil;Total Puná;15.275
Guayas;Guayaquil;De 0-4;1.708
Guayas;Guayaquil;De 5-9;1.488
Guayas;Guayaquil;De 10-14;1.705
Guayas;Guayaquil;De 15-19;1.574
Guayas;Guayaquil;De 20-24;1.445
Guayas;Guayaquil;De 25-29;1.107
Guayas;Guayaquil;De 30-34;983
Guayas;Guayaquil;De 35-39;881
Guayas;Guayaquil;De 40-44;834
Guayas;Guayaquil;De 45-49;742
Guayas;Guayaquil;De 50-54;631
Guayas;Guayaquil;De 55-59;569
Guayas;Guayaquil;De 60-64;446
Guayas;Guayaquil;De 65-69;388
Guayas;Guayaquil;De 70-74;288
Guayas;Guayaquil;De 75-79;188
Guayas;Guayaquil;De 80-84;137
Guayas;Guayaquil;85 o más;161
Guayas;Guayaquil;Total Tenguel;12.042
Guayas;Guayaquil;De 0-4;1.074
Guayas;Guayaquil;De 5-9;1.004
Guayas;Guayaquil;De 10-14;1.260
Guayas;Guayaquil;De 15-19;1.196
Guayas;Guayaquil;De 20-24;1.156
Guayas;Guayaquil;De 25-29;852
Guayas;Guayaquil;De 30-34;835
Guayas;Guayaquil;De 35-39;792
Guayas;Guayaquil;De 40-44;759
Guayas;Guayaquil;De 45-49;692
Guayas;Guayaquil;De 50-54;597
Guayas;Guayaquil;De 55-59;458
Guayas;Guayaquil;De 60-64;366
Guayas;Guayaquil;De 65-69;376
Guayas;Guayaquil;De 70-74;246
Guayas;Guayaquil;De 75-79;164
Guayas;Guayaquil;De 80-84;107
Guayas;Guayaquil;85 o más;108
Guayas;Alfredo Baquerizo Moreno (Juján);Total Alfredo Baquerizo Moreno (Juján);25.526
Guayas;Alfredo Baquerizo Moreno (Juján);De 0-4;2.419
Guayas;Alfredo Baquerizo Moreno (Juján);De 5-9;2.144
Guayas;Alfredo Baquerizo Moreno (Juján);De 10-14;2.545
Guayas;Alfredo Baquerizo Moreno (Juján);De 15-19;2.354
Guayas;Alfredo Baquerizo Moreno (Juján);De 20-24;2.390
Guayas;Alfredo Baquerizo Moreno (Juján);De 25-29;1.914
Guayas;Alfredo Baquerizo Moreno (Juján);De 30-34;1.702
Guayas;Alfredo Baquerizo Moreno (Juján);De 35-39;1.501
Guayas;Alfredo Baquerizo Moreno (Juján);De 40-44;1.527
Guayas;Alfredo Baquerizo Moreno (Juján);De 45-49;1.442
Guayas;Alfredo Baquerizo Moreno (Juján);De 50-54;1.315
Guayas;Alfredo Baquerizo Moreno (Juján);De 55-59;1.068
Guayas;Alfredo Baquerizo Moreno (Juján);De 60-64;893
Guayas;Alfredo Baquerizo Moreno (Juján);De 65-69;783
Guayas;Alfredo Baquerizo Moreno (Juján);De 70-74;569
Guayas;Alfredo Baquerizo Moreno (Juján);De 75-79;460
Guayas;Alfredo Baquerizo Moreno (Juján);De 80-84;246
Guayas;Alfredo Baquerizo Moreno (Juján);85 o más;254
Guayas;Alfredo Baquerizo Moreno (Juján);Total Alfredo Baquerizo Moreno (Juján);25.526
Guayas;Alfredo Baquerizo Moreno (Juján);De 0-4;2.419
Guayas;Alfredo Baquerizo Moreno (Juján);De 5-9;2.144
Guayas;Alfredo Baquerizo Moreno (Juján);De 10-14;2.545
Guayas;Alfredo Baquerizo Moreno (Juján);De 15-19;2.354
Guayas;Alfredo Baquerizo Moreno (Juján);De 20-24;2.390
Guayas;Alfredo Baquerizo Moreno (Juján);De 25-29;1.914
Guayas;Alfredo Baquerizo Moreno (Juján);De 30-34;1.702
Guayas;Alfredo Baquerizo Moreno (Juján);De 35-39;1.501
Guayas;Alfredo Baquerizo Moreno (Juján);De 40-44;1.527
Guayas;Alfredo Baquerizo Moreno (Juján);De 45-49;1.442
Guayas;Alfredo Baquerizo Moreno (Juján);De 50-54;1.315
Guayas;Alfredo Baquerizo Moreno (Juján);De 55-59;1.068
Guayas;Alfredo Baquerizo Moreno (Juján);De 60-64;893
Guayas;Alfredo Baquerizo Moreno (Juján);De 65-69;783
Guayas;Alfredo Baquerizo Moreno (Juján);De 70-74;569
Guayas;Alfredo Baquerizo Moreno (Juján);De 75-79;460
Guayas;Alfredo Baquerizo Moreno (Juján);De 80-84;246
Guayas;Alfredo Baquerizo Moreno (Juján);85 o más;254
Guayas;Balao;Total Balao;25.655
Guayas;Balao;De 0-4;2.623
Guayas;Balao;De 5-9;2.543
Guayas;Balao;De 10-14;2.793
Guayas;Balao;De 15-19;2.501
Guayas;Balao;De 20-24;2.369
Guayas;Balao;De 25-29;1.996
Guayas;Balao;De 30-34;1.847
Guayas;Balao;De 35-39;1.805
Guayas;Balao;De 40-44;1.593
Guayas;Balao;De 45-49;1.310
Guayas;Balao;De 50-54;1.161
Guayas;Balao;De 55-59;892
Guayas;Balao;De 60-64;696
Guayas;Balao;De 65-69;538
Guayas;Balao;De 70-74;412
Guayas;Balao;De 75-79;293
Guayas;Balao;De 80-84;159
Guayas;Balao;85 o más;124
Guayas;Balao;Total Balao;25.655
Guayas;Balao;De 0-4;2.623
Guayas;Balao;De 5-9;2.543
Guayas;Balao;De 10-14;2.793
Guayas;Balao;De 15-19;2.501
Guayas;Balao;De 20-24;2.369
Guayas;Balao;De 25-29;1.996
Guayas;Balao;De 30-34;1.847
Guayas;Balao;De 35-39;1.805
Guayas;Balao;De 40-44;1.593
Guayas;Balao;De 45-49;1.310
Guayas;Balao;De 50-54;1.161
Guayas;Balao;De 55-59;892
Guayas;Balao;De 60-64;696
Guayas;Balao;De 65-69;538
Guayas;Balao;De 70-74;412
Guayas;Balao;De 75-79;293
Guayas;Balao;De 80-84;159
Guayas;Balao;85 o más;124
Guayas;Balzar;Total Balzar;57.829
Guayas;Balzar;De 0-4;5.348
Guayas;Balzar;De 5-9;5.443
Guayas;Balzar;De 10-14;6.271
Guayas;Balzar;De 15-19;5.771
Guayas;Balzar;De 20-24;5.076
Guayas;Balzar;De 25-29;4.120
Guayas;Balzar;De 30-34;3.791
Guayas;Balzar;De 35-39;3.525
Guayas;Balzar;De 40-44;3.396
Guayas;Balzar;De 45-49;3.014
Guayas;Balzar;De 50-54;2.754
Guayas;Balzar;De 55-59;2.442
Guayas;Balzar;De 60-64;2.026
Guayas;Balzar;De 65-69;1.603
Guayas;Balzar;De 70-74;1.328
Guayas;Balzar;De 75-79;859
Guayas;Balzar;De 80-84;544
Guayas;Balzar;85 o más;518
Guayas;Balzar;Total Balzar;57.829
Guayas;Balzar;De 0-4;5.348
Guayas;Balzar;De 5-9;5.443
Guayas;Balzar;De 10-14;6.271
Guayas;Balzar;De 15-19;5.771
Guayas;Balzar;De 20-24;5.076
Guayas;Balzar;De 25-29;4.120
Guayas;Balzar;De 30-34;3.791
Guayas;Balzar;De 35-39;3.525
Guayas;Balzar;De 40-44;3.396
Guayas;Balzar;De 45-49;3.014
Guayas;Balzar;De 50-54;2.754
Guayas;Balzar;De 55-59;2.442
Guayas;Balzar;De 60-64;2.026
Guayas;Balzar;De 65-69;1.603
Guayas;Balzar;De 70-74;1.328
Guayas;Balzar;De 75-79;859
Guayas;Balzar;De 80-84;544
Guayas;Balzar;85 o más;518
Guayas;Colimes;Total Colimes;26.251
Guayas;Colimes;De 0-4;2.423
Guayas;Colimes;De 5-9;2.383
Guayas;Colimes;De 10-14;2.752
Guayas;Colimes;De 15-19;2.495
Guayas;Colimes;De 20-24;2.254
Guayas;Colimes;De 25-29;1.813
Guayas;Colimes;De 30-34;1.680
Guayas;Colimes;De 35-39;1.559
Guayas;Colimes;De 40-44;1.555
Guayas;Colimes;De 45-49;1.455
Guayas;Colimes;De 50-54;1.324
Guayas;Colimes;De 55-59;1.152
Guayas;Colimes;De 60-64;936
Guayas;Colimes;De 65-69;785
Guayas;Colimes;De 70-74;653
Guayas;Colimes;De 75-79;455
Guayas;Colimes;De 80-84;307
Guayas;Colimes;85 o más;270
Guayas;Colimes;Total Colimes;20.339
Guayas;Colimes;De 0-4;1.866
Guayas;Colimes;De 5-9;1.902
Guayas;Colimes;De 10-14;2.161
Guayas;Colimes;De 15-19;1.893
Guayas;Colimes;De 20-24;1.793
Guayas;Colimes;De 25-29;1.425
Guayas;Colimes;De 30-34;1.339
Guayas;Colimes;De 35-39;1.198
Guayas;Colimes;De 40-44;1.187
Guayas;Colimes;De 45-49;1.104
Guayas;Colimes;De 50-54;1.020
Guayas;Colimes;De 55-59;877
Guayas;Colimes;De 60-64;706
Guayas;Colimes;De 65-69;606
Guayas;Colimes;De 70-74;477
Guayas;Colimes;De 75-79;345
Guayas;Colimes;De 80-84;230
Guayas;Colimes;85 o más;210
Guayas;Colimes;Total San Jacinto;5.912
Guayas;Colimes;De 0-4;557
Guayas;Colimes;De 5-9;481
Guayas;Colimes;De 10-14;591
Guayas;Colimes;De 15-19;602
Guayas;Colimes;De 20-24;461
Guayas;Colimes;De 25-29;388
Guayas;Colimes;De 30-34;341
Guayas;Colimes;De 35-39;361
Guayas;Colimes;De 40-44;368
Guayas;Colimes;De 45-49;351
Guayas;Colimes;De 50-54;304
Guayas;Colimes;De 55-59;275
Guayas;Colimes;De 60-64;230
Guayas;Colimes;De 65-69;179
Guayas;Colimes;De 70-74;176
Guayas;Colimes;De 75-79;110
Guayas;Colimes;De 80-84;77
Guayas;Colimes;85 o más;60
Guayas;Daule;Total Daule;222.446
Guayas;Daule;De 0-4;16.045
Guayas;Daule;De 5-9;18.489
Guayas;Daule;De 10-14;20.506
Guayas;Daule;De 15-19;18.477
Guayas;Daule;De 20-24;17.837
Guayas;Daule;De 25-29;15.686
Guayas;Daule;De 30-34;16.288
Guayas;Daule;De 35-39;17.458
Guayas;Daule;De 40-44;17.518
Guayas;Daule;De 45-49;14.519
Guayas;Daule;De 50-54;12.113
Guayas;Daule;De 55-59;10.557
Guayas;Daule;De 60-64;8.446
Guayas;Daule;De 65-69;6.882
Guayas;Daule;De 70-74;4.801
Guayas;Daule;De 75-79;3.190
Guayas;Daule;De 80-84;1.886
Guayas;Daule;85 o más;1.748
Guayas;Daule;Total Daule;183.399
Guayas;Daule;De 0-4;13.145
Guayas;Daule;De 5-9;15.387
Guayas;Daule;De 10-14;16.792
Guayas;Daule;De 15-19;14.936
Guayas;Daule;De 20-24;14.382
Guayas;Daule;De 25-29;12.937
Guayas;Daule;De 30-34;13.928
Guayas;Daule;De 35-39;15.097
Guayas;Daule;De 40-44;15.044
Guayas;Daule;De 45-49;12.198
Guayas;Daule;De 50-54;9.930
Guayas;Daule;De 55-59;8.485
Guayas;Daule;De 60-64;6.900
Guayas;Daule;De 65-69;5.545
Guayas;Daule;De 70-74;3.728
Guayas;Daule;De 75-79;2.334
Guayas;Daule;De 80-84;1.376
Guayas;Daule;85 o más;1.255
Guayas;Daule;Total Juan Bautista Aguirre;9.380
Guayas;Daule;De 0-4;704
Guayas;Daule;De 5-9;755
Guayas;Daule;De 10-14;871
Guayas;Daule;De 15-19;875
Guayas;Daule;De 20-24;809
Guayas;Daule;De 25-29;670
Guayas;Daule;De 30-34;529
Guayas;Daule;De 35-39;578
Guayas;Daule;De 40-44;610
Guayas;Daule;De 45-49;613
Guayas;Daule;De 50-54;541
Guayas;Daule;De 55-59;503
Guayas;Daule;De 60-64;358
Guayas;Daule;De 65-69;313
Guayas;Daule;De 70-74;248
Guayas;Daule;De 75-79;191
Guayas;Daule;De 80-84;110
Guayas;Daule;85 o más;102
Guayas;Daule;Total Laurel;10.558
Guayas;Daule;De 0-4;770
Guayas;Daule;De 5-9;852
Guayas;Daule;De 10-14;1.028
Guayas;Daule;De 15-19;944
Guayas;Daule;De 20-24;939
Guayas;Daule;De 25-29;662
Guayas;Daule;De 30-34;587
Guayas;Daule;De 35-39;625
Guayas;Daule;De 40-44;672
Guayas;Daule;De 45-49;607
Guayas;Daule;De 50-54;602
Guayas;Daule;De 55-59;527
Guayas;Daule;De 60-64;424
Guayas;Daule;De 65-69;377
Guayas;Daule;De 70-74;326
Guayas;Daule;De 75-79;285
Guayas;Daule;De 80-84;186
Guayas;Daule;85 o más;145
Guayas;Daule;Total Limonal;9.414
Guayas;Daule;De 0-4;702
Guayas;Daule;De 5-9;774
Guayas;Daule;De 10-14;928
Guayas;Daule;De 15-19;848
Guayas;Daule;De 20-24;905
Guayas;Daule;De 25-29;686
Guayas;Daule;De 30-34;600
Guayas;Daule;De 35-39;575
Guayas;Daule;De 40-44;599
Guayas;Daule;De 45-49;525
Guayas;Daule;De 50-54;508
Guayas;Daule;De 55-59;475
Guayas;Daule;De 60-64;356
Guayas;Daule;De 65-69;312
Guayas;Daule;De 70-74;231
Guayas;Daule;De 75-79;176
Guayas;Daule;De 80-84;100
Guayas;Daule;85 o más;114
Guayas;Daule;Total Los Lojas;9.695
Guayas;Daule;De 0-4;724
Guayas;Daule;De 5-9;721
Guayas;Daule;De 10-14;887
Guayas;Daule;De 15-19;874
Guayas;Daule;De 20-24;802
Guayas;Daule;De 25-29;731
Guayas;Daule;De 30-34;644
Guayas;Daule;De 35-39;583
Guayas;Daule;De 40-44;593
Guayas;Daule;De 45-49;576
Guayas;Daule;De 50-54;532
Guayas;Daule;De 55-59;567
Guayas;Daule;De 60-64;408
Guayas;Daule;De 65-69;335
Guayas;Daule;De 70-74;268
Guayas;Daule;De 75-79;204
Guayas;Daule;De 80-84;114
Guayas;Daule;85 o más;132
Guayas;Durán;Total Durán;303.910
Guayas;Durán;De 0-4;24.965
Guayas;Durán;De 5-9;26.579
Guayas;Durán;De 10-14;29.823
Guayas;Durán;De 15-19;27.108
Guayas;Durán;De 20-24;27.329
Guayas;Durán;De 25-29;24.933
Guayas;Durán;De 30-34;21.906
Guayas;Durán;De 35-39;20.460
Guayas;Durán;De 40-44;20.829
Guayas;Durán;De 45-49;17.350
Guayas;Durán;De 50-54;16.145
Guayas;Durán;De 55-59;13.925
Guayas;Durán;De 60-64;11.284
Guayas;Durán;De 65-69;8.499
Guayas;Durán;De 70-74;5.791
Guayas;Durán;De 75-79;3.406
Guayas;Durán;De 80-84;1.828
Guayas;Durán;85 o más;1.750
Guayas;Durán;Total Eloy Alfaro;303.910
Guayas;Durán;De 0-4;24.965
Guayas;Durán;De 5-9;26.579
Guayas;Durán;De 10-14;29.823
Guayas;Durán;De 15-19;27.108
Guayas;Durán;De 20-24;27.329
Guayas;Durán;De 25-29;24.933
Guayas;Durán;De 30-34;21.906
Guayas;Durán;De 35-39;20.460
Guayas;Durán;De 40-44;20.829
Guayas;Durán;De 45-49;17.350
Guayas;Durán;De 50-54;16.145
Guayas;Durán;De 55-59;13.925
Guayas;Durán;De 60-64;11.284
Guayas;Durán;De 65-69;8.499
Guayas;Durán;De 70-74;5.791
Guayas;Durán;De 75-79;3.406
Guayas;Durán;De 80-84;1.828
Guayas;Durán;85 o más;1.750
Guayas;El Empalme;Total El Empalme;79.767
Guayas;El Empalme;De 0-4;7.147
Guayas;El Empalme;De 5-9;6.937
Guayas;El Empalme;De 10-14;8.558
Guayas;El Empalme;De 15-19;7.960
Guayas;El Empalme;De 20-24;7.180
Guayas;El Empalme;De 25-29;5.676
Guayas;El Empalme;De 30-34;5.292
Guayas;El Empalme;De 35-39;4.796
Guayas;El Empalme;De 40-44;4.913
Guayas;El Empalme;De 45-49;4.302
Guayas;El Empalme;De 50-54;4.176
Guayas;El Empalme;De 55-59;3.424
Guayas;El Empalme;De 60-64;2.896
Guayas;El Empalme;De 65-69;2.262
Guayas;El Empalme;De 70-74;1.729
Guayas;El Empalme;De 75-79;1.198
Guayas;El Empalme;De 80-84;696
Guayas;El Empalme;85 o más;625
Guayas;El Empalme;Total Velasco Ibarra;50.951
Guayas;El Empalme;De 0-4;4.619
Guayas;El Empalme;De 5-9;4.491
Guayas;El Empalme;De 10-14;5.511
Guayas;El Empalme;De 15-19;5.085
Guayas;El Empalme;De 20-24;4.730
Guayas;El Empalme;De 25-29;3.818
Guayas;El Empalme;De 30-34;3.511
Guayas;El Empalme;De 35-39;3.039
Guayas;El Empalme;De 40-44;3.121
Guayas;El Empalme;De 45-49;2.619
Guayas;El Empalme;De 50-54;2.620
Guayas;El Empalme;De 55-59;2.176
Guayas;El Empalme;De 60-64;1.787
Guayas;El Empalme;De 65-69;1.350
Guayas;El Empalme;De 70-74;987
Guayas;El Empalme;De 75-79;699
Guayas;El Empalme;De 80-84;418
Guayas;El Empalme;85 o más;370
Guayas;El Empalme;Total Guayas;18.735
Guayas;El Empalme;De 0-4;1.608
Guayas;El Empalme;De 5-9;1.550
Guayas;El Empalme;De 10-14;2.001
Guayas;El Empalme;De 15-19;1.808
Guayas;El Empalme;De 20-24;1.557
Guayas;El Empalme;De 25-29;1.180
Guayas;El Empalme;De 30-34;1.142
Guayas;El Empalme;De 35-39;1.119
Guayas;El Empalme;De 40-44;1.151
Guayas;El Empalme;De 45-49;1.116
Guayas;El Empalme;De 50-54;1.047
Guayas;El Empalme;De 55-59;834
Guayas;El Empalme;De 60-64;770
Guayas;El Empalme;De 65-69;641
Guayas;El Empalme;De 70-74;511
Guayas;El Empalme;De 75-79;338
Guayas;El Empalme;De 80-84;184
Guayas;El Empalme;85 o más;178
Guayas;El Empalme;Total El Rosario;10.081
Guayas;El Empalme;De 0-4;920
Guayas;El Empalme;De 5-9;896
Guayas;El Empalme;De 10-14;1.046
Guayas;El Empalme;De 15-19;1.067
Guayas;El Empalme;De 20-24;893
Guayas;El Empalme;De 25-29;678
Guayas;El Empalme;De 30-34;639
Guayas;El Empalme;De 35-39;638
Guayas;El Empalme;De 40-44;641
Guayas;El Empalme;De 45-49;567
Guayas;El Empalme;De 50-54;509
Guayas;El Empalme;De 55-59;414
Guayas;El Empalme;De 60-64;339
Guayas;El Empalme;De 65-69;271
Guayas;El Empalme;De 70-74;231
Guayas;El Empalme;De 75-79;161
Guayas;El Empalme;De 80-84;94
Guayas;El Empalme;85 o más;77
Guayas;El Triunfo;Total El Triunfo;60.541
Guayas;El Triunfo;De 0-4;6.015
Guayas;El Triunfo;De 5-9;6.012
Guayas;El Triunfo;De 10-14;6.444
Guayas;El Triunfo;De 15-19;6.253
Guayas;El Triunfo;De 20-24;5.738
Guayas;El Triunfo;De 25-29;4.559
Guayas;El Triunfo;De 30-34;3.899
Guayas;El Triunfo;De 35-39;3.667
Guayas;El Triunfo;De 40-44;3.359
Guayas;El Triunfo;De 45-49;3.042
Guayas;El Triunfo;De 50-54;2.775
Guayas;El Triunfo;De 55-59;2.350
Guayas;El Triunfo;De 60-64;1.909
Guayas;El Triunfo;De 65-69;1.523
Guayas;El Triunfo;De 70-74;1.124
Guayas;El Triunfo;De 75-79;823
Guayas;El Triunfo;De 80-84;575
Guayas;El Triunfo;85 o más;474
Guayas;El Triunfo;Total El Triunfo;60.541
Guayas;El Triunfo;De 0-4;6.015
Guayas;El Triunfo;De 5-9;6.012
Guayas;El Triunfo;De 10-14;6.444
Guayas;El Triunfo;De 15-19;6.253
Guayas;El Triunfo;De 20-24;5.738
Guayas;El Triunfo;De 25-29;4.559
Guayas;El Triunfo;De 30-34;3.899
Guayas;El Triunfo;De 35-39;3.667
Guayas;El Triunfo;De 40-44;3.359
Guayas;El Triunfo;De 45-49;3.042
Guayas;El Triunfo;De 50-54;2.775
Guayas;El Triunfo;De 55-59;2.350
Guayas;El Triunfo;De 60-64;1.909
Guayas;El Triunfo;De 65-69;1.523
Guayas;El Triunfo;De 70-74;1.124
Guayas;El Triunfo;De 75-79;823
Guayas;El Triunfo;De 80-84;575
Guayas;El Triunfo;85 o más;474
Guayas;Milagro;Total Milagro;195.943
Guayas;Milagro;De 0-4;16.328
Guayas;Milagro;De 5-9;17.234
Guayas;Milagro;De 10-14;18.944
Guayas;Milagro;De 15-19;17.125
Guayas;Milagro;De 20-24;17.506
Guayas;Milagro;De 25-29;15.367
Guayas;Milagro;De 30-34;13.463
Guayas;Milagro;De 35-39;12.292
Guayas;Milagro;De 40-44;12.222
Guayas;Milagro;De 45-49;10.785
Guayas;Milagro;De 50-54;10.080
Guayas;Milagro;De 55-59;9.238
Guayas;Milagro;De 60-64;7.785
Guayas;Milagro;De 65-69;6.165
Guayas;Milagro;De 70-74;4.638
Guayas;Milagro;De 75-79;3.090
Guayas;Milagro;De 80-84;1.926
Guayas;Milagro;85 o más;1.755
Guayas;Milagro;Total Milagro;173.407
Guayas;Milagro;De 0-4;14.303
Guayas;Milagro;De 5-9;15.227
Guayas;Milagro;De 10-14;16.609
Guayas;Milagro;De 15-19;15.054
Guayas;Milagro;De 20-24;15.532
Guayas;Milagro;De 25-29;13.702
Guayas;Milagro;De 30-34;12.002
Guayas;Milagro;De 35-39;10.960
Guayas;Milagro;De 40-44;10.849
Guayas;Milagro;De 45-49;9.534
Guayas;Milagro;De 50-54;8.978
Guayas;Milagro;De 55-59;8.196
Guayas;Milagro;De 60-64;6.884
Guayas;Milagro;De 65-69;5.481
Guayas;Milagro;De 70-74;4.131
Guayas;Milagro;De 75-79;2.739
Guayas;Milagro;De 80-84;1.683
Guayas;Milagro;85 o más;1.543
Guayas;Milagro;Total Chobo;3.761
Guayas;Milagro;De 0-4;401
Guayas;Milagro;De 5-9;366
Guayas;Milagro;De 10-14;403
Guayas;Milagro;De 15-19;341
Guayas;Milagro;De 20-24;368
Guayas;Milagro;De 25-29;301
Guayas;Milagro;De 30-34;243
Guayas;Milagro;De 35-39;203
Guayas;Milagro;De 40-44;243
Guayas;Milagro;De 45-49;205
Guayas;Milagro;De 50-54;161
Guayas;Milagro;De 55-59;141
Guayas;Milagro;De 60-64;137
Guayas;Milagro;De 65-69;95
Guayas;Milagro;De 70-74;70
Guayas;Milagro;De 75-79;34
Guayas;Milagro;De 80-84;28
Guayas;Milagro;85 o más;21
Guayas;Milagro;Total Mariscal Sucre;6.072
Guayas;Milagro;De 0-4;538
Guayas;Milagro;De 5-9;513
Guayas;Milagro;De 10-14;643
Guayas;Milagro;De 15-19;554
Guayas;Milagro;De 20-24;512
Guayas;Milagro;De 25-29;425
Guayas;Milagro;De 30-34;364
Guayas;Milagro;De 35-39;348
Guayas;Milagro;De 40-44;389
Guayas;Milagro;De 45-49;362
Guayas;Milagro;De 50-54;307
Guayas;Milagro;De 55-59;304
Guayas;Milagro;De 60-64;258
Guayas;Milagro;De 65-69;185
Guayas;Milagro;De 70-74;147
Guayas;Milagro;De 75-79;111
Guayas;Milagro;De 80-84;58
Guayas;Milagro;85 o más;54
Guayas;Milagro;Total Roberto Astudillo;12.703
Guayas;Milagro;De 0-4;1.086
Guayas;Milagro;De 5-9;1.128
Guayas;Milagro;De 10-14;1.289
Guayas;Milagro;De 15-19;1.176
Guayas;Milagro;De 20-24;1.094
Guayas;Milagro;De 25-29;939
Guayas;Milagro;De 30-34;854
Guayas;Milagro;De 35-39;781
Guayas;Milagro;De 40-44;741
Guayas;Milagro;De 45-49;684
Guayas;Milagro;De 50-54;634
Guayas;Milagro;De 55-59;597
Guayas;Milagro;De 60-64;506
Guayas;Milagro;De 65-69;404
Guayas;Milagro;De 70-74;290
Guayas;Milagro;De 75-79;206
Guayas;Milagro;De 80-84;157
Guayas;Milagro;85 o más;137
Guayas;Naranjal;Total Naranjal;83.691
Guayas;Naranjal;De 0-4;8.436
Guayas;Naranjal;De 5-9;8.227
Guayas;Naranjal;De 10-14;8.873
Guayas;Naranjal;De 15-19;8.051
Guayas;Naranjal;De 20-24;7.824
Guayas;Naranjal;De 25-29;6.565
Guayas;Naranjal;De 30-34;5.842
Guayas;Naranjal;De 35-39;5.268
Guayas;Naranjal;De 40-44;5.132
Guayas;Naranjal;De 45-49;4.289
Guayas;Naranjal;De 50-54;3.774
Guayas;Naranjal;De 55-59;3.094
Guayas;Naranjal;De 60-64;2.572
Guayas;Naranjal;De 65-69;2.089
Guayas;Naranjal;De 70-74;1.439
Guayas;Naranjal;De 75-79;1.003
Guayas;Naranjal;De 80-84;640
Guayas;Naranjal;85 o más;573
Guayas;Naranjal;Total Naranjal;52.002
Guayas;Naranjal;De 0-4;5.241
Guayas;Naranjal;De 5-9;5.105
Guayas;Naranjal;De 10-14;5.425
Guayas;Naranjal;De 15-19;4.830
Guayas;Naranjal;De 20-24;4.823
Guayas;Naranjal;De 25-29;4.170
Guayas;Naranjal;De 30-34;3.707
Guayas;Naranjal;De 35-39;3.379
Guayas;Naranjal;De 40-44;3.208
Guayas;Naranjal;De 45-49;2.613
Guayas;Naranjal;De 50-54;2.283
Guayas;Naranjal;De 55-59;1.990
Guayas;Naranjal;De 60-64;1.646
Guayas;Naranjal;De 65-69;1.334
Guayas;Naranjal;De 70-74;879
Guayas;Naranjal;De 75-79;620
Guayas;Naranjal;De 80-84;400
Guayas;Naranjal;85 o más;349
Guayas;Naranjal;Total Jesús María;6.622
Guayas;Naranjal;De 0-4;667
Guayas;Naranjal;De 5-9;664
Guayas;Naranjal;De 10-14;737
Guayas;Naranjal;De 15-19;653
Guayas;Naranjal;De 20-24;622
Guayas;Naranjal;De 25-29;503
Guayas;Naranjal;De 30-34;436
Guayas;Naranjal;De 35-39;436
Guayas;Naranjal;De 40-44;400
Guayas;Naranjal;De 45-49;321
Guayas;Naranjal;De 50-54;312
Guayas;Naranjal;De 55-59;216
Guayas;Naranjal;De 60-64;186
Guayas;Naranjal;De 65-69;163
Guayas;Naranjal;De 70-74;101
Guayas;Naranjal;De 75-79;101
Guayas;Naranjal;De 80-84;55
Guayas;Naranjal;85 o más;49
Guayas;Naranjal;Total San Carlos;9.404
Guayas;Naranjal;De 0-4;906
Guayas;Naranjal;De 5-9;869
Guayas;Naranjal;De 10-14;994
Guayas;Naranjal;De 15-19;1.002
Guayas;Naranjal;De 20-24;905
Guayas;Naranjal;De 25-29;729
Guayas;Naranjal;De 30-34;611
Guayas;Naranjal;De 35-39;555
Guayas;Naranjal;De 40-44;580
Guayas;Naranjal;De 45-49;540
Guayas;Naranjal;De 50-54;478
Guayas;Naranjal;De 55-59;361
Guayas;Naranjal;De 60-64;298
Guayas;Naranjal;De 65-69;201
Guayas;Naranjal;De 70-74;147
Guayas;Naranjal;De 75-79;102
Guayas;Naranjal;De 80-84;73
Guayas;Naranjal;85 o más;53
Guayas;Naranjal;Total Santa Rosa de Flandes;6.196
Guayas;Naranjal;De 0-4;625
Guayas;Naranjal;De 5-9;622
Guayas;Naranjal;De 10-14;695
Guayas;Naranjal;De 15-19;594
Guayas;Naranjal;De 20-24;569
Guayas;Naranjal;De 25-29;423
Guayas;Naranjal;De 30-34;437
Guayas;Naranjal;De 35-39;364
Guayas;Naranjal;De 40-44;361
Guayas;Naranjal;De 45-49;334
Guayas;Naranjal;De 50-54;290
Guayas;Naranjal;De 55-59;220
Guayas;Naranjal;De 60-64;170
Guayas;Naranjal;De 65-69;168
Guayas;Naranjal;De 70-74;138
Guayas;Naranjal;De 75-79;75
Guayas;Naranjal;De 80-84;51
Guayas;Naranjal;85 o más;60
Guayas;Naranjal;Total Taura;9.467
Guayas;Naranjal;De 0-4;997
Guayas;Naranjal;De 5-9;967
Guayas;Naranjal;De 10-14;1.022
Guayas;Naranjal;De 15-19;972
Guayas;Naranjal;De 20-24;905
Guayas;Naranjal;De 25-29;740
Guayas;Naranjal;De 30-34;651
Guayas;Naranjal;De 35-39;534
Guayas;Naranjal;De 40-44;583
Guayas;Naranjal;De 45-49;481
Guayas;Naranjal;De 50-54;411
Guayas;Naranjal;De 55-59;307
Guayas;Naranjal;De 60-64;272
Guayas;Naranjal;De 65-69;223
Guayas;Naranjal;De 70-74;174
Guayas;Naranjal;De 75-79;105
Guayas;Naranjal;De 80-84;61
Guayas;Naranjal;85 o más;62
Guayas;Naranjito;Total Naranjito;44.169
Guayas;Naranjito;De 0-4;3.778
Guayas;Naranjito;De 5-9;3.852
Guayas;Naranjito;De 10-14;4.560
Guayas;Naranjito;De 15-19;4.177
Guayas;Naranjito;De 20-24;4.090
Guayas;Naranjito;De 25-29;3.495
Guayas;Naranjito;De 30-34;2.949
Guayas;Naranjito;De 35-39;2.889
Guayas;Naranjito;De 40-44;2.719
Guayas;Naranjito;De 45-49;2.269
Guayas;Naranjito;De 50-54;2.157
Guayas;Naranjito;De 55-59;1.857
Guayas;Naranjito;De 60-64;1.564
Guayas;Naranjito;De 65-69;1.293
Guayas;Naranjito;De 70-74;1.007
Guayas;Naranjito;De 75-79;674
Guayas;Naranjito;De 80-84;440
Guayas;Naranjito;85 o más;399
Guayas;Naranjito;Total Naranjito;44.169
Guayas;Naranjito;De 0-4;3.778
Guayas;Naranjito;De 5-9;3.852
Guayas;Naranjito;De 10-14;4.560
Guayas;Naranjito;De 15-19;4.177
Guayas;Naranjito;De 20-24;4.090
Guayas;Naranjito;De 25-29;3.495
Guayas;Naranjito;De 30-34;2.949
Guayas;Naranjito;De 35-39;2.889
Guayas;Naranjito;De 40-44;2.719
Guayas;Naranjito;De 45-49;2.269
Guayas;Naranjito;De 50-54;2.157
Guayas;Naranjito;De 55-59;1.857
Guayas;Naranjito;De 60-64;1.564
Guayas;Naranjito;De 65-69;1.293
Guayas;Naranjito;De 70-74;1.007
Guayas;Naranjito;De 75-79;674
Guayas;Naranjito;De 80-84;440
Guayas;Naranjito;85 o más;399
Guayas;Palestina;Total Palestina;18.019
Guayas;Palestina;De 0-4;1.597
Guayas;Palestina;De 5-9;1.590
Guayas;Palestina;De 10-14;1.767
Guayas;Palestina;De 15-19;1.763
Guayas;Palestina;De 20-24;1.567
Guayas;Palestina;De 25-29;1.248
Guayas;Palestina;De 30-34;1.196
Guayas;Palestina;De 35-39;1.129
Guayas;Palestina;De 40-44;1.067
Guayas;Palestina;De 45-49;1.003
Guayas;Palestina;De 50-54;913
Guayas;Palestina;De 55-59;809
Guayas;Palestina;De 60-64;704
Guayas;Palestina;De 65-69;587
Guayas;Palestina;De 70-74;433
Guayas;Palestina;De 75-79;296
Guayas;Palestina;De 80-84;179
Guayas;Palestina;85 o más;171
Guayas;Palestina;Total Palestina;18.019
Guayas;Palestina;De 0-4;1.597
Guayas;Palestina;De 5-9;1.590
Guayas;Palestina;De 10-14;1.767
Guayas;Palestina;De 15-19;1.763
Guayas;Palestina;De 20-24;1.567
Guayas;Palestina;De 25-29;1.248
Guayas;Palestina;De 30-34;1.196
Guayas;Palestina;De 35-39;1.129
Guayas;Palestina;De 40-44;1.067
Guayas;Palestina;De 45-49;1.003
Guayas;Palestina;De 50-54;913
Guayas;Palestina;De 55-59;809
Guayas;Palestina;De 60-64;704
Guayas;Palestina;De 65-69;587
Guayas;Palestina;De 70-74;433
Guayas;Palestina;De 75-79;296
Guayas;Palestina;De 80-84;179
Guayas;Palestina;85 o más;171
Guayas;Pedro Carbo;Total Pedro Carbo;52.177
Guayas;Pedro Carbo;De 0-4;4.907
Guayas;Pedro Carbo;De 5-9;4.704
Guayas;Pedro Carbo;De 10-14;5.605
Guayas;Pedro Carbo;De 15-19;5.058
Guayas;Pedro Carbo;De 20-24;4.633
Guayas;Pedro Carbo;De 25-29;3.882
Guayas;Pedro Carbo;De 30-34;3.460
Guayas;Pedro Carbo;De 35-39;3.181
Guayas;Pedro Carbo;De 40-44;3.147
Guayas;Pedro Carbo;De 45-49;2.830
Guayas;Pedro Carbo;De 50-54;2.374
Guayas;Pedro Carbo;De 55-59;2.067
Guayas;Pedro Carbo;De 60-64;1.762
Guayas;Pedro Carbo;De 65-69;1.581
Guayas;Pedro Carbo;De 70-74;1.159
Guayas;Pedro Carbo;De 75-79;838
Guayas;Pedro Carbo;De 80-84;501
Guayas;Pedro Carbo;85 o más;488
Guayas;Pedro Carbo;Total Pedro Carbo;38.405
Guayas;Pedro Carbo;De 0-4;3.654
Guayas;Pedro Carbo;De 5-9;3.464
Guayas;Pedro Carbo;De 10-14;4.085
Guayas;Pedro Carbo;De 15-19;3.682
Guayas;Pedro Carbo;De 20-24;3.402
Guayas;Pedro Carbo;De 25-29;2.922
Guayas;Pedro Carbo;De 30-34;2.607
Guayas;Pedro Carbo;De 35-39;2.350
Guayas;Pedro Carbo;De 40-44;2.290
Guayas;Pedro Carbo;De 45-49;2.075
Guayas;Pedro Carbo;De 50-54;1.736
Guayas;Pedro Carbo;De 55-59;1.530
Guayas;Pedro Carbo;De 60-64;1.302
Guayas;Pedro Carbo;De 65-69;1.169
Guayas;Pedro Carbo;De 70-74;812
Guayas;Pedro Carbo;De 75-79;601
Guayas;Pedro Carbo;De 80-84;368
Guayas;Pedro Carbo;85 o más;356
Guayas;Pedro Carbo;Total Valle de la Virgen;5.751
Guayas;Pedro Carbo;De 0-4;529
Guayas;Pedro Carbo;De 5-9;515
Guayas;Pedro Carbo;De 10-14;630
Guayas;Pedro Carbo;De 15-19;613
Guayas;Pedro Carbo;De 20-24;516
Guayas;Pedro Carbo;De 25-29;392
Guayas;Pedro Carbo;De 30-34;369
Guayas;Pedro Carbo;De 35-39;334
Guayas;Pedro Carbo;De 40-44;330
Guayas;Pedro Carbo;De 45-49;295
Guayas;Pedro Carbo;De 50-54;271
Guayas;Pedro Carbo;De 55-59;218
Guayas;Pedro Carbo;De 60-64;188
Guayas;Pedro Carbo;De 65-69;170
Guayas;Pedro Carbo;De 70-74;156
Guayas;Pedro Carbo;De 75-79;96
Guayas;Pedro Carbo;De 80-84;66
Guayas;Pedro Carbo;85 o más;63
Guayas;Pedro Carbo;Total Sabanilla;8.021
Guayas;Pedro Carbo;De 0-4;724
Guayas;Pedro Carbo;De 5-9;725
Guayas;Pedro Carbo;De 10-14;890
Guayas;Pedro Carbo;De 15-19;763
Guayas;Pedro Carbo;De 20-24;715
Guayas;Pedro Carbo;De 25-29;568
Guayas;Pedro Carbo;De 30-34;484
Guayas;Pedro Carbo;De 35-39;497
Guayas;Pedro Carbo;De 40-44;527
Guayas;Pedro Carbo;De 45-49;460
Guayas;Pedro Carbo;De 50-54;367
Guayas;Pedro Carbo;De 55-59;319
Guayas;Pedro Carbo;De 60-64;272
Guayas;Pedro Carbo;De 65-69;242
Guayas;Pedro Carbo;De 70-74;191
Guayas;Pedro Carbo;De 75-79;141
Guayas;Pedro Carbo;De 80-84;67
Guayas;Pedro Carbo;85 o más;69
Guayas;Samborondón;Total Samborondón;98.540
Guayas;Samborondón;De 0-4;6.104
Guayas;Samborondón;De 5-9;7.224
Guayas;Samborondón;De 10-14;8.146
Guayas;Samborondón;De 15-19;7.705
Guayas;Samborondón;De 20-24;7.722
Guayas;Samborondón;De 25-29;7.236
Guayas;Samborondón;De 30-34;6.992
Guayas;Samborondón;De 35-39;6.920
Guayas;Samborondón;De 40-44;7.015
Guayas;Samborondón;De 45-49;6.503
Guayas;Samborondón;De 50-54;5.992
Guayas;Samborondón;De 55-59;5.205
Guayas;Samborondón;De 60-64;4.504
Guayas;Samborondón;De 65-69;4.011
Guayas;Samborondón;De 70-74;2.967
Guayas;Samborondón;De 75-79;2.024
Guayas;Samborondón;De 80-84;1.155
Guayas;Samborondón;85 o más;1.115
Guayas;Samborondón;Total Samborondón;81.854
Guayas;Samborondón;De 0-4;4.769
Guayas;Samborondón;De 5-9;5.866
Guayas;Samborondón;De 10-14;6.451
Guayas;Samborondón;De 15-19;6.133
Guayas;Samborondón;De 20-24;6.203
Guayas;Samborondón;De 25-29;5.983
Guayas;Samborondón;De 30-34;5.860
Guayas;Samborondón;De 35-39;5.962
Guayas;Samborondón;De 40-44;5.964
Guayas;Samborondón;De 45-49;5.525
Guayas;Samborondón;De 50-54;5.098
Guayas;Samborondón;De 55-59;4.462
Guayas;Samborondón;De 60-64;3.842
Guayas;Samborondón;De 65-69;3.476
Guayas;Samborondón;De 70-74;2.572
Guayas;Samborondón;De 75-79;1.745
Guayas;Samborondón;De 80-84;987
Guayas;Samborondón;85 o más;956
Guayas;Samborondón;Total Tarifa;16.686
Guayas;Samborondón;De 0-4;1.335
Guayas;Samborondón;De 5-9;1.358
Guayas;Samborondón;De 10-14;1.695
Guayas;Samborondón;De 15-19;1.572
Guayas;Samborondón;De 20-24;1.519
Guayas;Samborondón;De 25-29;1.253
Guayas;Samborondón;De 30-34;1.132
Guayas;Samborondón;De 35-39;958
Guayas;Samborondón;De 40-44;1.051
Guayas;Samborondón;De 45-49;978
Guayas;Samborondón;De 50-54;894
Guayas;Samborondón;De 55-59;743
Guayas;Samborondón;De 60-64;662
Guayas;Samborondón;De 65-69;535
Guayas;Samborondón;De 70-74;395
Guayas;Samborondón;De 75-79;279
Guayas;Samborondón;De 80-84;168
Guayas;Samborondón;85 o más;159
Guayas;Santa Lucía;Total Santa Lucía;43.700
Guayas;Santa Lucía;De 0-4;3.526
Guayas;Santa Lucía;De 5-9;3.543
Guayas;Santa Lucía;De 10-14;4.315
Guayas;Santa Lucía;De 15-19;4.153
Guayas;Santa Lucía;De 20-24;3.825
Guayas;Santa Lucía;De 25-29;3.100
Guayas;Santa Lucía;De 30-34;2.861
Guayas;Santa Lucía;De 35-39;2.660
Guayas;Santa Lucía;De 40-44;2.740
Guayas;Santa Lucía;De 45-49;2.542
Guayas;Santa Lucía;De 50-54;2.346
Guayas;Santa Lucía;De 55-59;2.077
Guayas;Santa Lucía;De 60-64;1.723
Guayas;Santa Lucía;De 65-69;1.419
Guayas;Santa Lucía;De 70-74;1.109
Guayas;Santa Lucía;De 75-79;810
Guayas;Santa Lucía;De 80-84;484
Guayas;Santa Lucía;85 o más;467
Guayas;Santa Lucía;Total Santa Lucía;43.700
Guayas;Santa Lucía;De 0-4;3.526
Guayas;Santa Lucía;De 5-9;3.543
Guayas;Santa Lucía;De 10-14;4.315
Guayas;Santa Lucía;De 15-19;4.153
Guayas;Santa Lucía;De 20-24;3.825
Guayas;Santa Lucía;De 25-29;3.100
Guayas;Santa Lucía;De 30-34;2.861
Guayas;Santa Lucía;De 35-39;2.660
Guayas;Santa Lucía;De 40-44;2.740
Guayas;Santa Lucía;De 45-49;2.542
Guayas;Santa Lucía;De 50-54;2.346
Guayas;Santa Lucía;De 55-59;2.077
Guayas;Santa Lucía;De 60-64;1.723
Guayas;Santa Lucía;De 65-69;1.419
Guayas;Santa Lucía;De 70-74;1.109
Guayas;Santa Lucía;De 75-79;810
Guayas;Santa Lucía;De 80-84;484
Guayas;Santa Lucía;85 o más;467
Guayas;Salitre;Total Salitre;61.060
Guayas;Salitre;De 0-4;5.270
Guayas;Salitre;De 5-9;5.041
Guayas;Salitre;De 10-14;6.331
Guayas;Salitre;De 15-19;5.778
Guayas;Salitre;De 20-24;5.363
Guayas;Salitre;De 25-29;4.160
Guayas;Salitre;De 30-34;3.718
Guayas;Salitre;De 35-39;3.525
Guayas;Salitre;De 40-44;3.563
Guayas;Salitre;De 45-49;3.501
Guayas;Salitre;De 50-54;3.346
Guayas;Salitre;De 55-59;2.871
Guayas;Salitre;De 60-64;2.288
Guayas;Salitre;De 65-69;1.904
Guayas;Salitre;De 70-74;1.668
Guayas;Salitre;De 75-79;1.232
Guayas;Salitre;De 80-84;783
Guayas;Salitre;85 o más;718
Guayas;Salitre;Total El Salitre;30.549
Guayas;Salitre;De 0-4;2.695
Guayas;Salitre;De 5-9;2.652
Guayas;Salitre;De 10-14;3.274
Guayas;Salitre;De 15-19;2.929
Guayas;Salitre;De 20-24;2.703
Guayas;Salitre;De 25-29;2.162
Guayas;Salitre;De 30-34;1.907
Guayas;Salitre;De 35-39;1.694
Guayas;Salitre;De 40-44;1.720
Guayas;Salitre;De 45-49;1.725
Guayas;Salitre;De 50-54;1.743
Guayas;Salitre;De 55-59;1.428
Guayas;Salitre;De 60-64;1.082
Guayas;Salitre;De 65-69;846
Guayas;Salitre;De 70-74;713
Guayas;Salitre;De 75-79;560
Guayas;Salitre;De 80-84;383
Guayas;Salitre;85 o más;333
Guayas;Salitre;Total General Vernaza;10.522
Guayas;Salitre;De 0-4;875
Guayas;Salitre;De 5-9;797
Guayas;Salitre;De 10-14;1.014
Guayas;Salitre;De 15-19;933
Guayas;Salitre;De 20-24;931
Guayas;Salitre;De 25-29;692
Guayas;Salitre;De 30-34;555
Guayas;Salitre;De 35-39;589
Guayas;Salitre;De 40-44;639
Guayas;Salitre;De 45-49;630
Guayas;Salitre;De 50-54;595
Guayas;Salitre;De 55-59;509
Guayas;Salitre;De 60-64;414
Guayas;Salitre;De 65-69;390
Guayas;Salitre;De 70-74;371
Guayas;Salitre;De 75-79;254
Guayas;Salitre;De 80-84;174
Guayas;Salitre;85 o más;160
Guayas;Salitre;Total La Victoria;7.309
Guayas;Salitre;De 0-4;667
Guayas;Salitre;De 5-9;594
Guayas;Salitre;De 10-14;725
Guayas;Salitre;De 15-19;709
Guayas;Salitre;De 20-24;631
Guayas;Salitre;De 25-29;478
Guayas;Salitre;De 30-34;481
Guayas;Salitre;De 35-39;454
Guayas;Salitre;De 40-44;440
Guayas;Salitre;De 45-49;388
Guayas;Salitre;De 50-54;406
Guayas;Salitre;De 55-59;315
Guayas;Salitre;De 60-64;293
Guayas;Salitre;De 65-69;219
Guayas;Salitre;De 70-74;207
Guayas;Salitre;De 75-79;154
Guayas;Salitre;De 80-84;73
Guayas;Salitre;85 o más;75
Guayas;Salitre;Total Junquillal;12.680
Guayas;Salitre;De 0-4;1.033
Guayas;Salitre;De 5-9;998
Guayas;Salitre;De 10-14;1.318
Guayas;Salitre;De 15-19;1.207
Guayas;Salitre;De 20-24;1.098
Guayas;Salitre;De 25-29;828
Guayas;Salitre;De 30-34;775
Guayas;Salitre;De 35-39;788
Guayas;Salitre;De 40-44;764
Guayas;Salitre;De 45-49;758
Guayas;Salitre;De 50-54;602
Guayas;Salitre;De 55-59;619
Guayas;Salitre;De 60-64;499
Guayas;Salitre;De 65-69;449
Guayas;Salitre;De 70-74;377
Guayas;Salitre;De 75-79;264
Guayas;Salitre;De 80-84;153
Guayas;Salitre;85 o más;150
Guayas;San Jacinto de Yaguachi;Total San Jacinto de Yaguachi;72.699
Guayas;San Jacinto de Yaguachi;De 0-4;6.371
Guayas;San Jacinto de Yaguachi;De 5-9;6.178
Guayas;San Jacinto de Yaguachi;De 10-14;7.583
Guayas;San Jacinto de Yaguachi;De 15-19;7.255
Guayas;San Jacinto de Yaguachi;De 20-24;6.860
Guayas;San Jacinto de Yaguachi;De 25-29;5.464
Guayas;San Jacinto de Yaguachi;De 30-34;4.836
Guayas;San Jacinto de Yaguachi;De 35-39;4.562
Guayas;San Jacinto de Yaguachi;De 40-44;4.714
Guayas;San Jacinto de Yaguachi;De 45-49;4.112
Guayas;San Jacinto de Yaguachi;De 50-54;3.624
Guayas;San Jacinto de Yaguachi;De 55-59;3.072
Guayas;San Jacinto de Yaguachi;De 60-64;2.510
Guayas;San Jacinto de Yaguachi;De 65-69;1.992
Guayas;San Jacinto de Yaguachi;De 70-74;1.427
Guayas;San Jacinto de Yaguachi;De 75-79;952
Guayas;San Jacinto de Yaguachi;De 80-84;605
Guayas;San Jacinto de Yaguachi;85 o más;582
Guayas;San Jacinto de Yaguachi;Total San Jacinto de Yaguachi;32.914
Guayas;San Jacinto de Yaguachi;De 0-4;2.847
Guayas;San Jacinto de Yaguachi;De 5-9;2.594
Guayas;San Jacinto de Yaguachi;De 10-14;3.418
Guayas;San Jacinto de Yaguachi;De 15-19;3.214
Guayas;San Jacinto de Yaguachi;De 20-24;3.203
Guayas;San Jacinto de Yaguachi;De 25-29;2.507
Guayas;San Jacinto de Yaguachi;De 30-34;2.279
Guayas;San Jacinto de Yaguachi;De 35-39;1.991
Guayas;San Jacinto de Yaguachi;De 40-44;2.208
Guayas;San Jacinto de Yaguachi;De 45-49;1.886
Guayas;San Jacinto de Yaguachi;De 50-54;1.671
Guayas;San Jacinto de Yaguachi;De 55-59;1.423
Guayas;San Jacinto de Yaguachi;De 60-64;1.180
Guayas;San Jacinto de Yaguachi;De 65-69;907
Guayas;San Jacinto de Yaguachi;De 70-74;624
Guayas;San Jacinto de Yaguachi;De 75-79;420
Guayas;San Jacinto de Yaguachi;De 80-84;276
Guayas;San Jacinto de Yaguachi;85 o más;266
Guayas;San Jacinto de Yaguachi;Total General Pedro J. Montero;8.461
Guayas;San Jacinto de Yaguachi;De 0-4;767
Guayas;San Jacinto de Yaguachi;De 5-9;720
Guayas;San Jacinto de Yaguachi;De 10-14;876
Guayas;San Jacinto de Yaguachi;De 15-19;872
Guayas;San Jacinto de Yaguachi;De 20-24;747
Guayas;San Jacinto de Yaguachi;De 25-29;597
Guayas;San Jacinto de Yaguachi;De 30-34;531
Guayas;San Jacinto de Yaguachi;De 35-39;542
Guayas;San Jacinto de Yaguachi;De 40-44;521
Guayas;San Jacinto de Yaguachi;De 45-49;453
Guayas;San Jacinto de Yaguachi;De 50-54;446
Guayas;San Jacinto de Yaguachi;De 55-59;352
Guayas;San Jacinto de Yaguachi;De 60-64;303
Guayas;San Jacinto de Yaguachi;De 65-69;228
Guayas;San Jacinto de Yaguachi;De 70-74;220
Guayas;San Jacinto de Yaguachi;De 75-79;125
Guayas;San Jacinto de Yaguachi;De 80-84;88
Guayas;San Jacinto de Yaguachi;85 o más;73
Guayas;San Jacinto de Yaguachi;Total Yaguachi Viejo;13.140
Guayas;San Jacinto de Yaguachi;De 0-4;1.141
Guayas;San Jacinto de Yaguachi;De 5-9;1.159
Guayas;San Jacinto de Yaguachi;De 10-14;1.294
Guayas;San Jacinto de Yaguachi;De 15-19;1.353
Guayas;San Jacinto de Yaguachi;De 20-24;1.211
Guayas;San Jacinto de Yaguachi;De 25-29;1.001
Guayas;San Jacinto de Yaguachi;De 30-34;785
Guayas;San Jacinto de Yaguachi;De 35-39;841
Guayas;San Jacinto de Yaguachi;De 40-44;823
Guayas;San Jacinto de Yaguachi;De 45-49;743
Guayas;San Jacinto de Yaguachi;De 50-54;632
Guayas;San Jacinto de Yaguachi;De 55-59;581
Guayas;San Jacinto de Yaguachi;De 60-64;464
Guayas;San Jacinto de Yaguachi;De 65-69;371
Guayas;San Jacinto de Yaguachi;De 70-74;284
Guayas;San Jacinto de Yaguachi;De 75-79;207
Guayas;San Jacinto de Yaguachi;De 80-84;118
Guayas;San Jacinto de Yaguachi;85 o más;132
Guayas;San Jacinto de Yaguachi;Total Virgen de Fátima;18.184
Guayas;San Jacinto de Yaguachi;De 0-4;1.616
Guayas;San Jacinto de Yaguachi;De 5-9;1.705
Guayas;San Jacinto de Yaguachi;De 10-14;1.995
Guayas;San Jacinto de Yaguachi;De 15-19;1.816
Guayas;San Jacinto de Yaguachi;De 20-24;1.699
Guayas;San Jacinto de Yaguachi;De 25-29;1.359
Guayas;San Jacinto de Yaguachi;De 30-34;1.241
Guayas;San Jacinto de Yaguachi;De 35-39;1.188
Guayas;San Jacinto de Yaguachi;De 40-44;1.162
Guayas;San Jacinto de Yaguachi;De 45-49;1.030
Guayas;San Jacinto de Yaguachi;De 50-54;875
Guayas;San Jacinto de Yaguachi;De 55-59;716
Guayas;San Jacinto de Yaguachi;De 60-64;563
Guayas;San Jacinto de Yaguachi;De 65-69;486
Guayas;San Jacinto de Yaguachi;De 70-74;299
Guayas;San Jacinto de Yaguachi;De 75-79;200
Guayas;San Jacinto de Yaguachi;De 80-84;123
Guayas;San Jacinto de Yaguachi;85 o más;111
Guayas;Playas;Total Playas;58.768
Guayas;Playas;De 0-4;5.391
Guayas;Playas;De 5-9;5.769
Guayas;Playas;De 10-14;6.493
Guayas;Playas;De 15-19;5.634
Guayas;Playas;De 20-24;5.119
Guayas;Playas;De 25-29;4.594
Guayas;Playas;De 30-34;4.123
Guayas;Playas;De 35-39;3.789
Guayas;Playas;De 40-44;3.745
Guayas;Playas;De 45-49;3.116
Guayas;Playas;De 50-54;2.728
Guayas;Playas;De 55-59;2.402
Guayas;Playas;De 60-64;1.969
Guayas;Playas;De 65-69;1.438
Guayas;Playas;De 70-74;1.026
Guayas;Playas;De 75-79;708
Guayas;Playas;De 80-84;386
Guayas;Playas;85 o más;338
Guayas;Playas;Total General Villamil;58.768
Guayas;Playas;De 0-4;5.391
Guayas;Playas;De 5-9;5.769
Guayas;Playas;De 10-14;6.493
Guayas;Playas;De 15-19;5.634
Guayas;Playas;De 20-24;5.119
Guayas;Playas;De 25-29;4.594
Guayas;Playas;De 30-34;4.123
Guayas;Playas;De 35-39;3.789
Guayas;Playas;De 40-44;3.745
Guayas;Playas;De 45-49;3.116
Guayas;Playas;De 50-54;2.728
Guayas;Playas;De 55-59;2.402
Guayas;Playas;De 60-64;1.969
Guayas;Playas;De 65-69;1.438
Guayas;Playas;De 70-74;1.026
Guayas;Playas;De 75-79;708
Guayas;Playas;De 80-84;386
Guayas;Playas;85 o más;338
Guayas;Simón Bolívar;Total Simón Bolívar;29.427
Guayas;Simón Bolívar;De 0-4;2.688
Guayas;Simón Bolívar;De 5-9;2.547
Guayas;Simón Bolívar;De 10-14;3.006
Guayas;Simón Bolívar;De 15-19;2.665
Guayas;Simón Bolívar;De 20-24;2.632
Guayas;Simón Bolívar;De 25-29;2.279
Guayas;Simón Bolívar;De 30-34;1.920
Guayas;Simón Bolívar;De 35-39;1.844
Guayas;Simón Bolívar;De 40-44;1.674
Guayas;Simón Bolívar;De 45-49;1.545
Guayas;Simón Bolívar;De 50-54;1.499
Guayas;Simón Bolívar;De 55-59;1.350
Guayas;Simón Bolívar;De 60-64;1.141
Guayas;Simón Bolívar;De 65-69;880
Guayas;Simón Bolívar;De 70-74;719
Guayas;Simón Bolívar;De 75-79;440
Guayas;Simón Bolívar;De 80-84;298
Guayas;Simón Bolívar;85 o más;300
Guayas;Simón Bolívar;Total Simón Bolívar;16.448
Guayas;Simón Bolívar;De 0-4;1.471
Guayas;Simón Bolívar;De 5-9;1.399
Guayas;Simón Bolívar;De 10-14;1.603
Guayas;Simón Bolívar;De 15-19;1.461
Guayas;Simón Bolívar;De 20-24;1.523
Guayas;Simón Bolívar;De 25-29;1.282
Guayas;Simón Bolívar;De 30-34;1.096
Guayas;Simón Bolívar;De 35-39;1.005
Guayas;Simón Bolívar;De 40-44;936
Guayas;Simón Bolívar;De 45-49;856
Guayas;Simón Bolívar;De 50-54;887
Guayas;Simón Bolívar;De 55-59;776
Guayas;Simón Bolívar;De 60-64;641
Guayas;Simón Bolívar;De 65-69;504
Guayas;Simón Bolívar;De 70-74;425
Guayas;Simón Bolívar;De 75-79;239
Guayas;Simón Bolívar;De 80-84;171
Guayas;Simón Bolívar;85 o más;173
Guayas;Simón Bolívar;Total Coronel Lorenzo de Garaycoa;12.979
Guayas;Simón Bolívar;De 0-4;1.217
Guayas;Simón Bolívar;De 5-9;1.148
Guayas;Simón Bolívar;De 10-14;1.403
Guayas;Simón Bolívar;De 15-19;1.204
Guayas;Simón Bolívar;De 20-24;1.109
Guayas;Simón Bolívar;De 25-29;997
Guayas;Simón Bolívar;De 30-34;824
Guayas;Simón Bolívar;De 35-39;839
Guayas;Simón Bolívar;De 40-44;738
Guayas;Simón Bolívar;De 45-49;689
Guayas;Simón Bolívar;De 50-54;612
Guayas;Simón Bolívar;De 55-59;574
Guayas;Simón Bolívar;De 60-64;500
Guayas;Simón Bolívar;De 65-69;376
Guayas;Simón Bolívar;De 70-74;294
Guayas;Simón Bolívar;De 75-79;201
Guayas;Simón Bolívar;De 80-84;127
Guayas;Simón Bolívar;85 o más;127
Guayas;Coronel Marcelino Maridueña;Total Coronel Marcelino Maridueña;13.183
Guayas;Coronel Marcelino Maridueña;De 0-4;926
Guayas;Coronel Marcelino Maridueña;De 5-9;1.022
Guayas;Coronel Marcelino Maridueña;De 10-14;1.232
Guayas;Coronel Marcelino Maridueña;De 15-19;1.173
Guayas;Coronel Marcelino Maridueña;De 20-24;1.161
Guayas;Coronel Marcelino Maridueña;De 25-29;1.016
Guayas;Coronel Marcelino Maridueña;De 30-34;878
Guayas;Coronel Marcelino Maridueña;De 35-39;894
Guayas;Coronel Marcelino Maridueña;De 40-44;790
Guayas;Coronel Marcelino Maridueña;De 45-49;722
Guayas;Coronel Marcelino Maridueña;De 50-54;769
Guayas;Coronel Marcelino Maridueña;De 55-59;643
Guayas;Coronel Marcelino Maridueña;De 60-64;515
Guayas;Coronel Marcelino Maridueña;De 65-69;437
Guayas;Coronel Marcelino Maridueña;De 70-74;332
Guayas;Coronel Marcelino Maridueña;De 75-79;281
Guayas;Coronel Marcelino Maridueña;De 80-84;212
Guayas;Coronel Marcelino Maridueña;85 o más;180
Guayas;Coronel Marcelino Maridueña;Total Coronel Marcelino Maridueña;13.183
Guayas;Coronel Marcelino Maridueña;De 0-4;926
Guayas;Coronel Marcelino Maridueña;De 5-9;1.022
Guayas;Coronel Marcelino Maridueña;De 10-14;1.232
Guayas;Coronel Marcelino Maridueña;De 15-19;1.173
Guayas;Coronel Marcelino Maridueña;De 20-24;1.161
Guayas;Coronel Marcelino Maridueña;De 25-29;1.016
Guayas;Coronel Marcelino Maridueña;De 30-34;878
Guayas;Coronel Marcelino Maridueña;De 35-39;894
Guayas;Coronel Marcelino Maridueña;De 40-44;790
Guayas;Coronel Marcelino Maridueña;De 45-49;722
Guayas;Coronel Marcelino Maridueña;De 50-54;769
Guayas;Coronel Marcelino Maridueña;De 55-59;643
Guayas;Coronel Marcelino Maridueña;De 60-64;515
Guayas;Coronel Marcelino Maridueña;De 65-69;437
Guayas;Coronel Marcelino Maridueña;De 70-74;332
Guayas;Coronel Marcelino Maridueña;De 75-79;281
Guayas;Coronel Marcelino Maridueña;De 80-84;212
Guayas;Coronel Marcelino Maridueña;85 o más;180
Guayas;Lomas de Sargentillo;Total Lomas de Sargentillo;22.254
Guayas;Lomas de Sargentillo;De 0-4;2.087
Guayas;Lomas de Sargentillo;De 5-9;1.969
Guayas;Lomas de Sargentillo;De 10-14;2.219
Guayas;Lomas de Sargentillo;De 15-19;2.154
Guayas;Lomas de Sargentillo;De 20-24;2.104
Guayas;Lomas de Sargentillo;De 25-29;1.627
Guayas;Lomas de Sargentillo;De 30-34;1.488
Guayas;Lomas de Sargentillo;De 35-39;1.421
Guayas;Lomas de Sargentillo;De 40-44;1.408
Guayas;Lomas de Sargentillo;De 45-49;1.222
Guayas;Lomas de Sargentillo;De 50-54;1.118
Guayas;Lomas de Sargentillo;De 55-59;947
Guayas;Lomas de Sargentillo;De 60-64;781
Guayas;Lomas de Sargentillo;De 65-69;590
Guayas;Lomas de Sargentillo;De 70-74;454
Guayas;Lomas de Sargentillo;De 75-79;308
Guayas;Lomas de Sargentillo;De 80-84;176
Guayas;Lomas de Sargentillo;85 o más;181
Guayas;Lomas de Sargentillo;Total Lomas de Sargentillo;22.254
Guayas;Lomas de Sargentillo;De 0-4;2.087
Guayas;Lomas de Sargentillo;De 5-9;1.969
Guayas;Lomas de Sargentillo;De 10-14;2.219
Guayas;Lomas de Sargentillo;De 15-19;2.154
Guayas;Lomas de Sargentillo;De 20-24;2.104
Guayas;Lomas de Sargentillo;De 25-29;1.627
Guayas;Lomas de Sargentillo;De 30-34;1.488
Guayas;Lomas de Sargentillo;De 35-39;1.421
Guayas;Lomas de Sargentillo;De 40-44;1.408
Guayas;Lomas de Sargentillo;De 45-49;1.222
Guayas;Lomas de Sargentillo;De 50-54;1.118
Guayas;Lomas de Sargentillo;De 55-59;947
Guayas;Lomas de Sargentillo;De 60-64;781
Guayas;Lomas de Sargentillo;De 65-69;590
Guayas;Lomas de Sargentillo;De 70-74;454
Guayas;Lomas de Sargentillo;De 75-79;308
Guayas;Lomas de Sargentillo;De 80-84;176
Guayas;Lomas de Sargentillo;85 o más;181
Guayas;Nobol;Total Nobol;23.850
Guayas;Nobol;De 0-4;2.018
Guayas;Nobol;De 5-9;2.126
Guayas;Nobol;De 10-14;2.619
Guayas;Nobol;De 15-19;2.338
Guayas;Nobol;De 20-24;2.278
Guayas;Nobol;De 25-29;1.795
Guayas;Nobol;De 30-34;1.601
Guayas;Nobol;De 35-39;1.492
Guayas;Nobol;De 40-44;1.469
Guayas;Nobol;De 45-49;1.364
Guayas;Nobol;De 50-54;1.234
Guayas;Nobol;De 55-59;1.006
Guayas;Nobol;De 60-64;782
Guayas;Nobol;De 65-69;614
Guayas;Nobol;De 70-74;441
Guayas;Nobol;De 75-79;320
Guayas;Nobol;De 80-84;180
Guayas;Nobol;85 o más;173
Guayas;Nobol;Total Narcisa de Jesús;23.850
Guayas;Nobol;De 0-4;2.018
Guayas;Nobol;De 5-9;2.126
Guayas;Nobol;De 10-14;2.619
Guayas;Nobol;De 15-19;2.338
Guayas;Nobol;De 20-24;2.278
Guayas;Nobol;De 25-29;1.795
Guayas;Nobol;De 30-34;1.601
Guayas;Nobol;De 35-39;1.492
Guayas;Nobol;De 40-44;1.469
Guayas;Nobol;De 45-49;1.364
Guayas;Nobol;De 50-54;1.234
Guayas;Nobol;De 55-59;1.006
Guayas;Nobol;De 60-64;782
Guayas;Nobol;De 65-69;614
Guayas;Nobol;De 70-74;441
Guayas;Nobol;De 75-79;320
Guayas;Nobol;De 80-84;180
Guayas;Nobol;85 o más;173
Guayas;General  Antonio Elizalde;Total General  Antonio Elizalde;11.810
Guayas;General  Antonio Elizalde;De 0-4;906
Guayas;General  Antonio Elizalde;De 5-9;1.048
Guayas;General  Antonio Elizalde;De 10-14;1.194
Guayas;General  Antonio Elizalde;De 15-19;1.158
Guayas;General  Antonio Elizalde;De 20-24;1.066
Guayas;General  Antonio Elizalde;De 25-29;933
Guayas;General  Antonio Elizalde;De 30-34;798
Guayas;General  Antonio Elizalde;De 35-39;755
Guayas;General  Antonio Elizalde;De 40-44;751
Guayas;General  Antonio Elizalde;De 45-49;662
Guayas;General  Antonio Elizalde;De 50-54;573
Guayas;General  Antonio Elizalde;De 55-59;471
Guayas;General  Antonio Elizalde;De 60-64;407
Guayas;General  Antonio Elizalde;De 65-69;326
Guayas;General  Antonio Elizalde;De 70-74;263
Guayas;General  Antonio Elizalde;De 75-79;193
Guayas;General  Antonio Elizalde;De 80-84;155
Guayas;General  Antonio Elizalde;85 o más;151
Guayas;General  Antonio Elizalde;Total General Antonio Elizalde;11.810
Guayas;General  Antonio Elizalde;De 0-4;906
Guayas;General  Antonio Elizalde;De 5-9;1.048
Guayas;General  Antonio Elizalde;De 10-14;1.194
Guayas;General  Antonio Elizalde;De 15-19;1.158
Guayas;General  Antonio Elizalde;De 20-24;1.066
Guayas;General  Antonio Elizalde;De 25-29;933
Guayas;General  Antonio Elizalde;De 30-34;798
Guayas;General  Antonio Elizalde;De 35-39;755
Guayas;General  Antonio Elizalde;De 40-44;751
Guayas;General  Antonio Elizalde;De 45-49;662
Guayas;General  Antonio Elizalde;De 50-54;573
Guayas;General  Antonio Elizalde;De 55-59;471
Guayas;General  Antonio Elizalde;De 60-64;407
Guayas;General  Antonio Elizalde;De 65-69;326
Guayas;General  Antonio Elizalde;De 70-74;263
Guayas;General  Antonio Elizalde;De 75-79;193
Guayas;General  Antonio Elizalde;De 80-84;155
Guayas;General  Antonio Elizalde;85 o más;151
Guayas;Isidro Ayora;Total Isidro Ayora;14.305
Guayas;Isidro Ayora;De 0-4;1.448
Guayas;Isidro Ayora;De 5-9;1.385
Guayas;Isidro Ayora;De 10-14;1.504
Guayas;Isidro Ayora;De 15-19;1.395
Guayas;Isidro Ayora;De 20-24;1.417
Guayas;Isidro Ayora;De 25-29;1.141
Guayas;Isidro Ayora;De 30-34;973
Guayas;Isidro Ayora;De 35-39;916
Guayas;Isidro Ayora;De 40-44;828
Guayas;Isidro Ayora;De 45-49;737
Guayas;Isidro Ayora;De 50-54;683
Guayas;Isidro Ayora;De 55-59;544
Guayas;Isidro Ayora;De 60-64;400
Guayas;Isidro Ayora;De 65-69;311
Guayas;Isidro Ayora;De 70-74;236
Guayas;Isidro Ayora;De 75-79;181
Guayas;Isidro Ayora;De 80-84;102
Guayas;Isidro Ayora;85 o más;104
Guayas;Isidro Ayora;Total Isidro Ayora;14.305
Guayas;Isidro Ayora;De 0-4;1.448
Guayas;Isidro Ayora;De 5-9;1.385
Guayas;Isidro Ayora;De 10-14;1.504
Guayas;Isidro Ayora;De 15-19;1.395
Guayas;Isidro Ayora;De 20-24;1.417
Guayas;Isidro Ayora;De 25-29;1.141
Guayas;Isidro Ayora;De 30-34;973
Guayas;Isidro Ayora;De 35-39;916
Guayas;Isidro Ayora;De 40-44;828
Guayas;Isidro Ayora;De 45-49;737
Guayas;Isidro Ayora;De 50-54;683
Guayas;Isidro Ayora;De 55-59;544
Guayas;Isidro Ayora;De 60-64;400
Guayas;Isidro Ayora;De 65-69;311
Guayas;Isidro Ayora;De 70-74;236
Guayas;Isidro Ayora;De 75-79;181
Guayas;Isidro Ayora;De 80-84;102
Guayas;Isidro Ayora;85 o más;104
Imbabura;Total Imbabura;Total Imbabura;469.879
Imbabura;Total Imbabura;De 0-4;31.123
Imbabura;Total Imbabura;De 5-9;37.038
Imbabura;Total Imbabura;De 10-14;42.878
Imbabura;Total Imbabura;De 15-19;44.579
Imbabura;Total Imbabura;De 20-24;42.249
Imbabura;Total Imbabura;De 25-29;38.013
Imbabura;Total Imbabura;De 30-34;34.971
Imbabura;Total Imbabura;De 35-39;32.259
Imbabura;Total Imbabura;De 40-44;30.158
Imbabura;Total Imbabura;De 45-49;26.014
Imbabura;Total Imbabura;De 50-54;23.896
Imbabura;Total Imbabura;De 55-59;21.035
Imbabura;Total Imbabura;De 60-64;17.417
Imbabura;Total Imbabura;De 65-69;14.440
Imbabura;Total Imbabura;De 70-74;11.672
Imbabura;Total Imbabura;De 75-79;9.265
Imbabura;Total Imbabura;De 80-84;6.438
Imbabura;Total Imbabura;85 o más;6.434
Imbabura;Ibarra;Total Ibarra;217.469
Imbabura;Ibarra;De 0-4;13.339
Imbabura;Ibarra;De 5-9;16.731
Imbabura;Ibarra;De 10-14;18.528
Imbabura;Ibarra;De 15-19;19.244
Imbabura;Ibarra;De 20-24;19.152
Imbabura;Ibarra;De 25-29;17.788
Imbabura;Ibarra;De 30-34;16.601
Imbabura;Ibarra;De 35-39;15.516
Imbabura;Ibarra;De 40-44;14.629
Imbabura;Ibarra;De 45-49;12.981
Imbabura;Ibarra;De 50-54;11.813
Imbabura;Ibarra;De 55-59;10.325
Imbabura;Ibarra;De 60-64;8.426
Imbabura;Ibarra;De 65-69;6.863
Imbabura;Ibarra;De 70-74;5.468
Imbabura;Ibarra;De 75-79;4.126
Imbabura;Ibarra;De 80-84;2.888
Imbabura;Ibarra;85 o más;3.051
Imbabura;Ibarra;Total San Miguel de Ibarra;168.068
Imbabura;Ibarra;De 0-4;9.919
Imbabura;Ibarra;De 5-9;12.771
Imbabura;Ibarra;De 10-14;14.102
Imbabura;Ibarra;De 15-19;14.453
Imbabura;Ibarra;De 20-24;14.660
Imbabura;Ibarra;De 25-29;13.865
Imbabura;Ibarra;De 30-34;13.084
Imbabura;Ibarra;De 35-39;12.328
Imbabura;Ibarra;De 40-44;11.627
Imbabura;Ibarra;De 45-49;10.298
Imbabura;Ibarra;De 50-54;9.370
Imbabura;Ibarra;De 55-59;8.077
Imbabura;Ibarra;De 60-64;6.597
Imbabura;Ibarra;De 65-69;5.162
Imbabura;Ibarra;De 70-74;4.231
Imbabura;Ibarra;De 75-79;3.108
Imbabura;Ibarra;De 80-84;2.137
Imbabura;Ibarra;85 o más;2.279
Imbabura;Ibarra;Total Ambuquí;6.143
Imbabura;Ibarra;De 0-4;427
Imbabura;Ibarra;De 5-9;478
Imbabura;Ibarra;De 10-14;550
Imbabura;Ibarra;De 15-19;615
Imbabura;Ibarra;De 20-24;579
Imbabura;Ibarra;De 25-29;446
Imbabura;Ibarra;De 30-34;449
Imbabura;Ibarra;De 35-39;386
Imbabura;Ibarra;De 40-44;352
Imbabura;Ibarra;De 45-49;323
Imbabura;Ibarra;De 50-54;324
Imbabura;Ibarra;De 55-59;329
Imbabura;Ibarra;De 60-64;234
Imbabura;Ibarra;De 65-69;237
Imbabura;Ibarra;De 70-74;163
Imbabura;Ibarra;De 75-79;105
Imbabura;Ibarra;De 80-84;71
Imbabura;Ibarra;85 o más;75
Imbabura;Ibarra;Total Angochagua;3.561
Imbabura;Ibarra;De 0-4;220
Imbabura;Ibarra;De 5-9;248
Imbabura;Ibarra;De 10-14;292
Imbabura;Ibarra;De 15-19;342
Imbabura;Ibarra;De 20-24;288
Imbabura;Ibarra;De 25-29;248
Imbabura;Ibarra;De 30-34;202
Imbabura;Ibarra;De 35-39;159
Imbabura;Ibarra;De 40-44;166
Imbabura;Ibarra;De 45-49;169
Imbabura;Ibarra;De 50-54;150
Imbabura;Ibarra;De 55-59;205
Imbabura;Ibarra;De 60-64;203
Imbabura;Ibarra;De 65-69;173
Imbabura;Ibarra;De 70-74;130
Imbabura;Ibarra;De 75-79;137
Imbabura;Ibarra;De 80-84;116
Imbabura;Ibarra;85 o más;113
Imbabura;Ibarra;Total Carolina;3.258
Imbabura;Ibarra;De 0-4;269
Imbabura;Ibarra;De 5-9;265
Imbabura;Ibarra;De 10-14;316
Imbabura;Ibarra;De 15-19;309
Imbabura;Ibarra;De 20-24;285
Imbabura;Ibarra;De 25-29;232
Imbabura;Ibarra;De 30-34;204
Imbabura;Ibarra;De 35-39;188
Imbabura;Ibarra;De 40-44;166
Imbabura;Ibarra;De 45-49;146
Imbabura;Ibarra;De 50-54;153
Imbabura;Ibarra;De 55-59;140
Imbabura;Ibarra;De 60-64;124
Imbabura;Ibarra;De 65-69;135
Imbabura;Ibarra;De 70-74;111
Imbabura;Ibarra;De 75-79;91
Imbabura;Ibarra;De 80-84;66
Imbabura;Ibarra;85 o más;58
Imbabura;Ibarra;Total La Esperanza;8.681
Imbabura;Ibarra;De 0-4;549
Imbabura;Ibarra;De 5-9;701
Imbabura;Ibarra;De 10-14;750
Imbabura;Ibarra;De 15-19;930
Imbabura;Ibarra;De 20-24;884
Imbabura;Ibarra;De 25-29;737
Imbabura;Ibarra;De 30-34;632
Imbabura;Ibarra;De 35-39;556
Imbabura;Ibarra;De 40-44;539
Imbabura;Ibarra;De 45-49;472
Imbabura;Ibarra;De 50-54;428
Imbabura;Ibarra;De 55-59;338
Imbabura;Ibarra;De 60-64;321
Imbabura;Ibarra;De 65-69;232
Imbabura;Ibarra;De 70-74;187
Imbabura;Ibarra;De 75-79;162
Imbabura;Ibarra;De 80-84;121
Imbabura;Ibarra;85 o más;142
Imbabura;Ibarra;Total Lita;3.964
Imbabura;Ibarra;De 0-4;432
Imbabura;Ibarra;De 5-9;427
Imbabura;Ibarra;De 10-14;445
Imbabura;Ibarra;De 15-19;480
Imbabura;Ibarra;De 20-24;360
Imbabura;Ibarra;De 25-29;306
Imbabura;Ibarra;De 30-34;269
Imbabura;Ibarra;De 35-39;233
Imbabura;Ibarra;De 40-44;195
Imbabura;Ibarra;De 45-49;168
Imbabura;Ibarra;De 50-54;146
Imbabura;Ibarra;De 55-59;138
Imbabura;Ibarra;De 60-64;100
Imbabura;Ibarra;De 65-69;89
Imbabura;Ibarra;De 70-74;66
Imbabura;Ibarra;De 75-79;44
Imbabura;Ibarra;De 80-84;37
Imbabura;Ibarra;85 o más;29
Imbabura;Ibarra;Total Salinas;2.374
Imbabura;Ibarra;De 0-4;196
Imbabura;Ibarra;De 5-9;175
Imbabura;Ibarra;De 10-14;202
Imbabura;Ibarra;De 15-19;210
Imbabura;Ibarra;De 20-24;239
Imbabura;Ibarra;De 25-29;231
Imbabura;Ibarra;De 30-34;170
Imbabura;Ibarra;De 35-39;153
Imbabura;Ibarra;De 40-44;167
Imbabura;Ibarra;De 45-49;143
Imbabura;Ibarra;De 50-54;122
Imbabura;Ibarra;De 55-59;89
Imbabura;Ibarra;De 60-64;75
Imbabura;Ibarra;De 65-69;79
Imbabura;Ibarra;De 70-74;45
Imbabura;Ibarra;De 75-79;39
Imbabura;Ibarra;De 80-84;24
Imbabura;Ibarra;85 o más;15
Imbabura;Ibarra;Total San Antonio;21.420
Imbabura;Ibarra;De 0-4;1.327
Imbabura;Ibarra;De 5-9;1.666
Imbabura;Ibarra;De 10-14;1.871
Imbabura;Ibarra;De 15-19;1.905
Imbabura;Ibarra;De 20-24;1.857
Imbabura;Ibarra;De 25-29;1.723
Imbabura;Ibarra;De 30-34;1.591
Imbabura;Ibarra;De 35-39;1.513
Imbabura;Ibarra;De 40-44;1.417
Imbabura;Ibarra;De 45-49;1.262
Imbabura;Ibarra;De 50-54;1.120
Imbabura;Ibarra;De 55-59;1.009
Imbabura;Ibarra;De 60-64;772
Imbabura;Ibarra;De 65-69;756
Imbabura;Ibarra;De 70-74;535
Imbabura;Ibarra;De 75-79;440
Imbabura;Ibarra;De 80-84;316
Imbabura;Ibarra;85 o más;340
Imbabura;Antonio Ante;Total Antonio Ante;53.771
Imbabura;Antonio Ante;De 0-4;3.442
Imbabura;Antonio Ante;De 5-9;4.129
Imbabura;Antonio Ante;De 10-14;5.044
Imbabura;Antonio Ante;De 15-19;5.135
Imbabura;Antonio Ante;De 20-24;4.779
Imbabura;Antonio Ante;De 25-29;4.390
Imbabura;Antonio Ante;De 30-34;4.139
Imbabura;Antonio Ante;De 35-39;3.563
Imbabura;Antonio Ante;De 40-44;3.562
Imbabura;Antonio Ante;De 45-49;3.051
Imbabura;Antonio Ante;De 50-54;2.720
Imbabura;Antonio Ante;De 55-59;2.435
Imbabura;Antonio Ante;De 60-64;1.980
Imbabura;Antonio Ante;De 65-69;1.613
Imbabura;Antonio Ante;De 70-74;1.272
Imbabura;Antonio Ante;De 75-79;1.020
Imbabura;Antonio Ante;De 80-84;730
Imbabura;Antonio Ante;85 o más;767
Imbabura;Antonio Ante;Total Atuntaqui;28.099
Imbabura;Antonio Ante;De 0-4;1.651
Imbabura;Antonio Ante;De 5-9;2.083
Imbabura;Antonio Ante;De 10-14;2.557
Imbabura;Antonio Ante;De 15-19;2.645
Imbabura;Antonio Ante;De 20-24;2.422
Imbabura;Antonio Ante;De 25-29;2.231
Imbabura;Antonio Ante;De 30-34;2.197
Imbabura;Antonio Ante;De 35-39;1.913
Imbabura;Antonio Ante;De 40-44;1.912
Imbabura;Antonio Ante;De 45-49;1.629
Imbabura;Antonio Ante;De 50-54;1.505
Imbabura;Antonio Ante;De 55-59;1.306
Imbabura;Antonio Ante;De 60-64;1.060
Imbabura;Antonio Ante;De 65-69;899
Imbabura;Antonio Ante;De 70-74;697
Imbabura;Antonio Ante;De 75-79;559
Imbabura;Antonio Ante;De 80-84;390
Imbabura;Antonio Ante;85 o más;443
Imbabura;Antonio Ante;Total Imbaya;1.610
Imbabura;Antonio Ante;De 0-4;106
Imbabura;Antonio Ante;De 5-9;133
Imbabura;Antonio Ante;De 10-14;140
Imbabura;Antonio Ante;De 15-19;163
Imbabura;Antonio Ante;De 20-24;142
Imbabura;Antonio Ante;De 25-29;124
Imbabura;Antonio Ante;De 30-34;101
Imbabura;Antonio Ante;De 35-39;82
Imbabura;Antonio Ante;De 40-44;139
Imbabura;Antonio Ante;De 45-49;124
Imbabura;Antonio Ante;De 50-54;72
Imbabura;Antonio Ante;De 55-59;68
Imbabura;Antonio Ante;De 60-64;58
Imbabura;Antonio Ante;De 65-69;54
Imbabura;Antonio Ante;De 70-74;39
Imbabura;Antonio Ante;De 75-79;26
Imbabura;Antonio Ante;De 80-84;23
Imbabura;Antonio Ante;85 o más;16
Imbabura;Antonio Ante;Total San Francisco de Natabuela;7.974
Imbabura;Antonio Ante;De 0-4;491
Imbabura;Antonio Ante;De 5-9;602
Imbabura;Antonio Ante;De 10-14;757
Imbabura;Antonio Ante;De 15-19;763
Imbabura;Antonio Ante;De 20-24;669
Imbabura;Antonio Ante;De 25-29;644
Imbabura;Antonio Ante;De 30-34;639
Imbabura;Antonio Ante;De 35-39;560
Imbabura;Antonio Ante;De 40-44;533
Imbabura;Antonio Ante;De 45-49;449
Imbabura;Antonio Ante;De 50-54;441
Imbabura;Antonio Ante;De 55-59;379
Imbabura;Antonio Ante;De 60-64;331
Imbabura;Antonio Ante;De 65-69;247
Imbabura;Antonio Ante;De 70-74;163
Imbabura;Antonio Ante;De 75-79;130
Imbabura;Antonio Ante;De 80-84;91
Imbabura;Antonio Ante;85 o más;85
Imbabura;Antonio Ante;Total San José de Chaltura;3.862
Imbabura;Antonio Ante;De 0-4;237
Imbabura;Antonio Ante;De 5-9;266
Imbabura;Antonio Ante;De 10-14;362
Imbabura;Antonio Ante;De 15-19;363
Imbabura;Antonio Ante;De 20-24;316
Imbabura;Antonio Ante;De 25-29;329
Imbabura;Antonio Ante;De 30-34;284
Imbabura;Antonio Ante;De 35-39;230
Imbabura;Antonio Ante;De 40-44;250
Imbabura;Antonio Ante;De 45-49;253
Imbabura;Antonio Ante;De 50-54;175
Imbabura;Antonio Ante;De 55-59;209
Imbabura;Antonio Ante;De 60-64;166
Imbabura;Antonio Ante;De 65-69;117
Imbabura;Antonio Ante;De 70-74;97
Imbabura;Antonio Ante;De 75-79;82
Imbabura;Antonio Ante;De 80-84;58
Imbabura;Antonio Ante;85 o más;68
Imbabura;Antonio Ante;Total San Roque;12.226
Imbabura;Antonio Ante;De 0-4;957
Imbabura;Antonio Ante;De 5-9;1.045
Imbabura;Antonio Ante;De 10-14;1.228
Imbabura;Antonio Ante;De 15-19;1.201
Imbabura;Antonio Ante;De 20-24;1.230
Imbabura;Antonio Ante;De 25-29;1.062
Imbabura;Antonio Ante;De 30-34;918
Imbabura;Antonio Ante;De 35-39;778
Imbabura;Antonio Ante;De 40-44;728
Imbabura;Antonio Ante;De 45-49;596
Imbabura;Antonio Ante;De 50-54;527
Imbabura;Antonio Ante;De 55-59;473
Imbabura;Antonio Ante;De 60-64;365
Imbabura;Antonio Ante;De 65-69;296
Imbabura;Antonio Ante;De 70-74;276
Imbabura;Antonio Ante;De 75-79;223
Imbabura;Antonio Ante;De 80-84;168
Imbabura;Antonio Ante;85 o más;155
Imbabura;Cotacachi;Total Cotacachi;53.001
Imbabura;Cotacachi;De 0-4;4.081
Imbabura;Cotacachi;De 5-9;4.273
Imbabura;Cotacachi;De 10-14;5.515
Imbabura;Cotacachi;De 15-19;5.557
Imbabura;Cotacachi;De 20-24;4.818
Imbabura;Cotacachi;De 25-29;4.027
Imbabura;Cotacachi;De 30-34;3.666
Imbabura;Cotacachi;De 35-39;3.437
Imbabura;Cotacachi;De 40-44;3.126
Imbabura;Cotacachi;De 45-49;2.619
Imbabura;Cotacachi;De 50-54;2.374
Imbabura;Cotacachi;De 55-59;2.145
Imbabura;Cotacachi;De 60-64;1.766
Imbabura;Cotacachi;De 65-69;1.607
Imbabura;Cotacachi;De 70-74;1.353
Imbabura;Cotacachi;De 75-79;1.171
Imbabura;Cotacachi;De 80-84;739
Imbabura;Cotacachi;85 o más;727
Imbabura;Cotacachi;Total Cotacachi;21.414
Imbabura;Cotacachi;De 0-4;1.577
Imbabura;Cotacachi;De 5-9;1.704
Imbabura;Cotacachi;De 10-14;2.169
Imbabura;Cotacachi;De 15-19;2.171
Imbabura;Cotacachi;De 20-24;1.956
Imbabura;Cotacachi;De 25-29;1.671
Imbabura;Cotacachi;De 30-34;1.515
Imbabura;Cotacachi;De 35-39;1.391
Imbabura;Cotacachi;De 40-44;1.302
Imbabura;Cotacachi;De 45-49;1.050
Imbabura;Cotacachi;De 50-54;950
Imbabura;Cotacachi;De 55-59;883
Imbabura;Cotacachi;De 60-64;708
Imbabura;Cotacachi;De 65-69;703
Imbabura;Cotacachi;De 70-74;566
Imbabura;Cotacachi;De 75-79;509
Imbabura;Cotacachi;De 80-84;300
Imbabura;Cotacachi;85 o más;289
Imbabura;Cotacachi;Total Apuela;1.936
Imbabura;Cotacachi;De 0-4;150
Imbabura;Cotacachi;De 5-9;159
Imbabura;Cotacachi;De 10-14;166
Imbabura;Cotacachi;De 15-19;206
Imbabura;Cotacachi;De 20-24;163
Imbabura;Cotacachi;De 25-29;140
Imbabura;Cotacachi;De 30-34;126
Imbabura;Cotacachi;De 35-39;126
Imbabura;Cotacachi;De 40-44;92
Imbabura;Cotacachi;De 45-49;83
Imbabura;Cotacachi;De 50-54;81
Imbabura;Cotacachi;De 55-59;69
Imbabura;Cotacachi;De 60-64;83
Imbabura;Cotacachi;De 65-69;74
Imbabura;Cotacachi;De 70-74;69
Imbabura;Cotacachi;De 75-79;58
Imbabura;Cotacachi;De 80-84;42
Imbabura;Cotacachi;85 o más;49
Imbabura;Cotacachi;Total García Moreno;11.566
Imbabura;Cotacachi;De 0-4;1.004
Imbabura;Cotacachi;De 5-9;1.061
Imbabura;Cotacachi;De 10-14;1.360
Imbabura;Cotacachi;De 15-19;1.255
Imbabura;Cotacachi;De 20-24;1.045
Imbabura;Cotacachi;De 25-29;868
Imbabura;Cotacachi;De 30-34;793
Imbabura;Cotacachi;De 35-39;807
Imbabura;Cotacachi;De 40-44;676
Imbabura;Cotacachi;De 45-49;583
Imbabura;Cotacachi;De 50-54;475
Imbabura;Cotacachi;De 55-59;443
Imbabura;Cotacachi;De 60-64;356
Imbabura;Cotacachi;De 65-69;262
Imbabura;Cotacachi;De 70-74;224
Imbabura;Cotacachi;De 75-79;178
Imbabura;Cotacachi;De 80-84;95
Imbabura;Cotacachi;85 o más;81
Imbabura;Cotacachi;Total Imantag;5.476
Imbabura;Cotacachi;De 0-4;463
Imbabura;Cotacachi;De 5-9;415
Imbabura;Cotacachi;De 10-14;571
Imbabura;Cotacachi;De 15-19;655
Imbabura;Cotacachi;De 20-24;562
Imbabura;Cotacachi;De 25-29;415
Imbabura;Cotacachi;De 30-34;332
Imbabura;Cotacachi;De 35-39;314
Imbabura;Cotacachi;De 40-44;306
Imbabura;Cotacachi;De 45-49;247
Imbabura;Cotacachi;De 50-54;195
Imbabura;Cotacachi;De 55-59;217
Imbabura;Cotacachi;De 60-64;182
Imbabura;Cotacachi;De 65-69;173
Imbabura;Cotacachi;De 70-74;156
Imbabura;Cotacachi;De 75-79;120
Imbabura;Cotacachi;De 80-84;70
Imbabura;Cotacachi;85 o más;83
Imbabura;Cotacachi;Total Peñaherrera;1.780
Imbabura;Cotacachi;De 0-4;91
Imbabura;Cotacachi;De 5-9;144
Imbabura;Cotacachi;De 10-14;162
Imbabura;Cotacachi;De 15-19;147
Imbabura;Cotacachi;De 20-24;126
Imbabura;Cotacachi;De 25-29;126
Imbabura;Cotacachi;De 30-34;118
Imbabura;Cotacachi;De 35-39;88
Imbabura;Cotacachi;De 40-44;97
Imbabura;Cotacachi;De 45-49;92
Imbabura;Cotacachi;De 50-54;99
Imbabura;Cotacachi;De 55-59;105
Imbabura;Cotacachi;De 60-64;82
Imbabura;Cotacachi;De 65-69;83
Imbabura;Cotacachi;De 70-74;63
Imbabura;Cotacachi;De 75-79;58
Imbabura;Cotacachi;De 80-84;51
Imbabura;Cotacachi;85 o más;48
Imbabura;Cotacachi;Total Plaza Gutiérrez;328
Imbabura;Cotacachi;De 0-4;13
Imbabura;Cotacachi;De 5-9;15
Imbabura;Cotacachi;De 10-14;38
Imbabura;Cotacachi;De 15-19;26
Imbabura;Cotacachi;De 20-24;31
Imbabura;Cotacachi;De 25-29;12
Imbabura;Cotacachi;De 30-34;16
Imbabura;Cotacachi;De 35-39;11
Imbabura;Cotacachi;De 40-44;11
Imbabura;Cotacachi;De 45-49;26
Imbabura;Cotacachi;De 50-54;31
Imbabura;Cotacachi;De 55-59;16
Imbabura;Cotacachi;De 60-64;18
Imbabura;Cotacachi;De 65-69;9
Imbabura;Cotacachi;De 70-74;11
Imbabura;Cotacachi;De 75-79;19
Imbabura;Cotacachi;De 80-84;12
Imbabura;Cotacachi;85 o más;13
Imbabura;Cotacachi;Total Quiroga;8.245
Imbabura;Cotacachi;De 0-4;635
Imbabura;Cotacachi;De 5-9;613
Imbabura;Cotacachi;De 10-14;815
Imbabura;Cotacachi;De 15-19;869
Imbabura;Cotacachi;De 20-24;728
Imbabura;Cotacachi;De 25-29;648
Imbabura;Cotacachi;De 30-34;618
Imbabura;Cotacachi;De 35-39;560
Imbabura;Cotacachi;De 40-44;512
Imbabura;Cotacachi;De 45-49;422
Imbabura;Cotacachi;De 50-54;419
Imbabura;Cotacachi;De 55-59;297
Imbabura;Cotacachi;De 60-64;265
Imbabura;Cotacachi;De 65-69;223
Imbabura;Cotacachi;De 70-74;197
Imbabura;Cotacachi;De 75-79;164
Imbabura;Cotacachi;De 80-84;136
Imbabura;Cotacachi;85 o más;124
Imbabura;Cotacachi;Total Seis De Julio de Cuellaje;1.664
Imbabura;Cotacachi;De 0-4;108
Imbabura;Cotacachi;De 5-9;129
Imbabura;Cotacachi;De 10-14;181
Imbabura;Cotacachi;De 15-19;161
Imbabura;Cotacachi;De 20-24;158
Imbabura;Cotacachi;De 25-29;112
Imbabura;Cotacachi;De 30-34;118
Imbabura;Cotacachi;De 35-39;101
Imbabura;Cotacachi;De 40-44;98
Imbabura;Cotacachi;De 45-49;81
Imbabura;Cotacachi;De 50-54;100
Imbabura;Cotacachi;De 55-59;83
Imbabura;Cotacachi;De 60-64;49
Imbabura;Cotacachi;De 65-69;46
Imbabura;Cotacachi;De 70-74;47
Imbabura;Cotacachi;De 75-79;41
Imbabura;Cotacachi;De 80-84;22
Imbabura;Cotacachi;85 o más;29
Imbabura;Cotacachi;Total Vacas Galindo;592
Imbabura;Cotacachi;De 0-4;40
Imbabura;Cotacachi;De 5-9;33
Imbabura;Cotacachi;De 10-14;53
Imbabura;Cotacachi;De 15-19;67
Imbabura;Cotacachi;De 20-24;49
Imbabura;Cotacachi;De 25-29;35
Imbabura;Cotacachi;De 30-34;30
Imbabura;Cotacachi;De 35-39;39
Imbabura;Cotacachi;De 40-44;32
Imbabura;Cotacachi;De 45-49;35
Imbabura;Cotacachi;De 50-54;24
Imbabura;Cotacachi;De 55-59;32
Imbabura;Cotacachi;De 60-64;23
Imbabura;Cotacachi;De 65-69;34
Imbabura;Cotacachi;De 70-74;20
Imbabura;Cotacachi;De 75-79;24
Imbabura;Cotacachi;De 80-84;11
Imbabura;Cotacachi;85 o más;11
Imbabura;Otavalo;Total Otavalo;114.303
Imbabura;Otavalo;De 0-4;8.149
Imbabura;Otavalo;De 5-9;9.444
Imbabura;Otavalo;De 10-14;10.917
Imbabura;Otavalo;De 15-19;11.676
Imbabura;Otavalo;De 20-24;10.763
Imbabura;Otavalo;De 25-29;9.302
Imbabura;Otavalo;De 30-34;8.274
Imbabura;Otavalo;De 35-39;7.772
Imbabura;Otavalo;De 40-44;7.024
Imbabura;Otavalo;De 45-49;5.748
Imbabura;Otavalo;De 50-54;5.453
Imbabura;Otavalo;De 55-59;4.807
Imbabura;Otavalo;De 60-64;4.060
Imbabura;Otavalo;De 65-69;3.227
Imbabura;Otavalo;De 70-74;2.654
Imbabura;Otavalo;De 75-79;2.181
Imbabura;Otavalo;De 80-84;1.564
Imbabura;Otavalo;85 o más;1.288
Imbabura;Otavalo;Total Otavalo;55.534
Imbabura;Otavalo;De 0-4;3.806
Imbabura;Otavalo;De 5-9;4.545
Imbabura;Otavalo;De 10-14;5.039
Imbabura;Otavalo;De 15-19;5.374
Imbabura;Otavalo;De 20-24;5.130
Imbabura;Otavalo;De 25-29;4.595
Imbabura;Otavalo;De 30-34;4.167
Imbabura;Otavalo;De 35-39;3.868
Imbabura;Otavalo;De 40-44;3.473
Imbabura;Otavalo;De 45-49;2.933
Imbabura;Otavalo;De 50-54;2.784
Imbabura;Otavalo;De 55-59;2.520
Imbabura;Otavalo;De 60-64;2.090
Imbabura;Otavalo;De 65-69;1.607
Imbabura;Otavalo;De 70-74;1.263
Imbabura;Otavalo;De 75-79;1.030
Imbabura;Otavalo;De 80-84;690
Imbabura;Otavalo;85 o más;620
Imbabura;Otavalo;Total Dr. Miguel Egas Cabezas;6.914
Imbabura;Otavalo;De 0-4;480
Imbabura;Otavalo;De 5-9;588
Imbabura;Otavalo;De 10-14;720
Imbabura;Otavalo;De 15-19;716
Imbabura;Otavalo;De 20-24;640
Imbabura;Otavalo;De 25-29;528
Imbabura;Otavalo;De 30-34;492
Imbabura;Otavalo;De 35-39;462
Imbabura;Otavalo;De 40-44;449
Imbabura;Otavalo;De 45-49;343
Imbabura;Otavalo;De 50-54;315
Imbabura;Otavalo;De 55-59;257
Imbabura;Otavalo;De 60-64;208
Imbabura;Otavalo;De 65-69;210
Imbabura;Otavalo;De 70-74;176
Imbabura;Otavalo;De 75-79;158
Imbabura;Otavalo;De 80-84;87
Imbabura;Otavalo;85 o más;85
Imbabura;Otavalo;Total Eugenio Espejo;8.812
Imbabura;Otavalo;De 0-4;719
Imbabura;Otavalo;De 5-9;774
Imbabura;Otavalo;De 10-14;884
Imbabura;Otavalo;De 15-19;964
Imbabura;Otavalo;De 20-24;847
Imbabura;Otavalo;De 25-29;716
Imbabura;Otavalo;De 30-34;606
Imbabura;Otavalo;De 35-39;595
Imbabura;Otavalo;De 40-44;514
Imbabura;Otavalo;De 45-49;389
Imbabura;Otavalo;De 50-54;338
Imbabura;Otavalo;De 55-59;318
Imbabura;Otavalo;De 60-64;299
Imbabura;Otavalo;De 65-69;251
Imbabura;Otavalo;De 70-74;215
Imbabura;Otavalo;De 75-79;180
Imbabura;Otavalo;De 80-84;121
Imbabura;Otavalo;85 o más;82
Imbabura;Otavalo;Total González Suárez;7.434
Imbabura;Otavalo;De 0-4;483
Imbabura;Otavalo;De 5-9;563
Imbabura;Otavalo;De 10-14;713
Imbabura;Otavalo;De 15-19;811
Imbabura;Otavalo;De 20-24;721
Imbabura;Otavalo;De 25-29;579
Imbabura;Otavalo;De 30-34;559
Imbabura;Otavalo;De 35-39;570
Imbabura;Otavalo;De 40-44;524
Imbabura;Otavalo;De 45-49;381
Imbabura;Otavalo;De 50-54;351
Imbabura;Otavalo;De 55-59;264
Imbabura;Otavalo;De 60-64;246
Imbabura;Otavalo;De 65-69;194
Imbabura;Otavalo;De 70-74;168
Imbabura;Otavalo;De 75-79;112
Imbabura;Otavalo;De 80-84;105
Imbabura;Otavalo;85 o más;90
Imbabura;Otavalo;Total Pataquí;221
Imbabura;Otavalo;De 0-4;15
Imbabura;Otavalo;De 5-9;11
Imbabura;Otavalo;De 10-14;11
Imbabura;Otavalo;De 15-19;19
Imbabura;Otavalo;De 20-24;12
Imbabura;Otavalo;De 25-29;15
Imbabura;Otavalo;De 30-34;9
Imbabura;Otavalo;De 35-39;16
Imbabura;Otavalo;De 40-44;13
Imbabura;Otavalo;De 45-49;13
Imbabura;Otavalo;De 50-54;11
Imbabura;Otavalo;De 55-59;14
Imbabura;Otavalo;De 60-64;11
Imbabura;Otavalo;De 65-69;15
Imbabura;Otavalo;De 70-74;8
Imbabura;Otavalo;De 75-79;9
Imbabura;Otavalo;De 80-84;10
Imbabura;Otavalo;85 o más;9
Imbabura;Otavalo;Total San José de Quichinche;8.458
Imbabura;Otavalo;De 0-4;618
Imbabura;Otavalo;De 5-9;756
Imbabura;Otavalo;De 10-14;891
Imbabura;Otavalo;De 15-19;978
Imbabura;Otavalo;De 20-24;830
Imbabura;Otavalo;De 25-29;689
Imbabura;Otavalo;De 30-34;539
Imbabura;Otavalo;De 35-39;527
Imbabura;Otavalo;De 40-44;419
Imbabura;Otavalo;De 45-49;385
Imbabura;Otavalo;De 50-54;380
Imbabura;Otavalo;De 55-59;347
Imbabura;Otavalo;De 60-64;296
Imbabura;Otavalo;De 65-69;224
Imbabura;Otavalo;De 70-74;199
Imbabura;Otavalo;De 75-79;159
Imbabura;Otavalo;De 80-84;122
Imbabura;Otavalo;85 o más;99
Imbabura;Otavalo;Total San Juan de Ilumán;9.299
Imbabura;Otavalo;De 0-4;805
Imbabura;Otavalo;De 5-9;790
Imbabura;Otavalo;De 10-14;901
Imbabura;Otavalo;De 15-19;1.034
Imbabura;Otavalo;De 20-24;936
Imbabura;Otavalo;De 25-29;834
Imbabura;Otavalo;De 30-34;681
Imbabura;Otavalo;De 35-39;594
Imbabura;Otavalo;De 40-44;498
Imbabura;Otavalo;De 45-49;414
Imbabura;Otavalo;De 50-54;378
Imbabura;Otavalo;De 55-59;327
Imbabura;Otavalo;De 60-64;277
Imbabura;Otavalo;De 65-69;224
Imbabura;Otavalo;De 70-74;210
Imbabura;Otavalo;De 75-79;170
Imbabura;Otavalo;De 80-84;132
Imbabura;Otavalo;85 o más;94
Imbabura;Otavalo;Total San Pablo;11.146
Imbabura;Otavalo;De 0-4;754
Imbabura;Otavalo;De 5-9;861
Imbabura;Otavalo;De 10-14;1.127
Imbabura;Otavalo;De 15-19;1.154
Imbabura;Otavalo;De 20-24;1.089
Imbabura;Otavalo;De 25-29;861
Imbabura;Otavalo;De 30-34;807
Imbabura;Otavalo;De 35-39;726
Imbabura;Otavalo;De 40-44;761
Imbabura;Otavalo;De 45-49;530
Imbabura;Otavalo;De 50-54;550
Imbabura;Otavalo;De 55-59;466
Imbabura;Otavalo;De 60-64;376
Imbabura;Otavalo;De 65-69;294
Imbabura;Otavalo;De 70-74;237
Imbabura;Otavalo;De 75-79;213
Imbabura;Otavalo;De 80-84;194
Imbabura;Otavalo;85 o más;146
Imbabura;Otavalo;Total San Rafael;5.184
Imbabura;Otavalo;De 0-4;387
Imbabura;Otavalo;De 5-9;446
Imbabura;Otavalo;De 10-14;499
Imbabura;Otavalo;De 15-19;493
Imbabura;Otavalo;De 20-24;445
Imbabura;Otavalo;De 25-29;395
Imbabura;Otavalo;De 30-34;327
Imbabura;Otavalo;De 35-39;353
Imbabura;Otavalo;De 40-44;305
Imbabura;Otavalo;De 45-49;298
Imbabura;Otavalo;De 50-54;270
Imbabura;Otavalo;De 55-59;233
Imbabura;Otavalo;De 60-64;199
Imbabura;Otavalo;De 65-69;167
Imbabura;Otavalo;De 70-74;136
Imbabura;Otavalo;De 75-79;115
Imbabura;Otavalo;De 80-84;70
Imbabura;Otavalo;85 o más;46
Imbabura;Otavalo;Total Selva Alegre;1.301
Imbabura;Otavalo;De 0-4;82
Imbabura;Otavalo;De 5-9;110
Imbabura;Otavalo;De 10-14;132
Imbabura;Otavalo;De 15-19;133
Imbabura;Otavalo;De 20-24;113
Imbabura;Otavalo;De 25-29;90
Imbabura;Otavalo;De 30-34;87
Imbabura;Otavalo;De 35-39;61
Imbabura;Otavalo;De 40-44;68
Imbabura;Otavalo;De 45-49;62
Imbabura;Otavalo;De 50-54;76
Imbabura;Otavalo;De 55-59;61
Imbabura;Otavalo;De 60-64;58
Imbabura;Otavalo;De 65-69;41
Imbabura;Otavalo;De 70-74;42
Imbabura;Otavalo;De 75-79;35
Imbabura;Otavalo;De 80-84;33
Imbabura;Otavalo;85 o más;17
Imbabura;Pimampiro;Total Pimampiro;13.366
Imbabura;Pimampiro;De 0-4;894
Imbabura;Pimampiro;De 5-9;998
Imbabura;Pimampiro;De 10-14;1.143
Imbabura;Pimampiro;De 15-19;1.244
Imbabura;Pimampiro;De 20-24;1.114
Imbabura;Pimampiro;De 25-29;1.055
Imbabura;Pimampiro;De 30-34;1.004
Imbabura;Pimampiro;De 35-39;812
Imbabura;Pimampiro;De 40-44;753
Imbabura;Pimampiro;De 45-49;707
Imbabura;Pimampiro;De 50-54;698
Imbabura;Pimampiro;De 55-59;608
Imbabura;Pimampiro;De 60-64;564
Imbabura;Pimampiro;De 65-69;506
Imbabura;Pimampiro;De 70-74;413
Imbabura;Pimampiro;De 75-79;349
Imbabura;Pimampiro;De 80-84;256
Imbabura;Pimampiro;85 o más;248
Imbabura;Pimampiro;Total Pimampiro;10.076
Imbabura;Pimampiro;De 0-4;695
Imbabura;Pimampiro;De 5-9;772
Imbabura;Pimampiro;De 10-14;887
Imbabura;Pimampiro;De 15-19;932
Imbabura;Pimampiro;De 20-24;859
Imbabura;Pimampiro;De 25-29;841
Imbabura;Pimampiro;De 30-34;806
Imbabura;Pimampiro;De 35-39;607
Imbabura;Pimampiro;De 40-44;578
Imbabura;Pimampiro;De 45-49;532
Imbabura;Pimampiro;De 50-54;514
Imbabura;Pimampiro;De 55-59;467
Imbabura;Pimampiro;De 60-64;399
Imbabura;Pimampiro;De 65-69;350
Imbabura;Pimampiro;De 70-74;264
Imbabura;Pimampiro;De 75-79;229
Imbabura;Pimampiro;De 80-84;167
Imbabura;Pimampiro;85 o más;177
Imbabura;Pimampiro;Total Chugá;1.020
Imbabura;Pimampiro;De 0-4;71
Imbabura;Pimampiro;De 5-9;65
Imbabura;Pimampiro;De 10-14;82
Imbabura;Pimampiro;De 15-19;97
Imbabura;Pimampiro;De 20-24;102
Imbabura;Pimampiro;De 25-29;74
Imbabura;Pimampiro;De 30-34;68
Imbabura;Pimampiro;De 35-39;72
Imbabura;Pimampiro;De 40-44;56
Imbabura;Pimampiro;De 45-49;58
Imbabura;Pimampiro;De 50-54;46
Imbabura;Pimampiro;De 55-59;28
Imbabura;Pimampiro;De 60-64;47
Imbabura;Pimampiro;De 65-69;42
Imbabura;Pimampiro;De 70-74;50
Imbabura;Pimampiro;De 75-79;27
Imbabura;Pimampiro;De 80-84;20
Imbabura;Pimampiro;85 o más;15
Imbabura;Pimampiro;Total Mariano Acosta;1.294
Imbabura;Pimampiro;De 0-4;70
Imbabura;Pimampiro;De 5-9;94
Imbabura;Pimampiro;De 10-14;99
Imbabura;Pimampiro;De 15-19;113
Imbabura;Pimampiro;De 20-24;84
Imbabura;Pimampiro;De 25-29;79
Imbabura;Pimampiro;De 30-34;65
Imbabura;Pimampiro;De 35-39;62
Imbabura;Pimampiro;De 40-44;72
Imbabura;Pimampiro;De 45-49;64
Imbabura;Pimampiro;De 50-54;68
Imbabura;Pimampiro;De 55-59;61
Imbabura;Pimampiro;De 60-64;72
Imbabura;Pimampiro;De 65-69;73
Imbabura;Pimampiro;De 70-74;65
Imbabura;Pimampiro;De 75-79;62
Imbabura;Pimampiro;De 80-84;54
Imbabura;Pimampiro;85 o más;37
Imbabura;Pimampiro;Total San Francisco de Sigsipamba;976
Imbabura;Pimampiro;De 0-4;58
Imbabura;Pimampiro;De 5-9;67
Imbabura;Pimampiro;De 10-14;75
Imbabura;Pimampiro;De 15-19;102
Imbabura;Pimampiro;De 20-24;69
Imbabura;Pimampiro;De 25-29;61
Imbabura;Pimampiro;De 30-34;65
Imbabura;Pimampiro;De 35-39;71
Imbabura;Pimampiro;De 40-44;47
Imbabura;Pimampiro;De 45-49;53
Imbabura;Pimampiro;De 50-54;70
Imbabura;Pimampiro;De 55-59;52
Imbabura;Pimampiro;De 60-64;46
Imbabura;Pimampiro;De 65-69;41
Imbabura;Pimampiro;De 70-74;34
Imbabura;Pimampiro;De 75-79;31
Imbabura;Pimampiro;De 80-84;15
Imbabura;Pimampiro;85 o más;19
Imbabura;San Miguel de Urcuquí;Total San Miguel de Urcuquí;17.969
Imbabura;San Miguel de Urcuquí;De 0-4;1.218
Imbabura;San Miguel de Urcuquí;De 5-9;1.463
Imbabura;San Miguel de Urcuquí;De 10-14;1.731
Imbabura;San Miguel de Urcuquí;De 15-19;1.723
Imbabura;San Miguel de Urcuquí;De 20-24;1.623
Imbabura;San Miguel de Urcuquí;De 25-29;1.451
Imbabura;San Miguel de Urcuquí;De 30-34;1.287
Imbabura;San Miguel de Urcuquí;De 35-39;1.159
Imbabura;San Miguel de Urcuquí;De 40-44;1.064
Imbabura;San Miguel de Urcuquí;De 45-49;908
Imbabura;San Miguel de Urcuquí;De 50-54;838
Imbabura;San Miguel de Urcuquí;De 55-59;715
Imbabura;San Miguel de Urcuquí;De 60-64;621
Imbabura;San Miguel de Urcuquí;De 65-69;624
Imbabura;San Miguel de Urcuquí;De 70-74;512
Imbabura;San Miguel de Urcuquí;De 75-79;418
Imbabura;San Miguel de Urcuquí;De 80-84;261
Imbabura;San Miguel de Urcuquí;85 o más;353
Imbabura;San Miguel de Urcuquí;Total Urcuquí;6.551
Imbabura;San Miguel de Urcuquí;De 0-4;406
Imbabura;San Miguel de Urcuquí;De 5-9;518
Imbabura;San Miguel de Urcuquí;De 10-14;621
Imbabura;San Miguel de Urcuquí;De 15-19;648
Imbabura;San Miguel de Urcuquí;De 20-24;625
Imbabura;San Miguel de Urcuquí;De 25-29;552
Imbabura;San Miguel de Urcuquí;De 30-34;485
Imbabura;San Miguel de Urcuquí;De 35-39;430
Imbabura;San Miguel de Urcuquí;De 40-44;411
Imbabura;San Miguel de Urcuquí;De 45-49;371
Imbabura;San Miguel de Urcuquí;De 50-54;313
Imbabura;San Miguel de Urcuquí;De 55-59;261
Imbabura;San Miguel de Urcuquí;De 60-64;195
Imbabura;San Miguel de Urcuquí;De 65-69;214
Imbabura;San Miguel de Urcuquí;De 70-74;159
Imbabura;San Miguel de Urcuquí;De 75-79;145
Imbabura;San Miguel de Urcuquí;De 80-84;81
Imbabura;San Miguel de Urcuquí;85 o más;116
Imbabura;San Miguel de Urcuquí;Total Cahuasquí;1.871
Imbabura;San Miguel de Urcuquí;De 0-4;112
Imbabura;San Miguel de Urcuquí;De 5-9;144
Imbabura;San Miguel de Urcuquí;De 10-14;171
Imbabura;San Miguel de Urcuquí;De 15-19;158
Imbabura;San Miguel de Urcuquí;De 20-24;145
Imbabura;San Miguel de Urcuquí;De 25-29;138
Imbabura;San Miguel de Urcuquí;De 30-34;127
Imbabura;San Miguel de Urcuquí;De 35-39;103
Imbabura;San Miguel de Urcuquí;De 40-44;102
Imbabura;San Miguel de Urcuquí;De 45-49;86
Imbabura;San Miguel de Urcuquí;De 50-54;102
Imbabura;San Miguel de Urcuquí;De 55-59;82
Imbabura;San Miguel de Urcuquí;De 60-64;78
Imbabura;San Miguel de Urcuquí;De 65-69;84
Imbabura;San Miguel de Urcuquí;De 70-74;76
Imbabura;San Miguel de Urcuquí;De 75-79;55
Imbabura;San Miguel de Urcuquí;De 80-84;41
Imbabura;San Miguel de Urcuquí;85 o más;67
Imbabura;San Miguel de Urcuquí;Total La Merced de Buenos Aires;2.004
Imbabura;San Miguel de Urcuquí;De 0-4;200
Imbabura;San Miguel de Urcuquí;De 5-9;221
Imbabura;San Miguel de Urcuquí;De 10-14;225
Imbabura;San Miguel de Urcuquí;De 15-19;208
Imbabura;San Miguel de Urcuquí;De 20-24;183
Imbabura;San Miguel de Urcuquí;De 25-29;149
Imbabura;San Miguel de Urcuquí;De 30-34;128
Imbabura;San Miguel de Urcuquí;De 35-39;114
Imbabura;San Miguel de Urcuquí;De 40-44;108
Imbabura;San Miguel de Urcuquí;De 45-49;79
Imbabura;San Miguel de Urcuquí;De 50-54;90
Imbabura;San Miguel de Urcuquí;De 55-59;66
Imbabura;San Miguel de Urcuquí;De 60-64;63
Imbabura;San Miguel de Urcuquí;De 65-69;55
Imbabura;San Miguel de Urcuquí;De 70-74;49
Imbabura;San Miguel de Urcuquí;De 75-79;28
Imbabura;San Miguel de Urcuquí;De 80-84;18
Imbabura;San Miguel de Urcuquí;85 o más;20
Imbabura;San Miguel de Urcuquí;Total Pablo Arenas;2.339
Imbabura;San Miguel de Urcuquí;De 0-4;165
Imbabura;San Miguel de Urcuquí;De 5-9;183
Imbabura;San Miguel de Urcuquí;De 10-14;203
Imbabura;San Miguel de Urcuquí;De 15-19;216
Imbabura;San Miguel de Urcuquí;De 20-24;221
Imbabura;San Miguel de Urcuquí;De 25-29;201
Imbabura;San Miguel de Urcuquí;De 30-34;181
Imbabura;San Miguel de Urcuquí;De 35-39;152
Imbabura;San Miguel de Urcuquí;De 40-44;144
Imbabura;San Miguel de Urcuquí;De 45-49;127
Imbabura;San Miguel de Urcuquí;De 50-54;106
Imbabura;San Miguel de Urcuquí;De 55-59;80
Imbabura;San Miguel de Urcuquí;De 60-64;89
Imbabura;San Miguel de Urcuquí;De 65-69;78
Imbabura;San Miguel de Urcuquí;De 70-74;76
Imbabura;San Miguel de Urcuquí;De 75-79;45
Imbabura;San Miguel de Urcuquí;De 80-84;29
Imbabura;San Miguel de Urcuquí;85 o más;43
Imbabura;San Miguel de Urcuquí;Total San Blas;3.524
Imbabura;San Miguel de Urcuquí;De 0-4;229
Imbabura;San Miguel de Urcuquí;De 5-9;270
Imbabura;San Miguel de Urcuquí;De 10-14;360
Imbabura;San Miguel de Urcuquí;De 15-19;363
Imbabura;San Miguel de Urcuquí;De 20-24;287
Imbabura;San Miguel de Urcuquí;De 25-29;267
Imbabura;San Miguel de Urcuquí;De 30-34;250
Imbabura;San Miguel de Urcuquí;De 35-39;246
Imbabura;San Miguel de Urcuquí;De 40-44;204
Imbabura;San Miguel de Urcuquí;De 45-49;174
Imbabura;San Miguel de Urcuquí;De 50-54;153
Imbabura;San Miguel de Urcuquí;De 55-59;152
Imbabura;San Miguel de Urcuquí;De 60-64;129
Imbabura;San Miguel de Urcuquí;De 65-69;129
Imbabura;San Miguel de Urcuquí;De 70-74;102
Imbabura;San Miguel de Urcuquí;De 75-79;85
Imbabura;San Miguel de Urcuquí;De 80-84;60
Imbabura;San Miguel de Urcuquí;85 o más;64
Imbabura;San Miguel de Urcuquí;Total Tumbabiro;1.680
Imbabura;San Miguel de Urcuquí;De 0-4;106
Imbabura;San Miguel de Urcuquí;De 5-9;127
Imbabura;San Miguel de Urcuquí;De 10-14;151
Imbabura;San Miguel de Urcuquí;De 15-19;130
Imbabura;San Miguel de Urcuquí;De 20-24;162
Imbabura;San Miguel de Urcuquí;De 25-29;144
Imbabura;San Miguel de Urcuquí;De 30-34;116
Imbabura;San Miguel de Urcuquí;De 35-39;114
Imbabura;San Miguel de Urcuquí;De 40-44;95
Imbabura;San Miguel de Urcuquí;De 45-49;71
Imbabura;San Miguel de Urcuquí;De 50-54;74
Imbabura;San Miguel de Urcuquí;De 55-59;74
Imbabura;San Miguel de Urcuquí;De 60-64;67
Imbabura;San Miguel de Urcuquí;De 65-69;64
Imbabura;San Miguel de Urcuquí;De 70-74;50
Imbabura;San Miguel de Urcuquí;De 75-79;60
Imbabura;San Miguel de Urcuquí;De 80-84;32
Imbabura;San Miguel de Urcuquí;85 o más;43
Loja;Total Loja;Total Loja;485.421
Loja;Total Loja;De 0-4;34.367
Loja;Total Loja;De 5-9;38.414
Loja;Total Loja;De 10-14;44.913
Loja;Total Loja;De 15-19;44.697
Loja;Total Loja;De 20-24;41.704
Loja;Total Loja;De 25-29;36.734
Loja;Total Loja;De 30-34;34.227
Loja;Total Loja;De 35-39;32.556
Loja;Total Loja;De 40-44;29.392
Loja;Total Loja;De 45-49;25.384
Loja;Total Loja;De 50-54;23.585
Loja;Total Loja;De 55-59;22.098
Loja;Total Loja;De 60-64;19.551
Loja;Total Loja;De 65-69;17.196
Loja;Total Loja;De 70-74;13.438
Loja;Total Loja;De 75-79;10.822
Loja;Total Loja;De 80-84;7.903
Loja;Total Loja;85 o más;8.440
Loja;Loja;Total Loja;250.028
Loja;Loja;De 0-4;17.160
Loja;Loja;De 5-9;20.133
Loja;Loja;De 10-14;22.500
Loja;Loja;De 15-19;22.389
Loja;Loja;De 20-24;22.761
Loja;Loja;De 25-29;20.767
Loja;Loja;De 30-34;19.412
Loja;Loja;De 35-39;18.264
Loja;Loja;De 40-44;16.288
Loja;Loja;De 45-49;13.431
Loja;Loja;De 50-54;12.178
Loja;Loja;De 55-59;11.083
Loja;Loja;De 60-64;9.543
Loja;Loja;De 65-69;7.916
Loja;Loja;De 70-74;5.719
Loja;Loja;De 75-79;4.367
Loja;Loja;De 80-84;3.001
Loja;Loja;85 o más;3.116
Loja;Loja;Total Loja;214.296
Loja;Loja;De 0-4;14.655
Loja;Loja;De 5-9;17.380
Loja;Loja;De 10-14;19.188
Loja;Loja;De 15-19;19.107
Loja;Loja;De 20-24;19.926
Loja;Loja;De 25-29;18.403
Loja;Loja;De 30-34;17.198
Loja;Loja;De 35-39;16.205
Loja;Loja;De 40-44;14.332
Loja;Loja;De 45-49;11.614
Loja;Loja;De 50-54;10.344
Loja;Loja;De 55-59;9.425
Loja;Loja;De 60-64;7.993
Loja;Loja;De 65-69;6.359
Loja;Loja;De 70-74;4.431
Loja;Loja;De 75-79;3.212
Loja;Loja;De 80-84;2.262
Loja;Loja;85 o más;2.262
Loja;Loja;Total Chantaco;1.025
Loja;Loja;De 0-4;78
Loja;Loja;De 5-9;67
Loja;Loja;De 10-14;73
Loja;Loja;De 15-19;85
Loja;Loja;De 20-24;88
Loja;Loja;De 25-29;60
Loja;Loja;De 30-34;52
Loja;Loja;De 35-39;59
Loja;Loja;De 40-44;49
Loja;Loja;De 45-49;49
Loja;Loja;De 50-54;61
Loja;Loja;De 55-59;51
Loja;Loja;De 60-64;47
Loja;Loja;De 65-69;60
Loja;Loja;De 70-74;42
Loja;Loja;De 75-79;33
Loja;Loja;De 80-84;29
Loja;Loja;85 o más;42
Loja;Loja;Total Chuquiribamba;2.114
Loja;Loja;De 0-4;126
Loja;Loja;De 5-9;165
Loja;Loja;De 10-14;208
Loja;Loja;De 15-19;180
Loja;Loja;De 20-24;129
Loja;Loja;De 25-29;111
Loja;Loja;De 30-34;108
Loja;Loja;De 35-39;95
Loja;Loja;De 40-44;107
Loja;Loja;De 45-49;96
Loja;Loja;De 50-54;118
Loja;Loja;De 55-59;108
Loja;Loja;De 60-64;128
Loja;Loja;De 65-69;100
Loja;Loja;De 70-74;88
Loja;Loja;De 75-79;103
Loja;Loja;De 80-84;68
Loja;Loja;85 o más;76
Loja;Loja;Total El Cisne;1.639
Loja;Loja;De 0-4;122
Loja;Loja;De 5-9;148
Loja;Loja;De 10-14;144
Loja;Loja;De 15-19;148
Loja;Loja;De 20-24;99
Loja;Loja;De 25-29;93
Loja;Loja;De 30-34;77
Loja;Loja;De 35-39;107
Loja;Loja;De 40-44;94
Loja;Loja;De 45-49;84
Loja;Loja;De 50-54;101
Loja;Loja;De 55-59;83
Loja;Loja;De 60-64;50
Loja;Loja;De 65-69;70
Loja;Loja;De 70-74;51
Loja;Loja;De 75-79;69
Loja;Loja;De 80-84;46
Loja;Loja;85 o más;53
Loja;Loja;Total Gualel;2.082
Loja;Loja;De 0-4;147
Loja;Loja;De 5-9;198
Loja;Loja;De 10-14;229
Loja;Loja;De 15-19;185
Loja;Loja;De 20-24;113
Loja;Loja;De 25-29;106
Loja;Loja;De 30-34;113
Loja;Loja;De 35-39;119
Loja;Loja;De 40-44;97
Loja;Loja;De 45-49;118
Loja;Loja;De 50-54;114
Loja;Loja;De 55-59;111
Loja;Loja;De 60-64;98
Loja;Loja;De 65-69;91
Loja;Loja;De 70-74;79
Loja;Loja;De 75-79;73
Loja;Loja;De 80-84;47
Loja;Loja;85 o más;44
Loja;Loja;Total Jimbilla;1.010
Loja;Loja;De 0-4;84
Loja;Loja;De 5-9;101
Loja;Loja;De 10-14;87
Loja;Loja;De 15-19;103
Loja;Loja;De 20-24;74
Loja;Loja;De 25-29;59
Loja;Loja;De 30-34;54
Loja;Loja;De 35-39;49
Loja;Loja;De 40-44;56
Loja;Loja;De 45-49;56
Loja;Loja;De 50-54;44
Loja;Loja;De 55-59;35
Loja;Loja;De 60-64;43
Loja;Loja;De 65-69;40
Loja;Loja;De 70-74;38
Loja;Loja;De 75-79;49
Loja;Loja;De 80-84;18
Loja;Loja;85 o más;20
Loja;Loja;Total Malacatos;8.669
Loja;Loja;De 0-4;565
Loja;Loja;De 5-9;587
Loja;Loja;De 10-14;762
Loja;Loja;De 15-19;742
Loja;Loja;De 20-24;782
Loja;Loja;De 25-29;636
Loja;Loja;De 30-34;575
Loja;Loja;De 35-39;474
Loja;Loja;De 40-44;486
Loja;Loja;De 45-49;441
Loja;Loja;De 50-54;418
Loja;Loja;De 55-59;375
Loja;Loja;De 60-64;386
Loja;Loja;De 65-69;427
Loja;Loja;De 70-74;334
Loja;Loja;De 75-79;265
Loja;Loja;De 80-84;185
Loja;Loja;85 o más;229
Loja;Loja;Total San Lucas;4.686
Loja;Loja;De 0-4;424
Loja;Loja;De 5-9;509
Loja;Loja;De 10-14;594
Loja;Loja;De 15-19;543
Loja;Loja;De 20-24;402
Loja;Loja;De 25-29;283
Loja;Loja;De 30-34;302
Loja;Loja;De 35-39;279
Loja;Loja;De 40-44;222
Loja;Loja;De 45-49;211
Loja;Loja;De 50-54;185
Loja;Loja;De 55-59;177
Loja;Loja;De 60-64;151
Loja;Loja;De 65-69;131
Loja;Loja;De 70-74;86
Loja;Loja;De 75-79;94
Loja;Loja;De 80-84;52
Loja;Loja;85 o más;41
Loja;Loja;Total San Pedro de Vilcabamba;1.305
Loja;Loja;De 0-4;68
Loja;Loja;De 5-9;75
Loja;Loja;De 10-14;84
Loja;Loja;De 15-19;79
Loja;Loja;De 20-24;85
Loja;Loja;De 25-29;82
Loja;Loja;De 30-34;77
Loja;Loja;De 35-39;74
Loja;Loja;De 40-44;82
Loja;Loja;De 45-49;81
Loja;Loja;De 50-54;75
Loja;Loja;De 55-59;69
Loja;Loja;De 60-64;81
Loja;Loja;De 65-69;65
Loja;Loja;De 70-74;62
Loja;Loja;De 75-79;77
Loja;Loja;De 80-84;48
Loja;Loja;85 o más;41
Loja;Loja;Total Santiago;1.051
Loja;Loja;De 0-4;59
Loja;Loja;De 5-9;61
Loja;Loja;De 10-14;79
Loja;Loja;De 15-19;97
Loja;Loja;De 20-24;72
Loja;Loja;De 25-29;61
Loja;Loja;De 30-34;45
Loja;Loja;De 35-39;37
Loja;Loja;De 40-44;49
Loja;Loja;De 45-49;38
Loja;Loja;De 50-54;78
Loja;Loja;De 55-59;70
Loja;Loja;De 60-64;57
Loja;Loja;De 65-69;59
Loja;Loja;De 70-74;68
Loja;Loja;De 75-79;52
Loja;Loja;De 80-84;43
Loja;Loja;85 o más;26
Loja;Loja;Total Taquil;3.720
Loja;Loja;De 0-4;324
Loja;Loja;De 5-9;312
Loja;Loja;De 10-14;385
Loja;Loja;De 15-19;398
Loja;Loja;De 20-24;327
Loja;Loja;De 25-29;277
Loja;Loja;De 30-34;244
Loja;Loja;De 35-39;211
Loja;Loja;De 40-44;211
Loja;Loja;De 45-49;151
Loja;Loja;De 50-54;195
Loja;Loja;De 55-59;156
Loja;Loja;De 60-64;130
Loja;Loja;De 65-69;104
Loja;Loja;De 70-74;90
Loja;Loja;De 75-79;92
Loja;Loja;De 80-84;50
Loja;Loja;85 o más;63
Loja;Loja;Total Vilcabamba;5.516
Loja;Loja;De 0-4;339
Loja;Loja;De 5-9;342
Loja;Loja;De 10-14;438
Loja;Loja;De 15-19;464
Loja;Loja;De 20-24;418
Loja;Loja;De 25-29;395
Loja;Loja;De 30-34;380
Loja;Loja;De 35-39;397
Loja;Loja;De 40-44;335
Loja;Loja;De 45-49;316
Loja;Loja;De 50-54;279
Loja;Loja;De 55-59;280
Loja;Loja;De 60-64;244
Loja;Loja;De 65-69;266
Loja;Loja;De 70-74;226
Loja;Loja;De 75-79;149
Loja;Loja;De 80-84;97
Loja;Loja;85 o más;151
Loja;Loja;Total Yangana;1.413
Loja;Loja;De 0-4;76
Loja;Loja;De 5-9;92
Loja;Loja;De 10-14;118
Loja;Loja;De 15-19;104
Loja;Loja;De 20-24;110
Loja;Loja;De 25-29;87
Loja;Loja;De 30-34;89
Loja;Loja;De 35-39;82
Loja;Loja;De 40-44;90
Loja;Loja;De 45-49;80
Loja;Loja;De 50-54;78
Loja;Loja;De 55-59;69
Loja;Loja;De 60-64;68
Loja;Loja;De 65-69;83
Loja;Loja;De 70-74;62
Loja;Loja;De 75-79;57
Loja;Loja;De 80-84;30
Loja;Loja;85 o más;38
Loja;Loja;Total Quinara;1.502
Loja;Loja;De 0-4;93
Loja;Loja;De 5-9;96
Loja;Loja;De 10-14;111
Loja;Loja;De 15-19;154
Loja;Loja;De 20-24;136
Loja;Loja;De 25-29;114
Loja;Loja;De 30-34;98
Loja;Loja;De 35-39;76
Loja;Loja;De 40-44;78
Loja;Loja;De 45-49;96
Loja;Loja;De 50-54;88
Loja;Loja;De 55-59;74
Loja;Loja;De 60-64;67
Loja;Loja;De 65-69;61
Loja;Loja;De 70-74;62
Loja;Loja;De 75-79;42
Loja;Loja;De 80-84;26
Loja;Loja;85 o más;30
Loja;Calvas;Total Calvas;26.042
Loja;Calvas;De 0-4;1.818
Loja;Calvas;De 5-9;1.959
Loja;Calvas;De 10-14;2.397
Loja;Calvas;De 15-19;2.493
Loja;Calvas;De 20-24;2.044
Loja;Calvas;De 25-29;1.726
Loja;Calvas;De 30-34;1.632
Loja;Calvas;De 35-39;1.515
Loja;Calvas;De 40-44;1.301
Loja;Calvas;De 45-49;1.209
Loja;Calvas;De 50-54;1.272
Loja;Calvas;De 55-59;1.283
Loja;Calvas;De 60-64;1.212
Loja;Calvas;De 65-69;1.124
Loja;Calvas;De 70-74;945
Loja;Calvas;De 75-79;742
Loja;Calvas;De 80-84;623
Loja;Calvas;85 o más;747
Loja;Calvas;Total Cariamanga;19.551
Loja;Calvas;De 0-4;1.341
Loja;Calvas;De 5-9;1.477
Loja;Calvas;De 10-14;1.802
Loja;Calvas;De 15-19;1.883
Loja;Calvas;De 20-24;1.580
Loja;Calvas;De 25-29;1.362
Loja;Calvas;De 30-34;1.287
Loja;Calvas;De 35-39;1.207
Loja;Calvas;De 40-44;1.037
Loja;Calvas;De 45-49;923
Loja;Calvas;De 50-54;961
Loja;Calvas;De 55-59;943
Loja;Calvas;De 60-64;886
Loja;Calvas;De 65-69;792
Loja;Calvas;De 70-74;636
Loja;Calvas;De 75-79;494
Loja;Calvas;De 80-84;407
Loja;Calvas;85 o más;533
Loja;Calvas;Total Colaisaca;1.430
Loja;Calvas;De 0-4;121
Loja;Calvas;De 5-9;126
Loja;Calvas;De 10-14;156
Loja;Calvas;De 15-19;161
Loja;Calvas;De 20-24;86
Loja;Calvas;De 25-29;65
Loja;Calvas;De 30-34;53
Loja;Calvas;De 35-39;51
Loja;Calvas;De 40-44;58
Loja;Calvas;De 45-49;66
Loja;Calvas;De 50-54;60
Loja;Calvas;De 55-59;78
Loja;Calvas;De 60-64;60
Loja;Calvas;De 65-69;65
Loja;Calvas;De 70-74;80
Loja;Calvas;De 75-79;49
Loja;Calvas;De 80-84;49
Loja;Calvas;85 o más;46
Loja;Calvas;Total El Lucero;2.658
Loja;Calvas;De 0-4;179
Loja;Calvas;De 5-9;167
Loja;Calvas;De 10-14;229
Loja;Calvas;De 15-19;234
Loja;Calvas;De 20-24;218
Loja;Calvas;De 25-29;166
Loja;Calvas;De 30-34;155
Loja;Calvas;De 35-39;160
Loja;Calvas;De 40-44;119
Loja;Calvas;De 45-49;121
Loja;Calvas;De 50-54;136
Loja;Calvas;De 55-59;132
Loja;Calvas;De 60-64;130
Loja;Calvas;De 65-69;127
Loja;Calvas;De 70-74;112
Loja;Calvas;De 75-79;103
Loja;Calvas;De 80-84;89
Loja;Calvas;85 o más;81
Loja;Calvas;Total Utuana;1.016
Loja;Calvas;De 0-4;94
Loja;Calvas;De 5-9;77
Loja;Calvas;De 10-14;89
Loja;Calvas;De 15-19;99
Loja;Calvas;De 20-24;72
Loja;Calvas;De 25-29;54
Loja;Calvas;De 30-34;61
Loja;Calvas;De 35-39;44
Loja;Calvas;De 40-44;43
Loja;Calvas;De 45-49;37
Loja;Calvas;De 50-54;48
Loja;Calvas;De 55-59;51
Loja;Calvas;De 60-64;49
Loja;Calvas;De 65-69;51
Loja;Calvas;De 70-74;49
Loja;Calvas;De 75-79;35
Loja;Calvas;De 80-84;33
Loja;Calvas;85 o más;30
Loja;Calvas;Total Sanguillín;1.387
Loja;Calvas;De 0-4;83
Loja;Calvas;De 5-9;112
Loja;Calvas;De 10-14;121
Loja;Calvas;De 15-19;116
Loja;Calvas;De 20-24;88
Loja;Calvas;De 25-29;79
Loja;Calvas;De 30-34;76
Loja;Calvas;De 35-39;53
Loja;Calvas;De 40-44;44
Loja;Calvas;De 45-49;62
Loja;Calvas;De 50-54;67
Loja;Calvas;De 55-59;79
Loja;Calvas;De 60-64;87
Loja;Calvas;De 65-69;89
Loja;Calvas;De 70-74;68
Loja;Calvas;De 75-79;61
Loja;Calvas;De 80-84;45
Loja;Calvas;85 o más;57
Loja;Catamayo;Total Catamayo;35.240
Loja;Catamayo;De 0-4;2.798
Loja;Catamayo;De 5-9;2.809
Loja;Catamayo;De 10-14;3.340
Loja;Catamayo;De 15-19;3.293
Loja;Catamayo;De 20-24;3.227
Loja;Catamayo;De 25-29;2.596
Loja;Catamayo;De 30-34;2.329
Loja;Catamayo;De 35-39;2.337
Loja;Catamayo;De 40-44;2.112
Loja;Catamayo;De 45-49;1.788
Loja;Catamayo;De 50-54;1.690
Loja;Catamayo;De 55-59;1.558
Loja;Catamayo;De 60-64;1.366
Loja;Catamayo;De 65-69;1.192
Loja;Catamayo;De 70-74;974
Loja;Catamayo;De 75-79;758
Loja;Catamayo;De 80-84;521
Loja;Catamayo;85 o más;552
Loja;Catamayo;Total Catamayo;28.127
Loja;Catamayo;De 0-4;2.282
Loja;Catamayo;De 5-9;2.339
Loja;Catamayo;De 10-14;2.738
Loja;Catamayo;De 15-19;2.617
Loja;Catamayo;De 20-24;2.656
Loja;Catamayo;De 25-29;2.152
Loja;Catamayo;De 30-34;1.933
Loja;Catamayo;De 35-39;1.941
Loja;Catamayo;De 40-44;1.726
Loja;Catamayo;De 45-49;1.431
Loja;Catamayo;De 50-54;1.286
Loja;Catamayo;De 55-59;1.165
Loja;Catamayo;De 60-64;1.001
Loja;Catamayo;De 65-69;878
Loja;Catamayo;De 70-74;712
Loja;Catamayo;De 75-79;542
Loja;Catamayo;De 80-84;351
Loja;Catamayo;85 o más;377
Loja;Catamayo;Total El Tambo;4.439
Loja;Catamayo;De 0-4;355
Loja;Catamayo;De 5-9;326
Loja;Catamayo;De 10-14;380
Loja;Catamayo;De 15-19;452
Loja;Catamayo;De 20-24;376
Loja;Catamayo;De 25-29;272
Loja;Catamayo;De 30-34;255
Loja;Catamayo;De 35-39;254
Loja;Catamayo;De 40-44;231
Loja;Catamayo;De 45-49;219
Loja;Catamayo;De 50-54;234
Loja;Catamayo;De 55-59;244
Loja;Catamayo;De 60-64;196
Loja;Catamayo;De 65-69;176
Loja;Catamayo;De 70-74;154
Loja;Catamayo;De 75-79;115
Loja;Catamayo;De 80-84;104
Loja;Catamayo;85 o más;96
Loja;Catamayo;Total Guayquichuma;293
Loja;Catamayo;De 0-4;8
Loja;Catamayo;De 5-9;9
Loja;Catamayo;De 10-14;21
Loja;Catamayo;De 15-19;15
Loja;Catamayo;De 20-24;15
Loja;Catamayo;De 25-29;12
Loja;Catamayo;De 30-34;14
Loja;Catamayo;De 35-39;16
Loja;Catamayo;De 40-44;15
Loja;Catamayo;De 45-49;16
Loja;Catamayo;De 50-54;23
Loja;Catamayo;De 55-59;18
Loja;Catamayo;De 60-64;25
Loja;Catamayo;De 65-69;33
Loja;Catamayo;De 70-74;22
Loja;Catamayo;De 75-79;18
Loja;Catamayo;De 80-84;6
Loja;Catamayo;85 o más;7
Loja;Catamayo;Total San Pedro de la Bendita;1.924
Loja;Catamayo;De 0-4;138
Loja;Catamayo;De 5-9;116
Loja;Catamayo;De 10-14;168
Loja;Catamayo;De 15-19;177
Loja;Catamayo;De 20-24;155
Loja;Catamayo;De 25-29;134
Loja;Catamayo;De 30-34;101
Loja;Catamayo;De 35-39;106
Loja;Catamayo;De 40-44;123
Loja;Catamayo;De 45-49;93
Loja;Catamayo;De 50-54;110
Loja;Catamayo;De 55-59;104
Loja;Catamayo;De 60-64;103
Loja;Catamayo;De 65-69;84
Loja;Catamayo;De 70-74;59
Loja;Catamayo;De 75-79;55
Loja;Catamayo;De 80-84;41
Loja;Catamayo;85 o más;57
Loja;Catamayo;Total Zambi;457
Loja;Catamayo;De 0-4;15
Loja;Catamayo;De 5-9;19
Loja;Catamayo;De 10-14;33
Loja;Catamayo;De 15-19;32
Loja;Catamayo;De 20-24;25
Loja;Catamayo;De 25-29;26
Loja;Catamayo;De 30-34;26
Loja;Catamayo;De 35-39;20
Loja;Catamayo;De 40-44;17
Loja;Catamayo;De 45-49;29
Loja;Catamayo;De 50-54;37
Loja;Catamayo;De 55-59;27
Loja;Catamayo;De 60-64;41
Loja;Catamayo;De 65-69;21
Loja;Catamayo;De 70-74;27
Loja;Catamayo;De 75-79;28
Loja;Catamayo;De 80-84;19
Loja;Catamayo;85 o más;15
Loja;Celica;Total Celica;14.379
Loja;Celica;De 0-4;1.069
Loja;Celica;De 5-9;1.149
Loja;Celica;De 10-14;1.433
Loja;Celica;De 15-19;1.490
Loja;Celica;De 20-24;1.181
Loja;Celica;De 25-29;978
Loja;Celica;De 30-34;911
Loja;Celica;De 35-39;825
Loja;Celica;De 40-44;862
Loja;Celica;De 45-49;731
Loja;Celica;De 50-54;708
Loja;Celica;De 55-59;677
Loja;Celica;De 60-64;574
Loja;Celica;De 65-69;496
Loja;Celica;De 70-74;399
Loja;Celica;De 75-79;335
Loja;Celica;De 80-84;255
Loja;Celica;85 o más;306
Loja;Celica;Total Celica;6.685
Loja;Celica;De 0-4;490
Loja;Celica;De 5-9;566
Loja;Celica;De 10-14;675
Loja;Celica;De 15-19;672
Loja;Celica;De 20-24;520
Loja;Celica;De 25-29;463
Loja;Celica;De 30-34;442
Loja;Celica;De 35-39;404
Loja;Celica;De 40-44;404
Loja;Celica;De 45-49;372
Loja;Celica;De 50-54;341
Loja;Celica;De 55-59;318
Loja;Celica;De 60-64;270
Loja;Celica;De 65-69;202
Loja;Celica;De 70-74;154
Loja;Celica;De 75-79;148
Loja;Celica;De 80-84;115
Loja;Celica;85 o más;129
Loja;Celica;Total Cruzpamba;1.165
Loja;Celica;De 0-4;87
Loja;Celica;De 5-9;75
Loja;Celica;De 10-14;132
Loja;Celica;De 15-19;129
Loja;Celica;De 20-24;88
Loja;Celica;De 25-29;74
Loja;Celica;De 30-34;70
Loja;Celica;De 35-39;67
Loja;Celica;De 40-44;61
Loja;Celica;De 45-49;48
Loja;Celica;De 50-54;51
Loja;Celica;De 55-59;51
Loja;Celica;De 60-64;53
Loja;Celica;De 65-69;42
Loja;Celica;De 70-74;35
Loja;Celica;De 75-79;42
Loja;Celica;De 80-84;22
Loja;Celica;85 o más;38
Loja;Celica;Total Pózul;3.273
Loja;Celica;De 0-4;218
Loja;Celica;De 5-9;238
Loja;Celica;De 10-14;271
Loja;Celica;De 15-19;330
Loja;Celica;De 20-24;273
Loja;Celica;De 25-29;221
Loja;Celica;De 30-34;187
Loja;Celica;De 35-39;165
Loja;Celica;De 40-44;172
Loja;Celica;De 45-49;170
Loja;Celica;De 50-54;177
Loja;Celica;De 55-59;172
Loja;Celica;De 60-64;139
Loja;Celica;De 65-69;159
Loja;Celica;De 70-74;111
Loja;Celica;De 75-79;101
Loja;Celica;De 80-84;76
Loja;Celica;85 o más;93
Loja;Celica;Total Sabanilla;2.552
Loja;Celica;De 0-4;216
Loja;Celica;De 5-9;199
Loja;Celica;De 10-14;270
Loja;Celica;De 15-19;289
Loja;Celica;De 20-24;234
Loja;Celica;De 25-29;174
Loja;Celica;De 30-34;159
Loja;Celica;De 35-39;148
Loja;Celica;De 40-44;184
Loja;Celica;De 45-49;112
Loja;Celica;De 50-54;107
Loja;Celica;De 55-59;111
Loja;Celica;De 60-64;95
Loja;Celica;De 65-69;75
Loja;Celica;De 70-74;82
Loja;Celica;De 75-79;35
Loja;Celica;De 80-84;31
Loja;Celica;85 o más;31
Loja;Celica;Total Teniente Maximiliano Rodríguez Loaiza;704
Loja;Celica;De 0-4;58
Loja;Celica;De 5-9;71
Loja;Celica;De 10-14;85
Loja;Celica;De 15-19;70
Loja;Celica;De 20-24;66
Loja;Celica;De 25-29;46
Loja;Celica;De 30-34;53
Loja;Celica;De 35-39;41
Loja;Celica;De 40-44;41
Loja;Celica;De 45-49;29
Loja;Celica;De 50-54;32
Loja;Celica;De 55-59;25
Loja;Celica;De 60-64;17
Loja;Celica;De 65-69;18
Loja;Celica;De 70-74;17
Loja;Celica;De 75-79;9
Loja;Celica;De 80-84;11
Loja;Celica;85 o más;15
Loja;Chaguarpamba;Total Chaguarpamba;6.857
Loja;Chaguarpamba;De 0-4;451
Loja;Chaguarpamba;De 5-9;434
Loja;Chaguarpamba;De 10-14;600
Loja;Chaguarpamba;De 15-19;582
Loja;Chaguarpamba;De 20-24;526
Loja;Chaguarpamba;De 25-29;435
Loja;Chaguarpamba;De 30-34;386
Loja;Chaguarpamba;De 35-39;371
Loja;Chaguarpamba;De 40-44;370
Loja;Chaguarpamba;De 45-49;393
Loja;Chaguarpamba;De 50-54;388
Loja;Chaguarpamba;De 55-59;363
Loja;Chaguarpamba;De 60-64;319
Loja;Chaguarpamba;De 65-69;324
Loja;Chaguarpamba;De 70-74;290
Loja;Chaguarpamba;De 75-79;274
Loja;Chaguarpamba;De 80-84;185
Loja;Chaguarpamba;85 o más;166
Loja;Chaguarpamba;Total Chaguarpamba;3.466
Loja;Chaguarpamba;De 0-4;204
Loja;Chaguarpamba;De 5-9;221
Loja;Chaguarpamba;De 10-14;302
Loja;Chaguarpamba;De 15-19;279
Loja;Chaguarpamba;De 20-24;280
Loja;Chaguarpamba;De 25-29;221
Loja;Chaguarpamba;De 30-34;193
Loja;Chaguarpamba;De 35-39;202
Loja;Chaguarpamba;De 40-44;196
Loja;Chaguarpamba;De 45-49;197
Loja;Chaguarpamba;De 50-54;200
Loja;Chaguarpamba;De 55-59;189
Loja;Chaguarpamba;De 60-64;150
Loja;Chaguarpamba;De 65-69;176
Loja;Chaguarpamba;De 70-74;139
Loja;Chaguarpamba;De 75-79;148
Loja;Chaguarpamba;De 80-84;87
Loja;Chaguarpamba;85 o más;82
Loja;Chaguarpamba;Total Buenavista;1.193
Loja;Chaguarpamba;De 0-4;97
Loja;Chaguarpamba;De 5-9;61
Loja;Chaguarpamba;De 10-14;99
Loja;Chaguarpamba;De 15-19;110
Loja;Chaguarpamba;De 20-24;84
Loja;Chaguarpamba;De 25-29;97
Loja;Chaguarpamba;De 30-34;64
Loja;Chaguarpamba;De 35-39;62
Loja;Chaguarpamba;De 40-44;64
Loja;Chaguarpamba;De 45-49;79
Loja;Chaguarpamba;De 50-54;74
Loja;Chaguarpamba;De 55-59;59
Loja;Chaguarpamba;De 60-64;45
Loja;Chaguarpamba;De 65-69;49
Loja;Chaguarpamba;De 70-74;51
Loja;Chaguarpamba;De 75-79;38
Loja;Chaguarpamba;De 80-84;38
Loja;Chaguarpamba;85 o más;22
Loja;Chaguarpamba;Total El Rosario;382
Loja;Chaguarpamba;De 0-4;16
Loja;Chaguarpamba;De 5-9;14
Loja;Chaguarpamba;De 10-14;19
Loja;Chaguarpamba;De 15-19;27
Loja;Chaguarpamba;De 20-24;31
Loja;Chaguarpamba;De 25-29;23
Loja;Chaguarpamba;De 30-34;12
Loja;Chaguarpamba;De 35-39;21
Loja;Chaguarpamba;De 40-44;18
Loja;Chaguarpamba;De 45-49;23
Loja;Chaguarpamba;De 50-54;25
Loja;Chaguarpamba;De 55-59;23
Loja;Chaguarpamba;De 60-64;29
Loja;Chaguarpamba;De 65-69;25
Loja;Chaguarpamba;De 70-74;28
Loja;Chaguarpamba;De 75-79;16
Loja;Chaguarpamba;De 80-84;19
Loja;Chaguarpamba;85 o más;13
Loja;Chaguarpamba;Total Santa Rufina;1.211
Loja;Chaguarpamba;De 0-4;85
Loja;Chaguarpamba;De 5-9;91
Loja;Chaguarpamba;De 10-14;125
Loja;Chaguarpamba;De 15-19;101
Loja;Chaguarpamba;De 20-24;86
Loja;Chaguarpamba;De 25-29;69
Loja;Chaguarpamba;De 30-34;84
Loja;Chaguarpamba;De 35-39;65
Loja;Chaguarpamba;De 40-44;59
Loja;Chaguarpamba;De 45-49;61
Loja;Chaguarpamba;De 50-54;55
Loja;Chaguarpamba;De 55-59;64
Loja;Chaguarpamba;De 60-64;66
Loja;Chaguarpamba;De 65-69;48
Loja;Chaguarpamba;De 70-74;46
Loja;Chaguarpamba;De 75-79;44
Loja;Chaguarpamba;De 80-84;28
Loja;Chaguarpamba;85 o más;34
Loja;Chaguarpamba;Total Amarillos;605
Loja;Chaguarpamba;De 0-4;49
Loja;Chaguarpamba;De 5-9;47
Loja;Chaguarpamba;De 10-14;55
Loja;Chaguarpamba;De 15-19;65
Loja;Chaguarpamba;De 20-24;45
Loja;Chaguarpamba;De 25-29;25
Loja;Chaguarpamba;De 30-34;33
Loja;Chaguarpamba;De 35-39;21
Loja;Chaguarpamba;De 40-44;33
Loja;Chaguarpamba;De 45-49;33
Loja;Chaguarpamba;De 50-54;34
Loja;Chaguarpamba;De 55-59;28
Loja;Chaguarpamba;De 60-64;29
Loja;Chaguarpamba;De 65-69;26
Loja;Chaguarpamba;De 70-74;26
Loja;Chaguarpamba;De 75-79;28
Loja;Chaguarpamba;De 80-84;13
Loja;Chaguarpamba;85 o más;15
Loja;Espíndola;Total Espíndola;14.119
Loja;Espíndola;De 0-4;937
Loja;Espíndola;De 5-9;1.063
Loja;Espíndola;De 10-14;1.278
Loja;Espíndola;De 15-19;1.330
Loja;Espíndola;De 20-24;1.126
Loja;Espíndola;De 25-29;971
Loja;Espíndola;De 30-34;877
Loja;Espíndola;De 35-39;896
Loja;Espíndola;De 40-44;717
Loja;Espíndola;De 45-49;638
Loja;Espíndola;De 50-54;650
Loja;Espíndola;De 55-59;676
Loja;Espíndola;De 60-64;611
Loja;Espíndola;De 65-69;614
Loja;Espíndola;De 70-74;572
Loja;Espíndola;De 75-79;455
Loja;Espíndola;De 80-84;372
Loja;Espíndola;85 o más;336
Loja;Espíndola;Total Amaluza;4.142
Loja;Espíndola;De 0-4;260
Loja;Espíndola;De 5-9;294
Loja;Espíndola;De 10-14;338
Loja;Espíndola;De 15-19;338
Loja;Espíndola;De 20-24;337
Loja;Espíndola;De 25-29;329
Loja;Espíndola;De 30-34;280
Loja;Espíndola;De 35-39;289
Loja;Espíndola;De 40-44;226
Loja;Espíndola;De 45-49;220
Loja;Espíndola;De 50-54;214
Loja;Espíndola;De 55-59;199
Loja;Espíndola;De 60-64;157
Loja;Espíndola;De 65-69;169
Loja;Espíndola;De 70-74;151
Loja;Espíndola;De 75-79;133
Loja;Espíndola;De 80-84;94
Loja;Espíndola;85 o más;114
Loja;Espíndola;Total Bellavista;2.163
Loja;Espíndola;De 0-4;165
Loja;Espíndola;De 5-9;152
Loja;Espíndola;De 10-14;208
Loja;Espíndola;De 15-19;221
Loja;Espíndola;De 20-24;169
Loja;Espíndola;De 25-29;128
Loja;Espíndola;De 30-34;103
Loja;Espíndola;De 35-39;128
Loja;Espíndola;De 40-44;111
Loja;Espíndola;De 45-49;93
Loja;Espíndola;De 50-54;95
Loja;Espíndola;De 55-59;111
Loja;Espíndola;De 60-64;84
Loja;Espíndola;De 65-69;100
Loja;Espíndola;De 70-74;86
Loja;Espíndola;De 75-79;70
Loja;Espíndola;De 80-84;74
Loja;Espíndola;85 o más;65
Loja;Espíndola;Total Jimbura;2.050
Loja;Espíndola;De 0-4;157
Loja;Espíndola;De 5-9;170
Loja;Espíndola;De 10-14;214
Loja;Espíndola;De 15-19;219
Loja;Espíndola;De 20-24;183
Loja;Espíndola;De 25-29;124
Loja;Espíndola;De 30-34;98
Loja;Espíndola;De 35-39;129
Loja;Espíndola;De 40-44;103
Loja;Espíndola;De 45-49;90
Loja;Espíndola;De 50-54;81
Loja;Espíndola;De 55-59;93
Loja;Espíndola;De 60-64;79
Loja;Espíndola;De 65-69;79
Loja;Espíndola;De 70-74;78
Loja;Espíndola;De 75-79;63
Loja;Espíndola;De 80-84;56
Loja;Espíndola;85 o más;34
Loja;Espíndola;Total Santa Teresita;1.450
Loja;Espíndola;De 0-4;73
Loja;Espíndola;De 5-9;108
Loja;Espíndola;De 10-14;141
Loja;Espíndola;De 15-19;173
Loja;Espíndola;De 20-24;103
Loja;Espíndola;De 25-29;83
Loja;Espíndola;De 30-34;80
Loja;Espíndola;De 35-39;87
Loja;Espíndola;De 40-44;69
Loja;Espíndola;De 45-49;77
Loja;Espíndola;De 50-54;64
Loja;Espíndola;De 55-59;71
Loja;Espíndola;De 60-64;55
Loja;Espíndola;De 65-69;76
Loja;Espíndola;De 70-74;83
Loja;Espíndola;De 75-79;47
Loja;Espíndola;De 80-84;31
Loja;Espíndola;85 o más;29
Loja;Espíndola;Total 27 de Abril;1.865
Loja;Espíndola;De 0-4;118
Loja;Espíndola;De 5-9;138
Loja;Espíndola;De 10-14;137
Loja;Espíndola;De 15-19;140
Loja;Espíndola;De 20-24;133
Loja;Espíndola;De 25-29;142
Loja;Espíndola;De 30-34;160
Loja;Espíndola;De 35-39;117
Loja;Espíndola;De 40-44;86
Loja;Espíndola;De 45-49;65
Loja;Espíndola;De 50-54;70
Loja;Espíndola;De 55-59;90
Loja;Espíndola;De 60-64;104
Loja;Espíndola;De 65-69;94
Loja;Espíndola;De 70-74;79
Loja;Espíndola;De 75-79;73
Loja;Espíndola;De 80-84;62
Loja;Espíndola;85 o más;57
Loja;Espíndola;Total El Ingenio;1.647
Loja;Espíndola;De 0-4;122
Loja;Espíndola;De 5-9;139
Loja;Espíndola;De 10-14;162
Loja;Espíndola;De 15-19;165
Loja;Espíndola;De 20-24;121
Loja;Espíndola;De 25-29;113
Loja;Espíndola;De 30-34;112
Loja;Espíndola;De 35-39;104
Loja;Espíndola;De 40-44;87
Loja;Espíndola;De 45-49;57
Loja;Espíndola;De 50-54;89
Loja;Espíndola;De 55-59;72
Loja;Espíndola;De 60-64;68
Loja;Espíndola;De 65-69;65
Loja;Espíndola;De 70-74;57
Loja;Espíndola;De 75-79;49
Loja;Espíndola;De 80-84;42
Loja;Espíndola;85 o más;23
Loja;Espíndola;Total El Airo;802
Loja;Espíndola;De 0-4;42
Loja;Espíndola;De 5-9;62
Loja;Espíndola;De 10-14;78
Loja;Espíndola;De 15-19;74
Loja;Espíndola;De 20-24;80
Loja;Espíndola;De 25-29;52
Loja;Espíndola;De 30-34;44
Loja;Espíndola;De 35-39;42
Loja;Espíndola;De 40-44;35
Loja;Espíndola;De 45-49;36
Loja;Espíndola;De 50-54;37
Loja;Espíndola;De 55-59;40
Loja;Espíndola;De 60-64;64
Loja;Espíndola;De 65-69;31
Loja;Espíndola;De 70-74;38
Loja;Espíndola;De 75-79;20
Loja;Espíndola;De 80-84;13
Loja;Espíndola;85 o más;14
Loja;Gonzanamá;Total Gonzanamá;12.247
Loja;Gonzanamá;De 0-4;727
Loja;Gonzanamá;De 5-9;864
Loja;Gonzanamá;De 10-14;1.064
Loja;Gonzanamá;De 15-19;1.126
Loja;Gonzanamá;De 20-24;855
Loja;Gonzanamá;De 25-29;701
Loja;Gonzanamá;De 30-34;674
Loja;Gonzanamá;De 35-39;649
Loja;Gonzanamá;De 40-44;646
Loja;Gonzanamá;De 45-49;647
Loja;Gonzanamá;De 50-54;631
Loja;Gonzanamá;De 55-59;631
Loja;Gonzanamá;De 60-64;606
Loja;Gonzanamá;De 65-69;613
Loja;Gonzanamá;De 70-74;533
Loja;Gonzanamá;De 75-79;484
Loja;Gonzanamá;De 80-84;362
Loja;Gonzanamá;85 o más;434
Loja;Gonzanamá;Total Gonzanamá;2.883
Loja;Gonzanamá;De 0-4;167
Loja;Gonzanamá;De 5-9;202
Loja;Gonzanamá;De 10-14;235
Loja;Gonzanamá;De 15-19;255
Loja;Gonzanamá;De 20-24;179
Loja;Gonzanamá;De 25-29;191
Loja;Gonzanamá;De 30-34;183
Loja;Gonzanamá;De 35-39;200
Loja;Gonzanamá;De 40-44;148
Loja;Gonzanamá;De 45-49;150
Loja;Gonzanamá;De 50-54;151
Loja;Gonzanamá;De 55-59;163
Loja;Gonzanamá;De 60-64;138
Loja;Gonzanamá;De 65-69;120
Loja;Gonzanamá;De 70-74;118
Loja;Gonzanamá;De 75-79;107
Loja;Gonzanamá;De 80-84;84
Loja;Gonzanamá;85 o más;92
Loja;Gonzanamá;Total Changaimina;2.402
Loja;Gonzanamá;De 0-4;161
Loja;Gonzanamá;De 5-9;179
Loja;Gonzanamá;De 10-14;228
Loja;Gonzanamá;De 15-19;234
Loja;Gonzanamá;De 20-24;171
Loja;Gonzanamá;De 25-29;123
Loja;Gonzanamá;De 30-34;127
Loja;Gonzanamá;De 35-39;120
Loja;Gonzanamá;De 40-44;114
Loja;Gonzanamá;De 45-49;117
Loja;Gonzanamá;De 50-54;116
Loja;Gonzanamá;De 55-59;135
Loja;Gonzanamá;De 60-64;99
Loja;Gonzanamá;De 65-69;130
Loja;Gonzanamá;De 70-74;99
Loja;Gonzanamá;De 75-79;85
Loja;Gonzanamá;De 80-84;73
Loja;Gonzanamá;85 o más;91
Loja;Gonzanamá;Total Nambacola;4.257
Loja;Gonzanamá;De 0-4;258
Loja;Gonzanamá;De 5-9;299
Loja;Gonzanamá;De 10-14;374
Loja;Gonzanamá;De 15-19;380
Loja;Gonzanamá;De 20-24;315
Loja;Gonzanamá;De 25-29;247
Loja;Gonzanamá;De 30-34;222
Loja;Gonzanamá;De 35-39;202
Loja;Gonzanamá;De 40-44;236
Loja;Gonzanamá;De 45-49;266
Loja;Gonzanamá;De 50-54;224
Loja;Gonzanamá;De 55-59;185
Loja;Gonzanamá;De 60-64;204
Loja;Gonzanamá;De 65-69;195
Loja;Gonzanamá;De 70-74;203
Loja;Gonzanamá;De 75-79;175
Loja;Gonzanamá;De 80-84;116
Loja;Gonzanamá;85 o más;156
Loja;Gonzanamá;Total Purunuma;986
Loja;Gonzanamá;De 0-4;52
Loja;Gonzanamá;De 5-9;62
Loja;Gonzanamá;De 10-14;70
Loja;Gonzanamá;De 15-19;94
Loja;Gonzanamá;De 20-24;75
Loja;Gonzanamá;De 25-29;45
Loja;Gonzanamá;De 30-34;51
Loja;Gonzanamá;De 35-39;60
Loja;Gonzanamá;De 40-44;71
Loja;Gonzanamá;De 45-49;42
Loja;Gonzanamá;De 50-54;51
Loja;Gonzanamá;De 55-59;48
Loja;Gonzanamá;De 60-64;65
Loja;Gonzanamá;De 65-69;62
Loja;Gonzanamá;De 70-74;37
Loja;Gonzanamá;De 75-79;46
Loja;Gonzanamá;De 80-84;29
Loja;Gonzanamá;85 o más;26
Loja;Gonzanamá;Total Sacapalca;1.719
Loja;Gonzanamá;De 0-4;89
Loja;Gonzanamá;De 5-9;122
Loja;Gonzanamá;De 10-14;157
Loja;Gonzanamá;De 15-19;163
Loja;Gonzanamá;De 20-24;115
Loja;Gonzanamá;De 25-29;95
Loja;Gonzanamá;De 30-34;91
Loja;Gonzanamá;De 35-39;67
Loja;Gonzanamá;De 40-44;77
Loja;Gonzanamá;De 45-49;72
Loja;Gonzanamá;De 50-54;89
Loja;Gonzanamá;De 55-59;100
Loja;Gonzanamá;De 60-64;100
Loja;Gonzanamá;De 65-69;106
Loja;Gonzanamá;De 70-74;76
Loja;Gonzanamá;De 75-79;71
Loja;Gonzanamá;De 80-84;60
Loja;Gonzanamá;85 o más;69
Loja;Macará;Total Macará;18.215
Loja;Macará;De 0-4;1.352
Loja;Macará;De 5-9;1.442
Loja;Macará;De 10-14;1.782
Loja;Macará;De 15-19;1.598
Loja;Macará;De 20-24;1.416
Loja;Macará;De 25-29;1.232
Loja;Macará;De 30-34;1.238
Loja;Macará;De 35-39;1.176
Loja;Macará;De 40-44;1.085
Loja;Macará;De 45-49;950
Loja;Macará;De 50-54;835
Loja;Macará;De 55-59;854
Loja;Macará;De 60-64;766
Loja;Macará;De 65-69;677
Loja;Macará;De 70-74;561
Loja;Macará;De 75-79;434
Loja;Macará;De 80-84;347
Loja;Macará;85 o más;470
Loja;Macará;Total Macará;15.235
Loja;Macará;De 0-4;1.152
Loja;Macará;De 5-9;1.236
Loja;Macará;De 10-14;1.518
Loja;Macará;De 15-19;1.333
Loja;Macará;De 20-24;1.178
Loja;Macará;De 25-29;1.065
Loja;Macará;De 30-34;1.097
Loja;Macará;De 35-39;1.003
Loja;Macará;De 40-44;933
Loja;Macará;De 45-49;798
Loja;Macará;De 50-54;691
Loja;Macará;De 55-59;712
Loja;Macará;De 60-64;621
Loja;Macará;De 65-69;535
Loja;Macará;De 70-74;431
Loja;Macará;De 75-79;328
Loja;Macará;De 80-84;268
Loja;Macará;85 o más;336
Loja;Macará;Total Larama;985
Loja;Macará;De 0-4;77
Loja;Macará;De 5-9;76
Loja;Macará;De 10-14;108
Loja;Macará;De 15-19;108
Loja;Macará;De 20-24;84
Loja;Macará;De 25-29;52
Loja;Macará;De 30-34;44
Loja;Macará;De 35-39;60
Loja;Macará;De 40-44;47
Loja;Macará;De 45-49;57
Loja;Macará;De 50-54;46
Loja;Macará;De 55-59;39
Loja;Macará;De 60-64;48
Loja;Macará;De 65-69;32
Loja;Macará;De 70-74;34
Loja;Macará;De 75-79;19
Loja;Macará;De 80-84;20
Loja;Macará;85 o más;34
Loja;Macará;Total La Victoria;1.361
Loja;Macará;De 0-4;90
Loja;Macará;De 5-9;104
Loja;Macará;De 10-14;119
Loja;Macará;De 15-19;122
Loja;Macará;De 20-24;110
Loja;Macará;De 25-29;77
Loja;Macará;De 30-34;60
Loja;Macará;De 35-39;80
Loja;Macará;De 40-44;76
Loja;Macará;De 45-49;60
Loja;Macará;De 50-54;57
Loja;Macará;De 55-59;56
Loja;Macará;De 60-64;65
Loja;Macará;De 65-69;76
Loja;Macará;De 70-74;67
Loja;Macará;De 75-79;54
Loja;Macará;De 80-84;32
Loja;Macará;85 o más;56
Loja;Macará;Total Sabiango;634
Loja;Macará;De 0-4;33
Loja;Macará;De 5-9;26
Loja;Macará;De 10-14;37
Loja;Macará;De 15-19;35
Loja;Macará;De 20-24;44
Loja;Macará;De 25-29;38
Loja;Macará;De 30-34;37
Loja;Macará;De 35-39;33
Loja;Macará;De 40-44;29
Loja;Macará;De 45-49;35
Loja;Macará;De 50-54;41
Loja;Macará;De 55-59;47
Loja;Macará;De 60-64;32
Loja;Macará;De 65-69;34
Loja;Macará;De 70-74;29
Loja;Macará;De 75-79;33
Loja;Macará;De 80-84;27
Loja;Macará;85 o más;44
Loja;Paltas;Total Paltas;22.841
Loja;Paltas;De 0-4;1.512
Loja;Paltas;De 5-9;1.728
Loja;Paltas;De 10-14;2.186
Loja;Paltas;De 15-19;2.161
Loja;Paltas;De 20-24;1.791
Loja;Paltas;De 25-29;1.415
Loja;Paltas;De 30-34;1.218
Loja;Paltas;De 35-39;1.222
Loja;Paltas;De 40-44;1.165
Loja;Paltas;De 45-49;1.196
Loja;Paltas;De 50-54;1.203
Loja;Paltas;De 55-59;1.140
Loja;Paltas;De 60-64;1.055
Loja;Paltas;De 65-69;975
Loja;Paltas;De 70-74;846
Loja;Paltas;De 75-79;741
Loja;Paltas;De 80-84;612
Loja;Paltas;85 o más;675
Loja;Paltas;Total Catacocha;12.129
Loja;Paltas;De 0-4;810
Loja;Paltas;De 5-9;978
Loja;Paltas;De 10-14;1.184
Loja;Paltas;De 15-19;1.123
Loja;Paltas;De 20-24;960
Loja;Paltas;De 25-29;809
Loja;Paltas;De 30-34;692
Loja;Paltas;De 35-39;708
Loja;Paltas;De 40-44;634
Loja;Paltas;De 45-49;635
Loja;Paltas;De 50-54;611
Loja;Paltas;De 55-59;592
Loja;Paltas;De 60-64;529
Loja;Paltas;De 65-69;500
Loja;Paltas;De 70-74;392
Loja;Paltas;De 75-79;357
Loja;Paltas;De 80-84;272
Loja;Paltas;85 o más;343
Loja;Paltas;Total Cangonamá;991
Loja;Paltas;De 0-4;46
Loja;Paltas;De 5-9;61
Loja;Paltas;De 10-14;82
Loja;Paltas;De 15-19;83
Loja;Paltas;De 20-24;63
Loja;Paltas;De 25-29;48
Loja;Paltas;De 30-34;36
Loja;Paltas;De 35-39;38
Loja;Paltas;De 40-44;53
Loja;Paltas;De 45-49;63
Loja;Paltas;De 50-54;61
Loja;Paltas;De 55-59;66
Loja;Paltas;De 60-64;68
Loja;Paltas;De 65-69;53
Loja;Paltas;De 70-74;51
Loja;Paltas;De 75-79;46
Loja;Paltas;De 80-84;38
Loja;Paltas;85 o más;35
Loja;Paltas;Total Guachanamá;2.406
Loja;Paltas;De 0-4;186
Loja;Paltas;De 5-9;170
Loja;Paltas;De 10-14;256
Loja;Paltas;De 15-19;276
Loja;Paltas;De 20-24;202
Loja;Paltas;De 25-29;133
Loja;Paltas;De 30-34;129
Loja;Paltas;De 35-39;115
Loja;Paltas;De 40-44;111
Loja;Paltas;De 45-49;131
Loja;Paltas;De 50-54;121
Loja;Paltas;De 55-59;107
Loja;Paltas;De 60-64;89
Loja;Paltas;De 65-69;89
Loja;Paltas;De 70-74;87
Loja;Paltas;De 75-79;91
Loja;Paltas;De 80-84;51
Loja;Paltas;85 o más;62
Loja;Paltas;Total Lauro Guerrero;1.680
Loja;Paltas;De 0-4;100
Loja;Paltas;De 5-9;127
Loja;Paltas;De 10-14;174
Loja;Paltas;De 15-19;160
Loja;Paltas;De 20-24;137
Loja;Paltas;De 25-29;102
Loja;Paltas;De 30-34;83
Loja;Paltas;De 35-39;71
Loja;Paltas;De 40-44;75
Loja;Paltas;De 45-49;85
Loja;Paltas;De 50-54;85
Loja;Paltas;De 55-59;83
Loja;Paltas;De 60-64;93
Loja;Paltas;De 65-69;88
Loja;Paltas;De 70-74;62
Loja;Paltas;De 75-79;48
Loja;Paltas;De 80-84;56
Loja;Paltas;85 o más;51
Loja;Paltas;Total Orianga;1.586
Loja;Paltas;De 0-4;120
Loja;Paltas;De 5-9;120
Loja;Paltas;De 10-14;140
Loja;Paltas;De 15-19;164
Loja;Paltas;De 20-24;129
Loja;Paltas;De 25-29;92
Loja;Paltas;De 30-34;89
Loja;Paltas;De 35-39;91
Loja;Paltas;De 40-44;93
Loja;Paltas;De 45-49;84
Loja;Paltas;De 50-54;81
Loja;Paltas;De 55-59;73
Loja;Paltas;De 60-64;74
Loja;Paltas;De 65-69;72
Loja;Paltas;De 70-74;58
Loja;Paltas;De 75-79;41
Loja;Paltas;De 80-84;33
Loja;Paltas;85 o más;32
Loja;Paltas;Total San Antonio;1.077
Loja;Paltas;De 0-4;52
Loja;Paltas;De 5-9;84
Loja;Paltas;De 10-14;87
Loja;Paltas;De 15-19;86
Loja;Paltas;De 20-24;76
Loja;Paltas;De 25-29;52
Loja;Paltas;De 30-34;56
Loja;Paltas;De 35-39;62
Loja;Paltas;De 40-44;59
Loja;Paltas;De 45-49;59
Loja;Paltas;De 50-54;56
Loja;Paltas;De 55-59;43
Loja;Paltas;De 60-64;56
Loja;Paltas;De 65-69;53
Loja;Paltas;De 70-74;71
Loja;Paltas;De 75-79;49
Loja;Paltas;De 80-84;42
Loja;Paltas;85 o más;34
Loja;Paltas;Total Casanga;1.735
Loja;Paltas;De 0-4;109
Loja;Paltas;De 5-9;110
Loja;Paltas;De 10-14;157
Loja;Paltas;De 15-19;153
Loja;Paltas;De 20-24;130
Loja;Paltas;De 25-29;89
Loja;Paltas;De 30-34;82
Loja;Paltas;De 35-39;82
Loja;Paltas;De 40-44;88
Loja;Paltas;De 45-49;76
Loja;Paltas;De 50-54;110
Loja;Paltas;De 55-59;105
Loja;Paltas;De 60-64;80
Loja;Paltas;De 65-69;67
Loja;Paltas;De 70-74;82
Loja;Paltas;De 75-79;72
Loja;Paltas;De 80-84;81
Loja;Paltas;85 o más;62
Loja;Paltas;Total Yamana;1.237
Loja;Paltas;De 0-4;89
Loja;Paltas;De 5-9;78
Loja;Paltas;De 10-14;106
Loja;Paltas;De 15-19;116
Loja;Paltas;De 20-24;94
Loja;Paltas;De 25-29;90
Loja;Paltas;De 30-34;51
Loja;Paltas;De 35-39;55
Loja;Paltas;De 40-44;52
Loja;Paltas;De 45-49;63
Loja;Paltas;De 50-54;78
Loja;Paltas;De 55-59;71
Loja;Paltas;De 60-64;66
Loja;Paltas;De 65-69;53
Loja;Paltas;De 70-74;43
Loja;Paltas;De 75-79;37
Loja;Paltas;De 80-84;39
Loja;Paltas;85 o más;56
Loja;Puyango;Total Puyango;16.257
Loja;Puyango;De 0-4;1.115
Loja;Puyango;De 5-9;1.254
Loja;Puyango;De 10-14;1.492
Loja;Puyango;De 15-19;1.445
Loja;Puyango;De 20-24;1.228
Loja;Puyango;De 25-29;1.159
Loja;Puyango;De 30-34;1.046
Loja;Puyango;De 35-39;1.049
Loja;Puyango;De 40-44;993
Loja;Puyango;De 45-49;969
Loja;Puyango;De 50-54;906
Loja;Puyango;De 55-59;843
Loja;Puyango;De 60-64;648
Loja;Puyango;De 65-69;650
Loja;Puyango;De 70-74;505
Loja;Puyango;De 75-79;388
Loja;Puyango;De 80-84;287
Loja;Puyango;85 o más;280
Loja;Puyango;Total Alamor;8.987
Loja;Puyango;De 0-4;614
Loja;Puyango;De 5-9;684
Loja;Puyango;De 10-14;817
Loja;Puyango;De 15-19;749
Loja;Puyango;De 20-24;676
Loja;Puyango;De 25-29;663
Loja;Puyango;De 30-34;616
Loja;Puyango;De 35-39;606
Loja;Puyango;De 40-44;538
Loja;Puyango;De 45-49;551
Loja;Puyango;De 50-54;518
Loja;Puyango;De 55-59;461
Loja;Puyango;De 60-64;342
Loja;Puyango;De 65-69;381
Loja;Puyango;De 70-74;279
Loja;Puyango;De 75-79;200
Loja;Puyango;De 80-84;144
Loja;Puyango;85 o más;148
Loja;Puyango;Total Ciano;1.335
Loja;Puyango;De 0-4;79
Loja;Puyango;De 5-9;86
Loja;Puyango;De 10-14;120
Loja;Puyango;De 15-19;127
Loja;Puyango;De 20-24;102
Loja;Puyango;De 25-29;92
Loja;Puyango;De 30-34;68
Loja;Puyango;De 35-39;86
Loja;Puyango;De 40-44;91
Loja;Puyango;De 45-49;97
Loja;Puyango;De 50-54;86
Loja;Puyango;De 55-59;81
Loja;Puyango;De 60-64;65
Loja;Puyango;De 65-69;51
Loja;Puyango;De 70-74;43
Loja;Puyango;De 75-79;26
Loja;Puyango;De 80-84;19
Loja;Puyango;85 o más;16
Loja;Puyango;Total El Arenal;1.157
Loja;Puyango;De 0-4;70
Loja;Puyango;De 5-9;95
Loja;Puyango;De 10-14;114
Loja;Puyango;De 15-19;109
Loja;Puyango;De 20-24;86
Loja;Puyango;De 25-29;73
Loja;Puyango;De 30-34;64
Loja;Puyango;De 35-39;65
Loja;Puyango;De 40-44;63
Loja;Puyango;De 45-49;79
Loja;Puyango;De 50-54;59
Loja;Puyango;De 55-59;74
Loja;Puyango;De 60-64;46
Loja;Puyango;De 65-69;52
Loja;Puyango;De 70-74;33
Loja;Puyango;De 75-79;33
Loja;Puyango;De 80-84;17
Loja;Puyango;85 o más;25
Loja;Puyango;Total El Limo;2.423
Loja;Puyango;De 0-4;206
Loja;Puyango;De 5-9;193
Loja;Puyango;De 10-14;227
Loja;Puyango;De 15-19;241
Loja;Puyango;De 20-24;217
Loja;Puyango;De 25-29;183
Loja;Puyango;De 30-34;167
Loja;Puyango;De 35-39;158
Loja;Puyango;De 40-44;146
Loja;Puyango;De 45-49;125
Loja;Puyango;De 50-54;122
Loja;Puyango;De 55-59;108
Loja;Puyango;De 60-64;76
Loja;Puyango;De 65-69;75
Loja;Puyango;De 70-74;62
Loja;Puyango;De 75-79;55
Loja;Puyango;De 80-84;41
Loja;Puyango;85 o más;21
Loja;Puyango;Total Mercadillo;1.308
Loja;Puyango;De 0-4;91
Loja;Puyango;De 5-9;110
Loja;Puyango;De 10-14;120
Loja;Puyango;De 15-19;116
Loja;Puyango;De 20-24;80
Loja;Puyango;De 25-29;80
Loja;Puyango;De 30-34;88
Loja;Puyango;De 35-39;80
Loja;Puyango;De 40-44;81
Loja;Puyango;De 45-49;68
Loja;Puyango;De 50-54;49
Loja;Puyango;De 55-59;66
Loja;Puyango;De 60-64;70
Loja;Puyango;De 65-69;54
Loja;Puyango;De 70-74;57
Loja;Puyango;De 75-79;32
Loja;Puyango;De 80-84;32
Loja;Puyango;85 o más;34
Loja;Puyango;Total Vicentino;1.047
Loja;Puyango;De 0-4;55
Loja;Puyango;De 5-9;86
Loja;Puyango;De 10-14;94
Loja;Puyango;De 15-19;103
Loja;Puyango;De 20-24;67
Loja;Puyango;De 25-29;68
Loja;Puyango;De 30-34;43
Loja;Puyango;De 35-39;54
Loja;Puyango;De 40-44;74
Loja;Puyango;De 45-49;49
Loja;Puyango;De 50-54;72
Loja;Puyango;De 55-59;53
Loja;Puyango;De 60-64;49
Loja;Puyango;De 65-69;37
Loja;Puyango;De 70-74;31
Loja;Puyango;De 75-79;42
Loja;Puyango;De 80-84;34
Loja;Puyango;85 o más;36
Loja;Saraguro;Total Saraguro;29.111
Loja;Saraguro;De 0-4;2.368
Loja;Saraguro;De 5-9;2.499
Loja;Saraguro;De 10-14;2.956
Loja;Saraguro;De 15-19;3.079
Loja;Saraguro;De 20-24;2.377
Loja;Saraguro;De 25-29;2.010
Loja;Saraguro;De 30-34;1.837
Loja;Saraguro;De 35-39;1.791
Loja;Saraguro;De 40-44;1.590
Loja;Saraguro;De 45-49;1.410
Loja;Saraguro;De 50-54;1.307
Loja;Saraguro;De 55-59;1.317
Loja;Saraguro;De 60-64;1.140
Loja;Saraguro;De 65-69;963
Loja;Saraguro;De 70-74;786
Loja;Saraguro;De 75-79;679
Loja;Saraguro;De 80-84;521
Loja;Saraguro;85 o más;481
Loja;Saraguro;Total Saraguro;9.679
Loja;Saraguro;De 0-4;784
Loja;Saraguro;De 5-9;857
Loja;Saraguro;De 10-14;966
Loja;Saraguro;De 15-19;991
Loja;Saraguro;De 20-24;768
Loja;Saraguro;De 25-29;772
Loja;Saraguro;De 30-34;714
Loja;Saraguro;De 35-39;653
Loja;Saraguro;De 40-44;562
Loja;Saraguro;De 45-49;494
Loja;Saraguro;De 50-54;443
Loja;Saraguro;De 55-59;394
Loja;Saraguro;De 60-64;327
Loja;Saraguro;De 65-69;270
Loja;Saraguro;De 70-74;211
Loja;Saraguro;De 75-79;184
Loja;Saraguro;De 80-84;157
Loja;Saraguro;85 o más;132
Loja;Saraguro;Total El Paraíso de Celen;2.244
Loja;Saraguro;De 0-4;184
Loja;Saraguro;De 5-9;231
Loja;Saraguro;De 10-14;278
Loja;Saraguro;De 15-19;263
Loja;Saraguro;De 20-24;155
Loja;Saraguro;De 25-29;125
Loja;Saraguro;De 30-34;135
Loja;Saraguro;De 35-39;152
Loja;Saraguro;De 40-44;122
Loja;Saraguro;De 45-49;95
Loja;Saraguro;De 50-54;87
Loja;Saraguro;De 55-59;100
Loja;Saraguro;De 60-64;85
Loja;Saraguro;De 65-69;61
Loja;Saraguro;De 70-74;56
Loja;Saraguro;De 75-79;51
Loja;Saraguro;De 80-84;38
Loja;Saraguro;85 o más;26
Loja;Saraguro;Total El Tablón;972
Loja;Saraguro;De 0-4;78
Loja;Saraguro;De 5-9;82
Loja;Saraguro;De 10-14;92
Loja;Saraguro;De 15-19;95
Loja;Saraguro;De 20-24;76
Loja;Saraguro;De 25-29;54
Loja;Saraguro;De 30-34;61
Loja;Saraguro;De 35-39;58
Loja;Saraguro;De 40-44;48
Loja;Saraguro;De 45-49;56
Loja;Saraguro;De 50-54;42
Loja;Saraguro;De 55-59;51
Loja;Saraguro;De 60-64;50
Loja;Saraguro;De 65-69;34
Loja;Saraguro;De 70-74;30
Loja;Saraguro;De 75-79;20
Loja;Saraguro;De 80-84;25
Loja;Saraguro;85 o más;20
Loja;Saraguro;Total Lluzhapa;1.558
Loja;Saraguro;De 0-4;134
Loja;Saraguro;De 5-9;136
Loja;Saraguro;De 10-14;171
Loja;Saraguro;De 15-19;164
Loja;Saraguro;De 20-24;136
Loja;Saraguro;De 25-29;109
Loja;Saraguro;De 30-34;68
Loja;Saraguro;De 35-39;64
Loja;Saraguro;De 40-44;73
Loja;Saraguro;De 45-49;85
Loja;Saraguro;De 50-54;80
Loja;Saraguro;De 55-59;71
Loja;Saraguro;De 60-64;51
Loja;Saraguro;De 65-69;55
Loja;Saraguro;De 70-74;54
Loja;Saraguro;De 75-79;45
Loja;Saraguro;De 80-84;29
Loja;Saraguro;85 o más;33
Loja;Saraguro;Total Manú;2.142
Loja;Saraguro;De 0-4;170
Loja;Saraguro;De 5-9;160
Loja;Saraguro;De 10-14;202
Loja;Saraguro;De 15-19;233
Loja;Saraguro;De 20-24;186
Loja;Saraguro;De 25-29;118
Loja;Saraguro;De 30-34;108
Loja;Saraguro;De 35-39;96
Loja;Saraguro;De 40-44;103
Loja;Saraguro;De 45-49;105
Loja;Saraguro;De 50-54;98
Loja;Saraguro;De 55-59;108
Loja;Saraguro;De 60-64;122
Loja;Saraguro;De 65-69;91
Loja;Saraguro;De 70-74;75
Loja;Saraguro;De 75-79;78
Loja;Saraguro;De 80-84;45
Loja;Saraguro;85 o más;44
Loja;Saraguro;Total San Antonio de Qumbe;1.110
Loja;Saraguro;De 0-4;71
Loja;Saraguro;De 5-9;65
Loja;Saraguro;De 10-14;94
Loja;Saraguro;De 15-19;106
Loja;Saraguro;De 20-24;88
Loja;Saraguro;De 25-29;69
Loja;Saraguro;De 30-34;61
Loja;Saraguro;De 35-39;65
Loja;Saraguro;De 40-44;74
Loja;Saraguro;De 45-49;48
Loja;Saraguro;De 50-54;60
Loja;Saraguro;De 55-59;60
Loja;Saraguro;De 60-64;57
Loja;Saraguro;De 65-69;55
Loja;Saraguro;De 70-74;47
Loja;Saraguro;De 75-79;37
Loja;Saraguro;De 80-84;30
Loja;Saraguro;85 o más;23
Loja;Saraguro;Total San Pablo de Tenta;3.290
Loja;Saraguro;De 0-4;253
Loja;Saraguro;De 5-9;257
Loja;Saraguro;De 10-14;308
Loja;Saraguro;De 15-19;356
Loja;Saraguro;De 20-24;265
Loja;Saraguro;De 25-29;239
Loja;Saraguro;De 30-34;164
Loja;Saraguro;De 35-39;200
Loja;Saraguro;De 40-44;173
Loja;Saraguro;De 45-49;160
Loja;Saraguro;De 50-54;148
Loja;Saraguro;De 55-59;183
Loja;Saraguro;De 60-64;148
Loja;Saraguro;De 65-69;125
Loja;Saraguro;De 70-74;101
Loja;Saraguro;De 75-79;90
Loja;Saraguro;De 80-84;60
Loja;Saraguro;85 o más;60
Loja;Saraguro;Total San Sebastián de Yúluc;958
Loja;Saraguro;De 0-4;86
Loja;Saraguro;De 5-9;90
Loja;Saraguro;De 10-14;83
Loja;Saraguro;De 15-19;102
Loja;Saraguro;De 20-24;97
Loja;Saraguro;De 25-29;63
Loja;Saraguro;De 30-34;64
Loja;Saraguro;De 35-39;56
Loja;Saraguro;De 40-44;53
Loja;Saraguro;De 45-49;48
Loja;Saraguro;De 50-54;39
Loja;Saraguro;De 55-59;39
Loja;Saraguro;De 60-64;23
Loja;Saraguro;De 65-69;32
Loja;Saraguro;De 70-74;26
Loja;Saraguro;De 75-79;14
Loja;Saraguro;De 80-84;23
Loja;Saraguro;85 o más;20
Loja;Saraguro;Total Selva Alegre;1.553
Loja;Saraguro;De 0-4;133
Loja;Saraguro;De 5-9;169
Loja;Saraguro;De 10-14;176
Loja;Saraguro;De 15-19;179
Loja;Saraguro;De 20-24;118
Loja;Saraguro;De 25-29;80
Loja;Saraguro;De 30-34;89
Loja;Saraguro;De 35-39;73
Loja;Saraguro;De 40-44;75
Loja;Saraguro;De 45-49;65
Loja;Saraguro;De 50-54;77
Loja;Saraguro;De 55-59;58
Loja;Saraguro;De 60-64;67
Loja;Saraguro;De 65-69;45
Loja;Saraguro;De 70-74;41
Loja;Saraguro;De 75-79;35
Loja;Saraguro;De 80-84;36
Loja;Saraguro;85 o más;37
Loja;Saraguro;Total Urdaneta;4.091
Loja;Saraguro;De 0-4;331
Loja;Saraguro;De 5-9;318
Loja;Saraguro;De 10-14;438
Loja;Saraguro;De 15-19;428
Loja;Saraguro;De 20-24;338
Loja;Saraguro;De 25-29;299
Loja;Saraguro;De 30-34;260
Loja;Saraguro;De 35-39;276
Loja;Saraguro;De 40-44;230
Loja;Saraguro;De 45-49;187
Loja;Saraguro;De 50-54;169
Loja;Saraguro;De 55-59;179
Loja;Saraguro;De 60-64;150
Loja;Saraguro;De 65-69;148
Loja;Saraguro;De 70-74;101
Loja;Saraguro;De 75-79;101
Loja;Saraguro;De 80-84;65
Loja;Saraguro;85 o más;73
Loja;Saraguro;Total Sumaypamba;1.514
Loja;Saraguro;De 0-4;144
Loja;Saraguro;De 5-9;134
Loja;Saraguro;De 10-14;148
Loja;Saraguro;De 15-19;162
Loja;Saraguro;De 20-24;150
Loja;Saraguro;De 25-29;82
Loja;Saraguro;De 30-34;113
Loja;Saraguro;De 35-39;98
Loja;Saraguro;De 40-44;77
Loja;Saraguro;De 45-49;67
Loja;Saraguro;De 50-54;64
Loja;Saraguro;De 55-59;74
Loja;Saraguro;De 60-64;60
Loja;Saraguro;De 65-69;47
Loja;Saraguro;De 70-74;44
Loja;Saraguro;De 75-79;24
Loja;Saraguro;De 80-84;13
Loja;Saraguro;85 o más;13
Loja;Sozoranga;Total Sozoranga;6.970
Loja;Sozoranga;De 0-4;542
Loja;Sozoranga;De 5-9;517
Loja;Sozoranga;De 10-14;741
Loja;Sozoranga;De 15-19;649
Loja;Sozoranga;De 20-24;472
Loja;Sozoranga;De 25-29;379
Loja;Sozoranga;De 30-34;392
Loja;Sozoranga;De 35-39;395
Loja;Sozoranga;De 40-44;371
Loja;Sozoranga;De 45-49;322
Loja;Sozoranga;De 50-54;308
Loja;Sozoranga;De 55-59;315
Loja;Sozoranga;De 60-64;320
Loja;Sozoranga;De 65-69;311
Loja;Sozoranga;De 70-74;279
Loja;Sozoranga;De 75-79;240
Loja;Sozoranga;De 80-84;179
Loja;Sozoranga;85 o más;238
Loja;Sozoranga;Total Sozoranga;3.671
Loja;Sozoranga;De 0-4;299
Loja;Sozoranga;De 5-9;283
Loja;Sozoranga;De 10-14;397
Loja;Sozoranga;De 15-19;360
Loja;Sozoranga;De 20-24;244
Loja;Sozoranga;De 25-29;195
Loja;Sozoranga;De 30-34;203
Loja;Sozoranga;De 35-39;199
Loja;Sozoranga;De 40-44;196
Loja;Sozoranga;De 45-49;154
Loja;Sozoranga;De 50-54;165
Loja;Sozoranga;De 55-59;164
Loja;Sozoranga;De 60-64;159
Loja;Sozoranga;De 65-69;155
Loja;Sozoranga;De 70-74;156
Loja;Sozoranga;De 75-79;129
Loja;Sozoranga;De 80-84;95
Loja;Sozoranga;85 o más;118
Loja;Sozoranga;Total Nueva Fátima;816
Loja;Sozoranga;De 0-4;54
Loja;Sozoranga;De 5-9;52
Loja;Sozoranga;De 10-14;70
Loja;Sozoranga;De 15-19;72
Loja;Sozoranga;De 20-24;58
Loja;Sozoranga;De 25-29;49
Loja;Sozoranga;De 30-34;52
Loja;Sozoranga;De 35-39;39
Loja;Sozoranga;De 40-44;40
Loja;Sozoranga;De 45-49;53
Loja;Sozoranga;De 50-54;43
Loja;Sozoranga;De 55-59;41
Loja;Sozoranga;De 60-64;38
Loja;Sozoranga;De 65-69;33
Loja;Sozoranga;De 70-74;32
Loja;Sozoranga;De 75-79;34
Loja;Sozoranga;De 80-84;28
Loja;Sozoranga;85 o más;28
Loja;Sozoranga;Total Tacamoros;2.483
Loja;Sozoranga;De 0-4;189
Loja;Sozoranga;De 5-9;182
Loja;Sozoranga;De 10-14;274
Loja;Sozoranga;De 15-19;217
Loja;Sozoranga;De 20-24;170
Loja;Sozoranga;De 25-29;135
Loja;Sozoranga;De 30-34;137
Loja;Sozoranga;De 35-39;157
Loja;Sozoranga;De 40-44;135
Loja;Sozoranga;De 45-49;115
Loja;Sozoranga;De 50-54;100
Loja;Sozoranga;De 55-59;110
Loja;Sozoranga;De 60-64;123
Loja;Sozoranga;De 65-69;123
Loja;Sozoranga;De 70-74;91
Loja;Sozoranga;De 75-79;77
Loja;Sozoranga;De 80-84;56
Loja;Sozoranga;85 o más;92
Loja;Zapotillo;Total Zapotillo;14.571
Loja;Zapotillo;De 0-4;1.159
Loja;Zapotillo;De 5-9;1.149
Loja;Zapotillo;De 10-14;1.470
Loja;Zapotillo;De 15-19;1.321
Loja;Zapotillo;De 20-24;1.211
Loja;Zapotillo;De 25-29;1.053
Loja;Zapotillo;De 30-34;1.050
Loja;Zapotillo;De 35-39;999
Loja;Zapotillo;De 40-44;892
Loja;Zapotillo;De 45-49;757
Loja;Zapotillo;De 50-54;635
Loja;Zapotillo;De 55-59;559
Loja;Zapotillo;De 60-64;610
Loja;Zapotillo;De 65-69;565
Loja;Zapotillo;De 70-74;373
Loja;Zapotillo;De 75-79;346
Loja;Zapotillo;De 80-84;217
Loja;Zapotillo;85 o más;205
Loja;Zapotillo;Total Zapotillo;5.851
Loja;Zapotillo;De 0-4;496
Loja;Zapotillo;De 5-9;483
Loja;Zapotillo;De 10-14;541
Loja;Zapotillo;De 15-19;504
Loja;Zapotillo;De 20-24;508
Loja;Zapotillo;De 25-29;462
Loja;Zapotillo;De 30-34;469
Loja;Zapotillo;De 35-39;423
Loja;Zapotillo;De 40-44;378
Loja;Zapotillo;De 45-49;286
Loja;Zapotillo;De 50-54;291
Loja;Zapotillo;De 55-59;248
Loja;Zapotillo;De 60-64;248
Loja;Zapotillo;De 65-69;185
Loja;Zapotillo;De 70-74;110
Loja;Zapotillo;De 75-79;89
Loja;Zapotillo;De 80-84;70
Loja;Zapotillo;85 o más;60
Loja;Zapotillo;Total Mangahurco;868
Loja;Zapotillo;De 0-4;55
Loja;Zapotillo;De 5-9;50
Loja;Zapotillo;De 10-14;93
Loja;Zapotillo;De 15-19;71
Loja;Zapotillo;De 20-24;68
Loja;Zapotillo;De 25-29;51
Loja;Zapotillo;De 30-34;51
Loja;Zapotillo;De 35-39;60
Loja;Zapotillo;De 40-44;66
Loja;Zapotillo;De 45-49;48
Loja;Zapotillo;De 50-54;37
Loja;Zapotillo;De 55-59;31
Loja;Zapotillo;De 60-64;43
Loja;Zapotillo;De 65-69;43
Loja;Zapotillo;De 70-74;28
Loja;Zapotillo;De 75-79;36
Loja;Zapotillo;De 80-84;16
Loja;Zapotillo;85 o más;21
Loja;Zapotillo;Total Garzareal;1.913
Loja;Zapotillo;De 0-4;150
Loja;Zapotillo;De 5-9;169
Loja;Zapotillo;De 10-14;206
Loja;Zapotillo;De 15-19;168
Loja;Zapotillo;De 20-24;153
Loja;Zapotillo;De 25-29;142
Loja;Zapotillo;De 30-34;126
Loja;Zapotillo;De 35-39;129
Loja;Zapotillo;De 40-44;99
Loja;Zapotillo;De 45-49;105
Loja;Zapotillo;De 50-54;85
Loja;Zapotillo;De 55-59;73
Loja;Zapotillo;De 60-64;71
Loja;Zapotillo;De 65-69;75
Loja;Zapotillo;De 70-74;47
Loja;Zapotillo;De 75-79;54
Loja;Zapotillo;De 80-84;29
Loja;Zapotillo;85 o más;32
Loja;Zapotillo;Total Limones;1.685
Loja;Zapotillo;De 0-4;129
Loja;Zapotillo;De 5-9;120
Loja;Zapotillo;De 10-14;163
Loja;Zapotillo;De 15-19;145
Loja;Zapotillo;De 20-24;147
Loja;Zapotillo;De 25-29;117
Loja;Zapotillo;De 30-34;113
Loja;Zapotillo;De 35-39;112
Loja;Zapotillo;De 40-44;102
Loja;Zapotillo;De 45-49;101
Loja;Zapotillo;De 50-54;64
Loja;Zapotillo;De 55-59;62
Loja;Zapotillo;De 60-64;85
Loja;Zapotillo;De 65-69;83
Loja;Zapotillo;De 70-74;44
Loja;Zapotillo;De 75-79;58
Loja;Zapotillo;De 80-84;20
Loja;Zapotillo;85 o más;20
Loja;Zapotillo;Total Paletillas;2.574
Loja;Zapotillo;De 0-4;216
Loja;Zapotillo;De 5-9;195
Loja;Zapotillo;De 10-14;298
Loja;Zapotillo;De 15-19;260
Loja;Zapotillo;De 20-24;207
Loja;Zapotillo;De 25-29;166
Loja;Zapotillo;De 30-34;168
Loja;Zapotillo;De 35-39;174
Loja;Zapotillo;De 40-44;167
Loja;Zapotillo;De 45-49;134
Loja;Zapotillo;De 50-54;83
Loja;Zapotillo;De 55-59;80
Loja;Zapotillo;De 60-64;83
Loja;Zapotillo;De 65-69;103
Loja;Zapotillo;De 70-74;95
Loja;Zapotillo;De 75-79;63
Loja;Zapotillo;De 80-84;50
Loja;Zapotillo;85 o más;32
Loja;Zapotillo;Total Bolaspamba;1.207
Loja;Zapotillo;De 0-4;90
Loja;Zapotillo;De 5-9;101
Loja;Zapotillo;De 10-14;127
Loja;Zapotillo;De 15-19;133
Loja;Zapotillo;De 20-24;101
Loja;Zapotillo;De 25-29;94
Loja;Zapotillo;De 30-34;89
Loja;Zapotillo;De 35-39;72
Loja;Zapotillo;De 40-44;58
Loja;Zapotillo;De 45-49;49
Loja;Zapotillo;De 50-54;45
Loja;Zapotillo;De 55-59;45
Loja;Zapotillo;De 60-64;49
Loja;Zapotillo;De 65-69;55
Loja;Zapotillo;De 70-74;28
Loja;Zapotillo;De 75-79;27
Loja;Zapotillo;De 80-84;21
Loja;Zapotillo;85 o más;23
Loja;Zapotillo;Total Cazaderos;473
Loja;Zapotillo;De 0-4;23
Loja;Zapotillo;De 5-9;31
Loja;Zapotillo;De 10-14;42
Loja;Zapotillo;De 15-19;40
Loja;Zapotillo;De 20-24;27
Loja;Zapotillo;De 25-29;21
Loja;Zapotillo;De 30-34;34
Loja;Zapotillo;De 35-39;29
Loja;Zapotillo;De 40-44;22
Loja;Zapotillo;De 45-49;34
Loja;Zapotillo;De 50-54;30
Loja;Zapotillo;De 55-59;20
Loja;Zapotillo;De 60-64;31
Loja;Zapotillo;De 65-69;21
Loja;Zapotillo;De 70-74;21
Loja;Zapotillo;De 75-79;19
Loja;Zapotillo;De 80-84;11
Loja;Zapotillo;85 o más;17
Loja;Pindal;Total Pindal;10.409
Loja;Pindal;De 0-4;873
Loja;Pindal;De 5-9;923
Loja;Pindal;De 10-14;990
Loja;Pindal;De 15-19;1.015
Loja;Pindal;De 20-24;895
Loja;Pindal;De 25-29;810
Loja;Pindal;De 30-34;769
Loja;Pindal;De 35-39;664
Loja;Pindal;De 40-44;638
Loja;Pindal;De 45-49;536
Loja;Pindal;De 50-54;427
Loja;Pindal;De 55-59;381
Loja;Pindal;De 60-64;339
Loja;Pindal;De 65-69;339
Loja;Pindal;De 70-74;287
Loja;Pindal;De 75-79;217
Loja;Pindal;De 80-84;151
Loja;Pindal;85 o más;155
Loja;Pindal;Total Pindal;4.393
Loja;Pindal;De 0-4;373
Loja;Pindal;De 5-9;416
Loja;Pindal;De 10-14;399
Loja;Pindal;De 15-19;433
Loja;Pindal;De 20-24;371
Loja;Pindal;De 25-29;334
Loja;Pindal;De 30-34;348
Loja;Pindal;De 35-39;294
Loja;Pindal;De 40-44;277
Loja;Pindal;De 45-49;229
Loja;Pindal;De 50-54;187
Loja;Pindal;De 55-59;167
Loja;Pindal;De 60-64;121
Loja;Pindal;De 65-69;125
Loja;Pindal;De 70-74;104
Loja;Pindal;De 75-79;84
Loja;Pindal;De 80-84;65
Loja;Pindal;85 o más;66
Loja;Pindal;Total Chaquinal;995
Loja;Pindal;De 0-4;47
Loja;Pindal;De 5-9;78
Loja;Pindal;De 10-14;95
Loja;Pindal;De 15-19;84
Loja;Pindal;De 20-24;61
Loja;Pindal;De 25-29;66
Loja;Pindal;De 30-34;67
Loja;Pindal;De 35-39;62
Loja;Pindal;De 40-44;71
Loja;Pindal;De 45-49;62
Loja;Pindal;De 50-54;48
Loja;Pindal;De 55-59;38
Loja;Pindal;De 60-64;47
Loja;Pindal;De 65-69;62
Loja;Pindal;De 70-74;45
Loja;Pindal;De 75-79;22
Loja;Pindal;De 80-84;21
Loja;Pindal;85 o más;19
Loja;Pindal;Total 12 de Diciembre;2.060
Loja;Pindal;De 0-4;189
Loja;Pindal;De 5-9;168
Loja;Pindal;De 10-14;185
Loja;Pindal;De 15-19;226
Loja;Pindal;De 20-24;181
Loja;Pindal;De 25-29;160
Loja;Pindal;De 30-34;122
Loja;Pindal;De 35-39;115
Loja;Pindal;De 40-44;110
Loja;Pindal;De 45-49;118
Loja;Pindal;De 50-54;80
Loja;Pindal;De 55-59;68
Loja;Pindal;De 60-64;70
Loja;Pindal;De 65-69;80
Loja;Pindal;De 70-74;63
Loja;Pindal;De 75-79;61
Loja;Pindal;De 80-84;28
Loja;Pindal;85 o más;36
Loja;Pindal;Total Milagros;2.961
Loja;Pindal;De 0-4;264
Loja;Pindal;De 5-9;261
Loja;Pindal;De 10-14;311
Loja;Pindal;De 15-19;272
Loja;Pindal;De 20-24;282
Loja;Pindal;De 25-29;250
Loja;Pindal;De 30-34;232
Loja;Pindal;De 35-39;193
Loja;Pindal;De 40-44;180
Loja;Pindal;De 45-49;127
Loja;Pindal;De 50-54;112
Loja;Pindal;De 55-59;108
Loja;Pindal;De 60-64;101
Loja;Pindal;De 65-69;72
Loja;Pindal;De 70-74;75
Loja;Pindal;De 75-79;50
Loja;Pindal;De 80-84;37
Loja;Pindal;85 o más;34
Loja;Quilanga;Total Quilanga;3.971
Loja;Quilanga;De 0-4;221
Loja;Quilanga;De 5-9;228
Loja;Quilanga;De 10-14;355
Loja;Quilanga;De 15-19;345
Loja;Quilanga;De 20-24;265
Loja;Quilanga;De 25-29;234
Loja;Quilanga;De 30-34;211
Loja;Quilanga;De 35-39;212
Loja;Quilanga;De 40-44;186
Loja;Quilanga;De 45-49;213
Loja;Quilanga;De 50-54;229
Loja;Quilanga;De 55-59;217
Loja;Quilanga;De 60-64;219
Loja;Quilanga;De 65-69;217
Loja;Quilanga;De 70-74;166
Loja;Quilanga;De 75-79;180
Loja;Quilanga;De 80-84;118
Loja;Quilanga;85 o más;155
Loja;Quilanga;Total Quilanga;2.559
Loja;Quilanga;De 0-4;136
Loja;Quilanga;De 5-9;144
Loja;Quilanga;De 10-14;236
Loja;Quilanga;De 15-19;219
Loja;Quilanga;De 20-24;165
Loja;Quilanga;De 25-29;156
Loja;Quilanga;De 30-34;130
Loja;Quilanga;De 35-39;136
Loja;Quilanga;De 40-44;119
Loja;Quilanga;De 45-49;149
Loja;Quilanga;De 50-54;154
Loja;Quilanga;De 55-59;141
Loja;Quilanga;De 60-64;134
Loja;Quilanga;De 65-69;130
Loja;Quilanga;De 70-74;99
Loja;Quilanga;De 75-79;122
Loja;Quilanga;De 80-84;79
Loja;Quilanga;85 o más;110
Loja;Quilanga;Total Fundochamba;293
Loja;Quilanga;De 0-4;16
Loja;Quilanga;De 5-9;16
Loja;Quilanga;De 10-14;21
Loja;Quilanga;De 15-19;20
Loja;Quilanga;De 20-24;15
Loja;Quilanga;De 25-29;16
Loja;Quilanga;De 30-34;23
Loja;Quilanga;De 35-39;15
Loja;Quilanga;De 40-44;7
Loja;Quilanga;De 45-49;8
Loja;Quilanga;De 50-54;17
Loja;Quilanga;De 55-59;18
Loja;Quilanga;De 60-64;21
Loja;Quilanga;De 65-69;25
Loja;Quilanga;De 70-74;18
Loja;Quilanga;De 75-79;16
Loja;Quilanga;De 80-84;9
Loja;Quilanga;85 o más;12
Loja;Quilanga;Total San Antonio de las Aradas;1.119
Loja;Quilanga;De 0-4;69
Loja;Quilanga;De 5-9;68
Loja;Quilanga;De 10-14;98
Loja;Quilanga;De 15-19;106
Loja;Quilanga;De 20-24;85
Loja;Quilanga;De 25-29;62
Loja;Quilanga;De 30-34;58
Loja;Quilanga;De 35-39;61
Loja;Quilanga;De 40-44;60
Loja;Quilanga;De 45-49;56
Loja;Quilanga;De 50-54;58
Loja;Quilanga;De 55-59;58
Loja;Quilanga;De 60-64;64
Loja;Quilanga;De 65-69;62
Loja;Quilanga;De 70-74;49
Loja;Quilanga;De 75-79;42
Loja;Quilanga;De 80-84;30
Loja;Quilanga;85 o más;33
Loja;Olmedo;Total Olmedo;4.164
Loja;Olmedo;De 0-4;265
Loja;Olmedo;De 5-9;263
Loja;Olmedo;De 10-14;329
Loja;Olmedo;De 15-19;381
Loja;Olmedo;De 20-24;329
Loja;Olmedo;De 25-29;268
Loja;Olmedo;De 30-34;245
Loja;Olmedo;De 35-39;191
Loja;Olmedo;De 40-44;176
Loja;Olmedo;De 45-49;194
Loja;Olmedo;De 50-54;218
Loja;Olmedo;De 55-59;201
Loja;Olmedo;De 60-64;223
Loja;Olmedo;De 65-69;220
Loja;Olmedo;De 70-74;203
Loja;Olmedo;De 75-79;182
Loja;Olmedo;De 80-84;152
Loja;Olmedo;85 o más;124
Loja;Olmedo;Total Olmedo;3.702
Loja;Olmedo;De 0-4;240
Loja;Olmedo;De 5-9;237
Loja;Olmedo;De 10-14;299
Loja;Olmedo;De 15-19;339
Loja;Olmedo;De 20-24;307
Loja;Olmedo;De 25-29;246
Loja;Olmedo;De 30-34;225
Loja;Olmedo;De 35-39;171
Loja;Olmedo;De 40-44;153
Loja;Olmedo;De 45-49;164
Loja;Olmedo;De 50-54;196
Loja;Olmedo;De 55-59;178
Loja;Olmedo;De 60-64;195
Loja;Olmedo;De 65-69;196
Loja;Olmedo;De 70-74;179
Loja;Olmedo;De 75-79;149
Loja;Olmedo;De 80-84;125
Loja;Olmedo;85 o más;103
Loja;Olmedo;Total La Tingue;462
Loja;Olmedo;De 0-4;25
Loja;Olmedo;De 5-9;26
Loja;Olmedo;De 10-14;30
Loja;Olmedo;De 15-19;42
Loja;Olmedo;De 20-24;22
Loja;Olmedo;De 25-29;22
Loja;Olmedo;De 30-34;20
Loja;Olmedo;De 35-39;20
Loja;Olmedo;De 40-44;23
Loja;Olmedo;De 45-49;30
Loja;Olmedo;De 50-54;22
Loja;Olmedo;De 55-59;23
Loja;Olmedo;De 60-64;28
Loja;Olmedo;De 65-69;24
Loja;Olmedo;De 70-74;24
Loja;Olmedo;De 75-79;33
Loja;Olmedo;De 80-84;27
Loja;Olmedo;85 o más;21
Los Ríos;Total Los Ríos;Total Los Ríos;898.652
Los Ríos;Total Los Ríos;De 0-4;81.018
Los Ríos;Total Los Ríos;De 5-9;78.284
Los Ríos;Total Los Ríos;De 10-14;92.411
Los Ríos;Total Los Ríos;De 15-19;85.055
Los Ríos;Total Los Ríos;De 20-24;82.498
Los Ríos;Total Los Ríos;De 25-29;68.205
Los Ríos;Total Los Ríos;De 30-34;60.529
Los Ríos;Total Los Ríos;De 35-39;56.634
Los Ríos;Total Los Ríos;De 40-44;55.951
Los Ríos;Total Los Ríos;De 45-49;49.132
Los Ríos;Total Los Ríos;De 50-54;44.817
Los Ríos;Total Los Ríos;De 55-59;38.604
Los Ríos;Total Los Ríos;De 60-64;31.933
Los Ríos;Total Los Ríos;De 65-69;25.746
Los Ríos;Total Los Ríos;De 70-74;18.673
Los Ríos;Total Los Ríos;De 75-79;13.069
Los Ríos;Total Los Ríos;De 80-84;8.425
Los Ríos;Total Los Ríos;85 o más;7.668
Los Ríos;Babahoyo;Total Babahoyo;178.509
Los Ríos;Babahoyo;De 0-4;15.249
Los Ríos;Babahoyo;De 5-9;15.223
Los Ríos;Babahoyo;De 10-14;17.131
Los Ríos;Babahoyo;De 15-19;15.977
Los Ríos;Babahoyo;De 20-24;16.360
Los Ríos;Babahoyo;De 25-29;13.919
Los Ríos;Babahoyo;De 30-34;12.027
Los Ríos;Babahoyo;De 35-39;11.578
Los Ríos;Babahoyo;De 40-44;11.750
Los Ríos;Babahoyo;De 45-49;10.107
Los Ríos;Babahoyo;De 50-54;9.393
Los Ríos;Babahoyo;De 55-59;8.077
Los Ríos;Babahoyo;De 60-64;6.763
Los Ríos;Babahoyo;De 65-69;5.564
Los Ríos;Babahoyo;De 70-74;3.777
Los Ríos;Babahoyo;De 75-79;2.531
Los Ríos;Babahoyo;De 80-84;1.560
Los Ríos;Babahoyo;85 o más;1.523
Los Ríos;Babahoyo;Total Babahoyo;112.033
Los Ríos;Babahoyo;De 0-4;9.015
Los Ríos;Babahoyo;De 5-9;9.309
Los Ríos;Babahoyo;De 10-14;10.416
Los Ríos;Babahoyo;De 15-19;9.555
Los Ríos;Babahoyo;De 20-24;10.133
Los Ríos;Babahoyo;De 25-29;8.816
Los Ríos;Babahoyo;De 30-34;7.744
Los Ríos;Babahoyo;De 35-39;7.383
Los Ríos;Babahoyo;De 40-44;7.609
Los Ríos;Babahoyo;De 45-49;6.481
Los Ríos;Babahoyo;De 50-54;6.046
Los Ríos;Babahoyo;De 55-59;5.345
Los Ríos;Babahoyo;De 60-64;4.554
Los Ríos;Babahoyo;De 65-69;3.629
Los Ríos;Babahoyo;De 70-74;2.450
Los Ríos;Babahoyo;De 75-79;1.625
Los Ríos;Babahoyo;De 80-84;987
Los Ríos;Babahoyo;85 o más;936
Los Ríos;Babahoyo;Total Caracol;5.226
Los Ríos;Babahoyo;De 0-4;565
Los Ríos;Babahoyo;De 5-9;462
Los Ríos;Babahoyo;De 10-14;539
Los Ríos;Babahoyo;De 15-19;556
Los Ríos;Babahoyo;De 20-24;526
Los Ríos;Babahoyo;De 25-29;420
Los Ríos;Babahoyo;De 30-34;330
Los Ríos;Babahoyo;De 35-39;332
Los Ríos;Babahoyo;De 40-44;320
Los Ríos;Babahoyo;De 45-49;245
Los Ríos;Babahoyo;De 50-54;229
Los Ríos;Babahoyo;De 55-59;194
Los Ríos;Babahoyo;De 60-64;154
Los Ríos;Babahoyo;De 65-69;126
Los Ríos;Babahoyo;De 70-74;99
Los Ríos;Babahoyo;De 75-79;52
Los Ríos;Babahoyo;De 80-84;43
Los Ríos;Babahoyo;85 o más;34
Los Ríos;Babahoyo;Total Febres Cordero;19.012
Los Ríos;Babahoyo;De 0-4;1.615
Los Ríos;Babahoyo;De 5-9;1.612
Los Ríos;Babahoyo;De 10-14;1.783
Los Ríos;Babahoyo;De 15-19;1.792
Los Ríos;Babahoyo;De 20-24;1.788
Los Ríos;Babahoyo;De 25-29;1.444
Los Ríos;Babahoyo;De 30-34;1.148
Los Ríos;Babahoyo;De 35-39;1.184
Los Ríos;Babahoyo;De 40-44;1.187
Los Ríos;Babahoyo;De 45-49;1.114
Los Ríos;Babahoyo;De 50-54;1.042
Los Ríos;Babahoyo;De 55-59;831
Los Ríos;Babahoyo;De 60-64;699
Los Ríos;Babahoyo;De 65-69;621
Los Ríos;Babahoyo;De 70-74;413
Los Ríos;Babahoyo;De 75-79;332
Los Ríos;Babahoyo;De 80-84;194
Los Ríos;Babahoyo;85 o más;213
Los Ríos;Babahoyo;Total Pimocha;28.145
Los Ríos;Babahoyo;De 0-4;2.862
Los Ríos;Babahoyo;De 5-9;2.684
Los Ríos;Babahoyo;De 10-14;3.017
Los Ríos;Babahoyo;De 15-19;2.758
Los Ríos;Babahoyo;De 20-24;2.603
Los Ríos;Babahoyo;De 25-29;2.118
Los Ríos;Babahoyo;De 30-34;1.906
Los Ríos;Babahoyo;De 35-39;1.882
Los Ríos;Babahoyo;De 40-44;1.740
Los Ríos;Babahoyo;De 45-49;1.421
Los Ríos;Babahoyo;De 50-54;1.259
Los Ríos;Babahoyo;De 55-59;1.044
Los Ríos;Babahoyo;De 60-64;849
Los Ríos;Babahoyo;De 65-69;732
Los Ríos;Babahoyo;De 70-74;520
Los Ríos;Babahoyo;De 75-79;332
Los Ríos;Babahoyo;De 80-84;201
Los Ríos;Babahoyo;85 o más;217
Los Ríos;Babahoyo;Total La Unión;14.093
Los Ríos;Babahoyo;De 0-4;1.192
Los Ríos;Babahoyo;De 5-9;1.156
Los Ríos;Babahoyo;De 10-14;1.376
Los Ríos;Babahoyo;De 15-19;1.316
Los Ríos;Babahoyo;De 20-24;1.310
Los Ríos;Babahoyo;De 25-29;1.121
Los Ríos;Babahoyo;De 30-34;899
Los Ríos;Babahoyo;De 35-39;797
Los Ríos;Babahoyo;De 40-44;894
Los Ríos;Babahoyo;De 45-49;846
Los Ríos;Babahoyo;De 50-54;817
Los Ríos;Babahoyo;De 55-59;663
Los Ríos;Babahoyo;De 60-64;507
Los Ríos;Babahoyo;De 65-69;456
Los Ríos;Babahoyo;De 70-74;295
Los Ríos;Babahoyo;De 75-79;190
Los Ríos;Babahoyo;De 80-84;135
Los Ríos;Babahoyo;85 o más;123
Los Ríos;Baba;Total Baba;45.296
Los Ríos;Baba;De 0-4;4.224
Los Ríos;Baba;De 5-9;3.923
Los Ríos;Baba;De 10-14;4.634
Los Ríos;Baba;De 15-19;4.278
Los Ríos;Baba;De 20-24;4.093
Los Ríos;Baba;De 25-29;3.418
Los Ríos;Baba;De 30-34;3.108
Los Ríos;Baba;De 35-39;2.767
Los Ríos;Baba;De 40-44;2.782
Los Ríos;Baba;De 45-49;2.424
Los Ríos;Baba;De 50-54;2.244
Los Ríos;Baba;De 55-59;1.982
Los Ríos;Baba;De 60-64;1.597
Los Ríos;Baba;De 65-69;1.302
Los Ríos;Baba;De 70-74;931
Los Ríos;Baba;De 75-79;740
Los Ríos;Baba;De 80-84;413
Los Ríos;Baba;85 o más;436
Los Ríos;Baba;Total Baba;21.574
Los Ríos;Baba;De 0-4;2.092
Los Ríos;Baba;De 5-9;1.904
Los Ríos;Baba;De 10-14;2.177
Los Ríos;Baba;De 15-19;1.988
Los Ríos;Baba;De 20-24;2.054
Los Ríos;Baba;De 25-29;1.678
Los Ríos;Baba;De 30-34;1.462
Los Ríos;Baba;De 35-39;1.296
Los Ríos;Baba;De 40-44;1.266
Los Ríos;Baba;De 45-49;1.123
Los Ríos;Baba;De 50-54;1.096
Los Ríos;Baba;De 55-59;962
Los Ríos;Baba;De 60-64;754
Los Ríos;Baba;De 65-69;592
Los Ríos;Baba;De 70-74;435
Los Ríos;Baba;De 75-79;331
Los Ríos;Baba;De 80-84;172
Los Ríos;Baba;85 o más;192
Los Ríos;Baba;Total Guare;13.581
Los Ríos;Baba;De 0-4;1.240
Los Ríos;Baba;De 5-9;1.177
Los Ríos;Baba;De 10-14;1.375
Los Ríos;Baba;De 15-19;1.342
Los Ríos;Baba;De 20-24;1.167
Los Ríos;Baba;De 25-29;982
Los Ríos;Baba;De 30-34;885
Los Ríos;Baba;De 35-39;805
Los Ríos;Baba;De 40-44;879
Los Ríos;Baba;De 45-49;740
Los Ríos;Baba;De 50-54;637
Los Ríos;Baba;De 55-59;569
Los Ríos;Baba;De 60-64;505
Los Ríos;Baba;De 65-69;448
Los Ríos;Baba;De 70-74;289
Los Ríos;Baba;De 75-79;254
Los Ríos;Baba;De 80-84;136
Los Ríos;Baba;85 o más;151
Los Ríos;Baba;Total Isla de Bejucal;10.141
Los Ríos;Baba;De 0-4;892
Los Ríos;Baba;De 5-9;842
Los Ríos;Baba;De 10-14;1.082
Los Ríos;Baba;De 15-19;948
Los Ríos;Baba;De 20-24;872
Los Ríos;Baba;De 25-29;758
Los Ríos;Baba;De 30-34;761
Los Ríos;Baba;De 35-39;666
Los Ríos;Baba;De 40-44;637
Los Ríos;Baba;De 45-49;561
Los Ríos;Baba;De 50-54;511
Los Ríos;Baba;De 55-59;451
Los Ríos;Baba;De 60-64;338
Los Ríos;Baba;De 65-69;262
Los Ríos;Baba;De 70-74;207
Los Ríos;Baba;De 75-79;155
Los Ríos;Baba;De 80-84;105
Los Ríos;Baba;85 o más;93
Los Ríos;Montalvo;Total Montalvo;28.354
Los Ríos;Montalvo;De 0-4;2.201
Los Ríos;Montalvo;De 5-9;2.229
Los Ríos;Montalvo;De 10-14;2.667
Los Ríos;Montalvo;De 15-19;2.551
Los Ríos;Montalvo;De 20-24;2.632
Los Ríos;Montalvo;De 25-29;2.101
Los Ríos;Montalvo;De 30-34;1.871
Los Ríos;Montalvo;De 35-39;1.914
Los Ríos;Montalvo;De 40-44;1.853
Los Ríos;Montalvo;De 45-49;1.678
Los Ríos;Montalvo;De 50-54;1.499
Los Ríos;Montalvo;De 55-59;1.310
Los Ríos;Montalvo;De 60-64;1.130
Los Ríos;Montalvo;De 65-69;853
Los Ríos;Montalvo;De 70-74;677
Los Ríos;Montalvo;De 75-79;499
Los Ríos;Montalvo;De 80-84;351
Los Ríos;Montalvo;85 o más;338
Los Ríos;Montalvo;Total Montalvo;25.875
Los Ríos;Montalvo;De 0-4;2.015
Los Ríos;Montalvo;De 5-9;2.062
Los Ríos;Montalvo;De 10-14;2.463
Los Ríos;Montalvo;De 15-19;2.331
Los Ríos;Montalvo;De 20-24;2.424
Los Ríos;Montalvo;De 25-29;1.918
Los Ríos;Montalvo;De 30-34;1.732
Los Ríos;Montalvo;De 35-39;1.769
Los Ríos;Montalvo;De 40-44;1.710
Los Ríos;Montalvo;De 45-49;1.535
Los Ríos;Montalvo;De 50-54;1.339
Los Ríos;Montalvo;De 55-59;1.192
Los Ríos;Montalvo;De 60-64;999
Los Ríos;Montalvo;De 65-69;753
Los Ríos;Montalvo;De 70-74;598
Los Ríos;Montalvo;De 75-79;436
Los Ríos;Montalvo;De 80-84;298
Los Ríos;Montalvo;85 o más;301
Los Ríos;Montalvo;Total La Esmeralda;2.479
Los Ríos;Montalvo;De 0-4;186
Los Ríos;Montalvo;De 5-9;167
Los Ríos;Montalvo;De 10-14;204
Los Ríos;Montalvo;De 15-19;220
Los Ríos;Montalvo;De 20-24;208
Los Ríos;Montalvo;De 25-29;183
Los Ríos;Montalvo;De 30-34;139
Los Ríos;Montalvo;De 35-39;145
Los Ríos;Montalvo;De 40-44;143
Los Ríos;Montalvo;De 45-49;143
Los Ríos;Montalvo;De 50-54;160
Los Ríos;Montalvo;De 55-59;118
Los Ríos;Montalvo;De 60-64;131
Los Ríos;Montalvo;De 65-69;100
Los Ríos;Montalvo;De 70-74;79
Los Ríos;Montalvo;De 75-79;63
Los Ríos;Montalvo;De 80-84;53
Los Ríos;Montalvo;85 o más;37
Los Ríos;Puebloviejo;Total Puebloviejo;40.961
Los Ríos;Puebloviejo;De 0-4;4.168
Los Ríos;Puebloviejo;De 5-9;3.698
Los Ríos;Puebloviejo;De 10-14;4.452
Los Ríos;Puebloviejo;De 15-19;3.859
Los Ríos;Puebloviejo;De 20-24;3.800
Los Ríos;Puebloviejo;De 25-29;3.141
Los Ríos;Puebloviejo;De 30-34;2.974
Los Ríos;Puebloviejo;De 35-39;2.566
Los Ríos;Puebloviejo;De 40-44;2.405
Los Ríos;Puebloviejo;De 45-49;2.194
Los Ríos;Puebloviejo;De 50-54;1.834
Los Ríos;Puebloviejo;De 55-59;1.654
Los Ríos;Puebloviejo;De 60-64;1.331
Los Ríos;Puebloviejo;De 65-69;1.032
Los Ríos;Puebloviejo;De 70-74;763
Los Ríos;Puebloviejo;De 75-79;509
Los Ríos;Puebloviejo;De 80-84;313
Los Ríos;Puebloviejo;85 o más;268
Los Ríos;Puebloviejo;Total Puebloviejo;14.972
Los Ríos;Puebloviejo;De 0-4;1.611
Los Ríos;Puebloviejo;De 5-9;1.337
Los Ríos;Puebloviejo;De 10-14;1.566
Los Ríos;Puebloviejo;De 15-19;1.404
Los Ríos;Puebloviejo;De 20-24;1.375
Los Ríos;Puebloviejo;De 25-29;1.140
Los Ríos;Puebloviejo;De 30-34;1.119
Los Ríos;Puebloviejo;De 35-39;940
Los Ríos;Puebloviejo;De 40-44;826
Los Ríos;Puebloviejo;De 45-49;787
Los Ríos;Puebloviejo;De 50-54;682
Los Ríos;Puebloviejo;De 55-59;606
Los Ríos;Puebloviejo;De 60-64;520
Los Ríos;Puebloviejo;De 65-69;362
Los Ríos;Puebloviejo;De 70-74;281
Los Ríos;Puebloviejo;De 75-79;191
Los Ríos;Puebloviejo;De 80-84;111
Los Ríos;Puebloviejo;85 o más;114
Los Ríos;Puebloviejo;Total Puerto Pechiche;5.221
Los Ríos;Puebloviejo;De 0-4;524
Los Ríos;Puebloviejo;De 5-9;465
Los Ríos;Puebloviejo;De 10-14;576
Los Ríos;Puebloviejo;De 15-19;525
Los Ríos;Puebloviejo;De 20-24;483
Los Ríos;Puebloviejo;De 25-29;390
Los Ríos;Puebloviejo;De 30-34;328
Los Ríos;Puebloviejo;De 35-39;311
Los Ríos;Puebloviejo;De 40-44;302
Los Ríos;Puebloviejo;De 45-49;297
Los Ríos;Puebloviejo;De 50-54;199
Los Ríos;Puebloviejo;De 55-59;201
Los Ríos;Puebloviejo;De 60-64;171
Los Ríos;Puebloviejo;De 65-69;157
Los Ríos;Puebloviejo;De 70-74;123
Los Ríos;Puebloviejo;De 75-79;70
Los Ríos;Puebloviejo;De 80-84;51
Los Ríos;Puebloviejo;85 o más;48
Los Ríos;Puebloviejo;Total San Juan;20.768
Los Ríos;Puebloviejo;De 0-4;2.033
Los Ríos;Puebloviejo;De 5-9;1.896
Los Ríos;Puebloviejo;De 10-14;2.310
Los Ríos;Puebloviejo;De 15-19;1.930
Los Ríos;Puebloviejo;De 20-24;1.942
Los Ríos;Puebloviejo;De 25-29;1.611
Los Ríos;Puebloviejo;De 30-34;1.527
Los Ríos;Puebloviejo;De 35-39;1.315
Los Ríos;Puebloviejo;De 40-44;1.277
Los Ríos;Puebloviejo;De 45-49;1.110
Los Ríos;Puebloviejo;De 50-54;953
Los Ríos;Puebloviejo;De 55-59;847
Los Ríos;Puebloviejo;De 60-64;640
Los Ríos;Puebloviejo;De 65-69;513
Los Ríos;Puebloviejo;De 70-74;359
Los Ríos;Puebloviejo;De 75-79;248
Los Ríos;Puebloviejo;De 80-84;151
Los Ríos;Puebloviejo;85 o más;106
Los Ríos;Quevedo;Total Quevedo;206.008
Los Ríos;Quevedo;De 0-4;18.062
Los Ríos;Quevedo;De 5-9;18.134
Los Ríos;Quevedo;De 10-14;21.605
Los Ríos;Quevedo;De 15-19;19.204
Los Ríos;Quevedo;De 20-24;18.830
Los Ríos;Quevedo;De 25-29;15.966
Los Ríos;Quevedo;De 30-34;14.492
Los Ríos;Quevedo;De 35-39;13.246
Los Ríos;Quevedo;De 40-44;13.010
Los Ríos;Quevedo;De 45-49;11.033
Los Ríos;Quevedo;De 50-54;10.286
Los Ríos;Quevedo;De 55-59;9.082
Los Ríos;Quevedo;De 60-64;7.323
Los Ríos;Quevedo;De 65-69;5.644
Los Ríos;Quevedo;De 70-74;3.955
Los Ríos;Quevedo;De 75-79;2.806
Los Ríos;Quevedo;De 80-84;1.753
Los Ríos;Quevedo;85 o más;1.577
Los Ríos;Quevedo;Total Quevedo;187.103
Los Ríos;Quevedo;De 0-4;16.312
Los Ríos;Quevedo;De 5-9;16.428
Los Ríos;Quevedo;De 10-14;19.519
Los Ríos;Quevedo;De 15-19;17.455
Los Ríos;Quevedo;De 20-24;17.138
Los Ríos;Quevedo;De 25-29;14.484
Los Ríos;Quevedo;De 30-34;13.211
Los Ríos;Quevedo;De 35-39;12.071
Los Ríos;Quevedo;De 40-44;11.844
Los Ríos;Quevedo;De 45-49;10.035
Los Ríos;Quevedo;De 50-54;9.370
Los Ríos;Quevedo;De 55-59;8.267
Los Ríos;Quevedo;De 60-64;6.707
Los Ríos;Quevedo;De 65-69;5.146
Los Ríos;Quevedo;De 70-74;3.579
Los Ríos;Quevedo;De 75-79;2.557
Los Ríos;Quevedo;De 80-84;1.583
Los Ríos;Quevedo;85 o más;1.397
Los Ríos;Quevedo;Total San Carlos;12.037
Los Ríos;Quevedo;De 0-4;1.043
Los Ríos;Quevedo;De 5-9;1.078
Los Ríos;Quevedo;De 10-14;1.302
Los Ríos;Quevedo;De 15-19;1.063
Los Ríos;Quevedo;De 20-24;1.109
Los Ríos;Quevedo;De 25-29;928
Los Ríos;Quevedo;De 30-34;819
Los Ríos;Quevedo;De 35-39;745
Los Ríos;Quevedo;De 40-44;744
Los Ríos;Quevedo;De 45-49;639
Los Ríos;Quevedo;De 50-54;621
Los Ríos;Quevedo;De 55-59;539
Los Ríos;Quevedo;De 60-64;418
Los Ríos;Quevedo;De 65-69;329
Los Ríos;Quevedo;De 70-74;256
Los Ríos;Quevedo;De 75-79;174
Los Ríos;Quevedo;De 80-84;115
Los Ríos;Quevedo;85 o más;115
Los Ríos;Quevedo;Total La Esperanza;6.868
Los Ríos;Quevedo;De 0-4;707
Los Ríos;Quevedo;De 5-9;628
Los Ríos;Quevedo;De 10-14;784
Los Ríos;Quevedo;De 15-19;686
Los Ríos;Quevedo;De 20-24;583
Los Ríos;Quevedo;De 25-29;554
Los Ríos;Quevedo;De 30-34;462
Los Ríos;Quevedo;De 35-39;430
Los Ríos;Quevedo;De 40-44;422
Los Ríos;Quevedo;De 45-49;359
Los Ríos;Quevedo;De 50-54;295
Los Ríos;Quevedo;De 55-59;276
Los Ríos;Quevedo;De 60-64;198
Los Ríos;Quevedo;De 65-69;169
Los Ríos;Quevedo;De 70-74;120
Los Ríos;Quevedo;De 75-79;75
Los Ríos;Quevedo;De 80-84;55
Los Ríos;Quevedo;85 o más;65
Los Ríos;Urdaneta;Total Urdaneta;33.151
Los Ríos;Urdaneta;De 0-4;3.093
Los Ríos;Urdaneta;De 5-9;2.683
Los Ríos;Urdaneta;De 10-14;3.345
Los Ríos;Urdaneta;De 15-19;3.097
Los Ríos;Urdaneta;De 20-24;2.893
Los Ríos;Urdaneta;De 25-29;2.355
Los Ríos;Urdaneta;De 30-34;2.064
Los Ríos;Urdaneta;De 35-39;1.973
Los Ríos;Urdaneta;De 40-44;1.965
Los Ríos;Urdaneta;De 45-49;1.863
Los Ríos;Urdaneta;De 50-54;1.670
Los Ríos;Urdaneta;De 55-59;1.450
Los Ríos;Urdaneta;De 60-64;1.324
Los Ríos;Urdaneta;De 65-69;1.100
Los Ríos;Urdaneta;De 70-74;860
Los Ríos;Urdaneta;De 75-79;624
Los Ríos;Urdaneta;De 80-84;405
Los Ríos;Urdaneta;85 o más;387
Los Ríos;Urdaneta;Total Catarama;9.680
Los Ríos;Urdaneta;De 0-4;902
Los Ríos;Urdaneta;De 5-9;768
Los Ríos;Urdaneta;De 10-14;974
Los Ríos;Urdaneta;De 15-19;937
Los Ríos;Urdaneta;De 20-24;850
Los Ríos;Urdaneta;De 25-29;731
Los Ríos;Urdaneta;De 30-34;583
Los Ríos;Urdaneta;De 35-39;582
Los Ríos;Urdaneta;De 40-44;612
Los Ríos;Urdaneta;De 45-49;573
Los Ríos;Urdaneta;De 50-54;498
Los Ríos;Urdaneta;De 55-59;418
Los Ríos;Urdaneta;De 60-64;359
Los Ríos;Urdaneta;De 65-69;300
Los Ríos;Urdaneta;De 70-74;237
Los Ríos;Urdaneta;De 75-79;145
Los Ríos;Urdaneta;De 80-84;115
Los Ríos;Urdaneta;85 o más;96
Los Ríos;Urdaneta;Total Ricaurte;23.471
Los Ríos;Urdaneta;De 0-4;2.191
Los Ríos;Urdaneta;De 5-9;1.915
Los Ríos;Urdaneta;De 10-14;2.371
Los Ríos;Urdaneta;De 15-19;2.160
Los Ríos;Urdaneta;De 20-24;2.043
Los Ríos;Urdaneta;De 25-29;1.624
Los Ríos;Urdaneta;De 30-34;1.481
Los Ríos;Urdaneta;De 35-39;1.391
Los Ríos;Urdaneta;De 40-44;1.353
Los Ríos;Urdaneta;De 45-49;1.290
Los Ríos;Urdaneta;De 50-54;1.172
Los Ríos;Urdaneta;De 55-59;1.032
Los Ríos;Urdaneta;De 60-64;965
Los Ríos;Urdaneta;De 65-69;800
Los Ríos;Urdaneta;De 70-74;623
Los Ríos;Urdaneta;De 75-79;479
Los Ríos;Urdaneta;De 80-84;290
Los Ríos;Urdaneta;85 o más;291
Los Ríos;Ventanas;Total Ventanas;73.211
Los Ríos;Ventanas;De 0-4;6.701
Los Ríos;Ventanas;De 5-9;6.157
Los Ríos;Ventanas;De 10-14;7.625
Los Ríos;Ventanas;De 15-19;7.272
Los Ríos;Ventanas;De 20-24;6.878
Los Ríos;Ventanas;De 25-29;5.533
Los Ríos;Ventanas;De 30-34;4.762
Los Ríos;Ventanas;De 35-39;4.257
Los Ríos;Ventanas;De 40-44;4.512
Los Ríos;Ventanas;De 45-49;4.126
Los Ríos;Ventanas;De 50-54;3.641
Los Ríos;Ventanas;De 55-59;3.126
Los Ríos;Ventanas;De 60-64;2.513
Los Ríos;Ventanas;De 65-69;2.212
Los Ríos;Ventanas;De 70-74;1.574
Los Ríos;Ventanas;De 75-79;1.019
Los Ríos;Ventanas;De 80-84;693
Los Ríos;Ventanas;85 o más;610
Los Ríos;Ventanas;Total Ventanas;49.009
Los Ríos;Ventanas;De 0-4;4.562
Los Ríos;Ventanas;De 5-9;4.231
Los Ríos;Ventanas;De 10-14;5.092
Los Ríos;Ventanas;De 15-19;4.846
Los Ríos;Ventanas;De 20-24;4.685
Los Ríos;Ventanas;De 25-29;3.822
Los Ríos;Ventanas;De 30-34;3.208
Los Ríos;Ventanas;De 35-39;2.878
Los Ríos;Ventanas;De 40-44;3.047
Los Ríos;Ventanas;De 45-49;2.778
Los Ríos;Ventanas;De 50-54;2.431
Los Ríos;Ventanas;De 55-59;2.072
Los Ríos;Ventanas;De 60-64;1.619
Los Ríos;Ventanas;De 65-69;1.416
Los Ríos;Ventanas;De 70-74;978
Los Ríos;Ventanas;De 75-79;604
Los Ríos;Ventanas;De 80-84;405
Los Ríos;Ventanas;85 o más;335
Los Ríos;Ventanas;Total Zapotal;18.368
Los Ríos;Ventanas;De 0-4;1.619
Los Ríos;Ventanas;De 5-9;1.438
Los Ríos;Ventanas;De 10-14;1.928
Los Ríos;Ventanas;De 15-19;1.823
Los Ríos;Ventanas;De 20-24;1.715
Los Ríos;Ventanas;De 25-29;1.301
Los Ríos;Ventanas;De 30-34;1.165
Los Ríos;Ventanas;De 35-39;1.045
Los Ríos;Ventanas;De 40-44;1.139
Los Ríos;Ventanas;De 45-49;1.028
Los Ríos;Ventanas;De 50-54;921
Los Ríos;Ventanas;De 55-59;814
Los Ríos;Ventanas;De 60-64;670
Los Ríos;Ventanas;De 65-69;596
Los Ríos;Ventanas;De 70-74;444
Los Ríos;Ventanas;De 75-79;300
Los Ríos;Ventanas;De 80-84;210
Los Ríos;Ventanas;85 o más;212
Los Ríos;Ventanas;Total Chacarita;3.101
Los Ríos;Ventanas;De 0-4;256
Los Ríos;Ventanas;De 5-9;243
Los Ríos;Ventanas;De 10-14;328
Los Ríos;Ventanas;De 15-19;332
Los Ríos;Ventanas;De 20-24;249
Los Ríos;Ventanas;De 25-29;225
Los Ríos;Ventanas;De 30-34;199
Los Ríos;Ventanas;De 35-39;185
Los Ríos;Ventanas;De 40-44;170
Los Ríos;Ventanas;De 45-49;162
Los Ríos;Ventanas;De 50-54;151
Los Ríos;Ventanas;De 55-59;148
Los Ríos;Ventanas;De 60-64;124
Los Ríos;Ventanas;De 65-69;106
Los Ríos;Ventanas;De 70-74;79
Los Ríos;Ventanas;De 75-79;69
Los Ríos;Ventanas;De 80-84;41
Los Ríos;Ventanas;85 o más;34
Los Ríos;Ventanas;Total Los Ángeles;2.733
Los Ríos;Ventanas;De 0-4;264
Los Ríos;Ventanas;De 5-9;245
Los Ríos;Ventanas;De 10-14;277
Los Ríos;Ventanas;De 15-19;271
Los Ríos;Ventanas;De 20-24;229
Los Ríos;Ventanas;De 25-29;185
Los Ríos;Ventanas;De 30-34;190
Los Ríos;Ventanas;De 35-39;149
Los Ríos;Ventanas;De 40-44;156
Los Ríos;Ventanas;De 45-49;158
Los Ríos;Ventanas;De 50-54;138
Los Ríos;Ventanas;De 55-59;92
Los Ríos;Ventanas;De 60-64;100
Los Ríos;Ventanas;De 65-69;94
Los Ríos;Ventanas;De 70-74;73
Los Ríos;Ventanas;De 75-79;46
Los Ríos;Ventanas;De 80-84;37
Los Ríos;Ventanas;85 o más;29
Los Ríos;Vinces;Total Vinces;80.909
Los Ríos;Vinces;De 0-4;7.015
Los Ríos;Vinces;De 5-9;6.800
Los Ríos;Vinces;De 10-14;7.898
Los Ríos;Vinces;De 15-19;7.557
Los Ríos;Vinces;De 20-24;7.320
Los Ríos;Vinces;De 25-29;5.672
Los Ríos;Vinces;De 30-34;5.123
Los Ríos;Vinces;De 35-39;5.128
Los Ríos;Vinces;De 40-44;5.155
Los Ríos;Vinces;De 45-49;4.505
Los Ríos;Vinces;De 50-54;4.126
Los Ríos;Vinces;De 55-59;3.500
Los Ríos;Vinces;De 60-64;3.184
Los Ríos;Vinces;De 65-69;2.661
Los Ríos;Vinces;De 70-74;1.942
Los Ríos;Vinces;De 75-79;1.465
Los Ríos;Vinces;De 80-84;984
Los Ríos;Vinces;85 o más;874
Los Ríos;Vinces;Total Vinces;63.527
Los Ríos;Vinces;De 0-4;5.691
Los Ríos;Vinces;De 5-9;5.498
Los Ríos;Vinces;De 10-14;6.213
Los Ríos;Vinces;De 15-19;5.933
Los Ríos;Vinces;De 20-24;5.902
Los Ríos;Vinces;De 25-29;4.566
Los Ríos;Vinces;De 30-34;4.103
Los Ríos;Vinces;De 35-39;4.091
Los Ríos;Vinces;De 40-44;4.077
Los Ríos;Vinces;De 45-49;3.477
Los Ríos;Vinces;De 50-54;3.165
Los Ríos;Vinces;De 55-59;2.659
Los Ríos;Vinces;De 60-64;2.400
Los Ríos;Vinces;De 65-69;1.968
Los Ríos;Vinces;De 70-74;1.447
Los Ríos;Vinces;De 75-79;1.046
Los Ríos;Vinces;De 80-84;695
Los Ríos;Vinces;85 o más;596
Los Ríos;Vinces;Total Antonio Sotomayor;17.382
Los Ríos;Vinces;De 0-4;1.324
Los Ríos;Vinces;De 5-9;1.302
Los Ríos;Vinces;De 10-14;1.685
Los Ríos;Vinces;De 15-19;1.624
Los Ríos;Vinces;De 20-24;1.418
Los Ríos;Vinces;De 25-29;1.106
Los Ríos;Vinces;De 30-34;1.020
Los Ríos;Vinces;De 35-39;1.037
Los Ríos;Vinces;De 40-44;1.078
Los Ríos;Vinces;De 45-49;1.028
Los Ríos;Vinces;De 50-54;961
Los Ríos;Vinces;De 55-59;841
Los Ríos;Vinces;De 60-64;784
Los Ríos;Vinces;De 65-69;693
Los Ríos;Vinces;De 70-74;495
Los Ríos;Vinces;De 75-79;419
Los Ríos;Vinces;De 80-84;289
Los Ríos;Vinces;85 o más;278
Los Ríos;Palenque;Total Palenque;24.838
Los Ríos;Palenque;De 0-4;2.262
Los Ríos;Palenque;De 5-9;2.167
Los Ríos;Palenque;De 10-14;2.674
Los Ríos;Palenque;De 15-19;2.438
Los Ríos;Palenque;De 20-24;2.038
Los Ríos;Palenque;De 25-29;1.724
Los Ríos;Palenque;De 30-34;1.563
Los Ríos;Palenque;De 35-39;1.494
Los Ríos;Palenque;De 40-44;1.438
Los Ríos;Palenque;De 45-49;1.374
Los Ríos;Palenque;De 50-54;1.311
Los Ríos;Palenque;De 55-59;1.111
Los Ríos;Palenque;De 60-64;904
Los Ríos;Palenque;De 65-69;700
Los Ríos;Palenque;De 70-74;618
Los Ríos;Palenque;De 75-79;432
Los Ríos;Palenque;De 80-84;319
Los Ríos;Palenque;85 o más;271
Los Ríos;Palenque;Total Palenque;24.838
Los Ríos;Palenque;De 0-4;2.262
Los Ríos;Palenque;De 5-9;2.167
Los Ríos;Palenque;De 10-14;2.674
Los Ríos;Palenque;De 15-19;2.438
Los Ríos;Palenque;De 20-24;2.038
Los Ríos;Palenque;De 25-29;1.724
Los Ríos;Palenque;De 30-34;1.563
Los Ríos;Palenque;De 35-39;1.494
Los Ríos;Palenque;De 40-44;1.438
Los Ríos;Palenque;De 45-49;1.374
Los Ríos;Palenque;De 50-54;1.311
Los Ríos;Palenque;De 55-59;1.111
Los Ríos;Palenque;De 60-64;904
Los Ríos;Palenque;De 65-69;700
Los Ríos;Palenque;De 70-74;618
Los Ríos;Palenque;De 75-79;432
Los Ríos;Palenque;De 80-84;319
Los Ríos;Palenque;85 o más;271
Los Ríos;Buena Fe;Total Buena Fe;74.410
Los Ríos;Buena Fe;De 0-4;7.351
Los Ríos;Buena Fe;De 5-9;7.472
Los Ríos;Buena Fe;De 10-14;8.268
Los Ríos;Buena Fe;De 15-19;7.498
Los Ríos;Buena Fe;De 20-24;7.282
Los Ríos;Buena Fe;De 25-29;5.804
Los Ríos;Buena Fe;De 30-34;5.013
Los Ríos;Buena Fe;De 35-39;4.666
Los Ríos;Buena Fe;De 40-44;4.428
Los Ríos;Buena Fe;De 45-49;3.849
Los Ríos;Buena Fe;De 50-54;3.336
Los Ríos;Buena Fe;De 55-59;2.754
Los Ríos;Buena Fe;De 60-64;2.061
Los Ríos;Buena Fe;De 65-69;1.598
Los Ríos;Buena Fe;De 70-74;1.197
Los Ríos;Buena Fe;De 75-79;849
Los Ríos;Buena Fe;De 80-84;548
Los Ríos;Buena Fe;85 o más;436
Los Ríos;Buena Fe;Total San Jacinto de Buena Fe;59.559
Los Ríos;Buena Fe;De 0-4;5.730
Los Ríos;Buena Fe;De 5-9;5.891
Los Ríos;Buena Fe;De 10-14;6.569
Los Ríos;Buena Fe;De 15-19;5.953
Los Ríos;Buena Fe;De 20-24;5.869
Los Ríos;Buena Fe;De 25-29;4.661
Los Ríos;Buena Fe;De 30-34;3.986
Los Ríos;Buena Fe;De 35-39;3.750
Los Ríos;Buena Fe;De 40-44;3.568
Los Ríos;Buena Fe;De 45-49;3.110
Los Ríos;Buena Fe;De 50-54;2.748
Los Ríos;Buena Fe;De 55-59;2.254
Los Ríos;Buena Fe;De 60-64;1.707
Los Ríos;Buena Fe;De 65-69;1.302
Los Ríos;Buena Fe;De 70-74;977
Los Ríos;Buena Fe;De 75-79;687
Los Ríos;Buena Fe;De 80-84;436
Los Ríos;Buena Fe;85 o más;361
Los Ríos;Buena Fe;Total Patricia Pilar;14.851
Los Ríos;Buena Fe;De 0-4;1.621
Los Ríos;Buena Fe;De 5-9;1.581
Los Ríos;Buena Fe;De 10-14;1.699
Los Ríos;Buena Fe;De 15-19;1.545
Los Ríos;Buena Fe;De 20-24;1.413
Los Ríos;Buena Fe;De 25-29;1.143
Los Ríos;Buena Fe;De 30-34;1.027
Los Ríos;Buena Fe;De 35-39;916
Los Ríos;Buena Fe;De 40-44;860
Los Ríos;Buena Fe;De 45-49;739
Los Ríos;Buena Fe;De 50-54;588
Los Ríos;Buena Fe;De 55-59;500
Los Ríos;Buena Fe;De 60-64;354
Los Ríos;Buena Fe;De 65-69;296
Los Ríos;Buena Fe;De 70-74;220
Los Ríos;Buena Fe;De 75-79;162
Los Ríos;Buena Fe;De 80-84;112
Los Ríos;Buena Fe;85 o más;75
Los Ríos;Valencia;Total Valencia;51.509
Los Ríos;Valencia;De 0-4;5.308
Los Ríos;Valencia;De 5-9;4.646
Los Ríos;Valencia;De 10-14;5.722
Los Ríos;Valencia;De 15-19;5.222
Los Ríos;Valencia;De 20-24;4.868
Los Ríos;Valencia;De 25-29;3.991
Los Ríos;Valencia;De 30-34;3.560
Los Ríos;Valencia;De 35-39;3.330
Los Ríos;Valencia;De 40-44;3.021
Los Ríos;Valencia;De 45-49;2.617
Los Ríos;Valencia;De 50-54;2.328
Los Ríos;Valencia;De 55-59;1.919
Los Ríos;Valencia;De 60-64;1.528
Los Ríos;Valencia;De 65-69;1.208
Los Ríos;Valencia;De 70-74;921
Los Ríos;Valencia;De 75-79;603
Los Ríos;Valencia;De 80-84;378
Los Ríos;Valencia;85 o más;339
Los Ríos;Valencia;Total Valencia;51.509
Los Ríos;Valencia;De 0-4;5.308
Los Ríos;Valencia;De 5-9;4.646
Los Ríos;Valencia;De 10-14;5.722
Los Ríos;Valencia;De 15-19;5.222
Los Ríos;Valencia;De 20-24;4.868
Los Ríos;Valencia;De 25-29;3.991
Los Ríos;Valencia;De 30-34;3.560
Los Ríos;Valencia;De 35-39;3.330
Los Ríos;Valencia;De 40-44;3.021
Los Ríos;Valencia;De 45-49;2.617
Los Ríos;Valencia;De 50-54;2.328
Los Ríos;Valencia;De 55-59;1.919
Los Ríos;Valencia;De 60-64;1.528
Los Ríos;Valencia;De 65-69;1.208
Los Ríos;Valencia;De 70-74;921
Los Ríos;Valencia;De 75-79;603
Los Ríos;Valencia;De 80-84;378
Los Ríos;Valencia;85 o más;339
Los Ríos;Mocache;Total Mocache;42.026
Los Ríos;Mocache;De 0-4;3.622
Los Ríos;Mocache;De 5-9;3.459
Los Ríos;Mocache;De 10-14;4.406
Los Ríos;Mocache;De 15-19;4.204
Los Ríos;Mocache;De 20-24;3.641
Los Ríos;Mocache;De 25-29;3.052
Los Ríos;Mocache;De 30-34;2.689
Los Ríos;Mocache;De 35-39;2.479
Los Ríos;Mocache;De 40-44;2.487
Los Ríos;Mocache;De 45-49;2.239
Los Ríos;Mocache;De 50-54;2.179
Los Ríos;Mocache;De 55-59;1.881
Los Ríos;Mocache;De 60-64;1.633
Los Ríos;Mocache;De 65-69;1.365
Los Ríos;Mocache;De 70-74;1.052
Los Ríos;Mocache;De 75-79;719
Los Ríos;Mocache;De 80-84;511
Los Ríos;Mocache;85 o más;408
Los Ríos;Mocache;Total Mocache;42.026
Los Ríos;Mocache;De 0-4;3.622
Los Ríos;Mocache;De 5-9;3.459
Los Ríos;Mocache;De 10-14;4.406
Los Ríos;Mocache;De 15-19;4.204
Los Ríos;Mocache;De 20-24;3.641
Los Ríos;Mocache;De 25-29;3.052
Los Ríos;Mocache;De 30-34;2.689
Los Ríos;Mocache;De 35-39;2.479
Los Ríos;Mocache;De 40-44;2.487
Los Ríos;Mocache;De 45-49;2.239
Los Ríos;Mocache;De 50-54;2.179
Los Ríos;Mocache;De 55-59;1.881
Los Ríos;Mocache;De 60-64;1.633
Los Ríos;Mocache;De 65-69;1.365
Los Ríos;Mocache;De 70-74;1.052
Los Ríos;Mocache;De 75-79;719
Los Ríos;Mocache;De 80-84;511
Los Ríos;Mocache;85 o más;408
Los Ríos;Quinsaloma;Total Quinsaloma;19.470
Los Ríos;Quinsaloma;De 0-4;1.762
Los Ríos;Quinsaloma;De 5-9;1.693
Los Ríos;Quinsaloma;De 10-14;1.984
Los Ríos;Quinsaloma;De 15-19;1.898
Los Ríos;Quinsaloma;De 20-24;1.863
Los Ríos;Quinsaloma;De 25-29;1.529
Los Ríos;Quinsaloma;De 30-34;1.283
Los Ríos;Quinsaloma;De 35-39;1.236
Los Ríos;Quinsaloma;De 40-44;1.145
Los Ríos;Quinsaloma;De 45-49;1.123
Los Ríos;Quinsaloma;De 50-54;970
Los Ríos;Quinsaloma;De 55-59;758
Los Ríos;Quinsaloma;De 60-64;642
Los Ríos;Quinsaloma;De 65-69;507
Los Ríos;Quinsaloma;De 70-74;406
Los Ríos;Quinsaloma;De 75-79;273
Los Ríos;Quinsaloma;De 80-84;197
Los Ríos;Quinsaloma;85 o más;201
Los Ríos;Quinsaloma;Total Quinsaloma;19.470
Los Ríos;Quinsaloma;De 0-4;1.762
Los Ríos;Quinsaloma;De 5-9;1.693
Los Ríos;Quinsaloma;De 10-14;1.984
Los Ríos;Quinsaloma;De 15-19;1.898
Los Ríos;Quinsaloma;De 20-24;1.863
Los Ríos;Quinsaloma;De 25-29;1.529
Los Ríos;Quinsaloma;De 30-34;1.283
Los Ríos;Quinsaloma;De 35-39;1.236
Los Ríos;Quinsaloma;De 40-44;1.145
Los Ríos;Quinsaloma;De 45-49;1.123
Los Ríos;Quinsaloma;De 50-54;970
Los Ríos;Quinsaloma;De 55-59;758
Los Ríos;Quinsaloma;De 60-64;642
Los Ríos;Quinsaloma;De 65-69;507
Los Ríos;Quinsaloma;De 70-74;406
Los Ríos;Quinsaloma;De 75-79;273
Los Ríos;Quinsaloma;De 80-84;197
Los Ríos;Quinsaloma;85 o más;201
Manabí;Total Manabí;Total Manabí;1.592.840
Manabí;Total Manabí;De 0-4;130.150
Manabí;Total Manabí;De 5-9;129.718
Manabí;Total Manabí;De 10-14;151.528
Manabí;Total Manabí;De 15-19;144.858
Manabí;Total Manabí;De 20-24;147.154
Manabí;Total Manabí;De 25-29;124.144
Manabí;Total Manabí;De 30-34;111.506
Manabí;Total Manabí;De 35-39;104.039
Manabí;Total Manabí;De 40-44;99.572
Manabí;Total Manabí;De 45-49;90.051
Manabí;Total Manabí;De 50-54;84.290
Manabí;Total Manabí;De 55-59;72.312
Manabí;Total Manabí;De 60-64;60.089
Manabí;Total Manabí;De 65-69;49.622
Manabí;Total Manabí;De 70-74;37.191
Manabí;Total Manabí;De 75-79;24.597
Manabí;Total Manabí;De 80-84;15.840
Manabí;Total Manabí;85 o más;16.179
Manabí;Portoviejo;Total Portoviejo;322.925
Manabí;Portoviejo;De 0-4;23.689
Manabí;Portoviejo;De 5-9;24.563
Manabí;Portoviejo;De 10-14;27.966
Manabí;Portoviejo;De 15-19;27.272
Manabí;Portoviejo;De 20-24;30.539
Manabí;Portoviejo;De 25-29;25.933
Manabí;Portoviejo;De 30-34;23.294
Manabí;Portoviejo;De 35-39;22.288
Manabí;Portoviejo;De 40-44;21.671
Manabí;Portoviejo;De 45-49;18.965
Manabí;Portoviejo;De 50-54;17.880
Manabí;Portoviejo;De 55-59;15.730
Manabí;Portoviejo;De 60-64;12.957
Manabí;Portoviejo;De 65-69;10.586
Manabí;Portoviejo;De 70-74;7.817
Manabí;Portoviejo;De 75-79;5.074
Manabí;Portoviejo;De 80-84;3.317
Manabí;Portoviejo;85 o más;3.384
Manabí;Portoviejo;Total Portoviejo;252.248
Manabí;Portoviejo;De 0-4;18.409
Manabí;Portoviejo;De 5-9;19.244
Manabí;Portoviejo;De 10-14;21.775
Manabí;Portoviejo;De 15-19;21.051
Manabí;Portoviejo;De 20-24;23.976
Manabí;Portoviejo;De 25-29;20.446
Manabí;Portoviejo;De 30-34;18.286
Manabí;Portoviejo;De 35-39;17.387
Manabí;Portoviejo;De 40-44;17.142
Manabí;Portoviejo;De 45-49;14.952
Manabí;Portoviejo;De 50-54;14.006
Manabí;Portoviejo;De 55-59;12.327
Manabí;Portoviejo;De 60-64;10.099
Manabí;Portoviejo;De 65-69;8.332
Manabí;Portoviejo;De 70-74;6.052
Manabí;Portoviejo;De 75-79;3.853
Manabí;Portoviejo;De 80-84;2.433
Manabí;Portoviejo;85 o más;2.478
Manabí;Portoviejo;Total Abdón Calderón;16.848
Manabí;Portoviejo;De 0-4;1.339
Manabí;Portoviejo;De 5-9;1.290
Manabí;Portoviejo;De 10-14;1.505
Manabí;Portoviejo;De 15-19;1.459
Manabí;Portoviejo;De 20-24;1.573
Manabí;Portoviejo;De 25-29;1.324
Manabí;Portoviejo;De 30-34;1.153
Manabí;Portoviejo;De 35-39;1.119
Manabí;Portoviejo;De 40-44;1.059
Manabí;Portoviejo;De 45-49;979
Manabí;Portoviejo;De 50-54;886
Manabí;Portoviejo;De 55-59;786
Manabí;Portoviejo;De 60-64;669
Manabí;Portoviejo;De 65-69;547
Manabí;Portoviejo;De 70-74;476
Manabí;Portoviejo;De 75-79;287
Manabí;Portoviejo;De 80-84;187
Manabí;Portoviejo;85 o más;210
Manabí;Portoviejo;Total Alhajuela;4.714
Manabí;Portoviejo;De 0-4;312
Manabí;Portoviejo;De 5-9;346
Manabí;Portoviejo;De 10-14;434
Manabí;Portoviejo;De 15-19;445
Manabí;Portoviejo;De 20-24;430
Manabí;Portoviejo;De 25-29;311
Manabí;Portoviejo;De 30-34;319
Manabí;Portoviejo;De 35-39;286
Manabí;Portoviejo;De 40-44;287
Manabí;Portoviejo;De 45-49;237
Manabí;Portoviejo;De 50-54;246
Manabí;Portoviejo;De 55-59;226
Manabí;Portoviejo;De 60-64;229
Manabí;Portoviejo;De 65-69;195
Manabí;Portoviejo;De 70-74;129
Manabí;Portoviejo;De 75-79;104
Manabí;Portoviejo;De 80-84;83
Manabí;Portoviejo;85 o más;95
Manabí;Portoviejo;Total Crucita;16.997
Manabí;Portoviejo;De 0-4;1.358
Manabí;Portoviejo;De 5-9;1.416
Manabí;Portoviejo;De 10-14;1.630
Manabí;Portoviejo;De 15-19;1.673
Manabí;Portoviejo;De 20-24;1.661
Manabí;Portoviejo;De 25-29;1.285
Manabí;Portoviejo;De 30-34;1.213
Manabí;Portoviejo;De 35-39;1.138
Manabí;Portoviejo;De 40-44;1.079
Manabí;Portoviejo;De 45-49;924
Manabí;Portoviejo;De 50-54;910
Manabí;Portoviejo;De 55-59;753
Manabí;Portoviejo;De 60-64;643
Manabí;Portoviejo;De 65-69;450
Manabí;Portoviejo;De 70-74;325
Manabí;Portoviejo;De 75-79;233
Manabí;Portoviejo;De 80-84;154
Manabí;Portoviejo;85 o más;152
Manabí;Portoviejo;Total Pueblo Nuevo;4.181
Manabí;Portoviejo;De 0-4;323
Manabí;Portoviejo;De 5-9;331
Manabí;Portoviejo;De 10-14;397
Manabí;Portoviejo;De 15-19;386
Manabí;Portoviejo;De 20-24;360
Manabí;Portoviejo;De 25-29;301
Manabí;Portoviejo;De 30-34;263
Manabí;Portoviejo;De 35-39;317
Manabí;Portoviejo;De 40-44;251
Manabí;Portoviejo;De 45-49;225
Manabí;Portoviejo;De 50-54;199
Manabí;Portoviejo;De 55-59;206
Manabí;Portoviejo;De 60-64;175
Manabí;Portoviejo;De 65-69;153
Manabí;Portoviejo;De 70-74;104
Manabí;Portoviejo;De 75-79;85
Manabí;Portoviejo;De 80-84;52
Manabí;Portoviejo;85 o más;53
Manabí;Portoviejo;Total Riochico;17.040
Manabí;Portoviejo;De 0-4;1.132
Manabí;Portoviejo;De 5-9;1.121
Manabí;Portoviejo;De 10-14;1.309
Manabí;Portoviejo;De 15-19;1.302
Manabí;Portoviejo;De 20-24;1.613
Manabí;Portoviejo;De 25-29;1.515
Manabí;Portoviejo;De 30-34;1.355
Manabí;Portoviejo;De 35-39;1.377
Manabí;Portoviejo;De 40-44;1.225
Manabí;Portoviejo;De 45-49;1.055
Manabí;Portoviejo;De 50-54;968
Manabí;Portoviejo;De 55-59;818
Manabí;Portoviejo;De 60-64;646
Manabí;Portoviejo;De 65-69;507
Manabí;Portoviejo;De 70-74;382
Manabí;Portoviejo;De 75-79;293
Manabí;Portoviejo;De 80-84;212
Manabí;Portoviejo;85 o más;210
Manabí;Portoviejo;Total San Plácido;8.180
Manabí;Portoviejo;De 0-4;601
Manabí;Portoviejo;De 5-9;611
Manabí;Portoviejo;De 10-14;686
Manabí;Portoviejo;De 15-19;719
Manabí;Portoviejo;De 20-24;703
Manabí;Portoviejo;De 25-29;537
Manabí;Portoviejo;De 30-34;523
Manabí;Portoviejo;De 35-39;514
Manabí;Portoviejo;De 40-44;475
Manabí;Portoviejo;De 45-49;445
Manabí;Portoviejo;De 50-54;517
Manabí;Portoviejo;De 55-59;444
Manabí;Portoviejo;De 60-64;369
Manabí;Portoviejo;De 65-69;313
Manabí;Portoviejo;De 70-74;263
Manabí;Portoviejo;De 75-79;163
Manabí;Portoviejo;De 80-84;156
Manabí;Portoviejo;85 o más;141
Manabí;Portoviejo;Total Chirijos;2.717
Manabí;Portoviejo;De 0-4;215
Manabí;Portoviejo;De 5-9;204
Manabí;Portoviejo;De 10-14;230
Manabí;Portoviejo;De 15-19;237
Manabí;Portoviejo;De 20-24;223
Manabí;Portoviejo;De 25-29;214
Manabí;Portoviejo;De 30-34;182
Manabí;Portoviejo;De 35-39;150
Manabí;Portoviejo;De 40-44;153
Manabí;Portoviejo;De 45-49;148
Manabí;Portoviejo;De 50-54;148
Manabí;Portoviejo;De 55-59;170
Manabí;Portoviejo;De 60-64;127
Manabí;Portoviejo;De 65-69;89
Manabí;Portoviejo;De 70-74;86
Manabí;Portoviejo;De 75-79;56
Manabí;Portoviejo;De 80-84;40
Manabí;Portoviejo;85 o más;45
Manabí;Bolívar;Total Bolívar;41.827
Manabí;Bolívar;De 0-4;3.209
Manabí;Bolívar;De 5-9;3.354
Manabí;Bolívar;De 10-14;3.807
Manabí;Bolívar;De 15-19;3.855
Manabí;Bolívar;De 20-24;3.845
Manabí;Bolívar;De 25-29;3.118
Manabí;Bolívar;De 30-34;2.903
Manabí;Bolívar;De 35-39;2.672
Manabí;Bolívar;De 40-44;2.476
Manabí;Bolívar;De 45-49;2.406
Manabí;Bolívar;De 50-54;2.286
Manabí;Bolívar;De 55-59;1.941
Manabí;Bolívar;De 60-64;1.655
Manabí;Bolívar;De 65-69;1.456
Manabí;Bolívar;De 70-74;1.087
Manabí;Bolívar;De 75-79;784
Manabí;Bolívar;De 80-84;493
Manabí;Bolívar;85 o más;480
Manabí;Bolívar;Total Calceta;34.702
Manabí;Bolívar;De 0-4;2.681
Manabí;Bolívar;De 5-9;2.768
Manabí;Bolívar;De 10-14;3.153
Manabí;Bolívar;De 15-19;3.157
Manabí;Bolívar;De 20-24;3.187
Manabí;Bolívar;De 25-29;2.674
Manabí;Bolívar;De 30-34;2.439
Manabí;Bolívar;De 35-39;2.247
Manabí;Bolívar;De 40-44;2.039
Manabí;Bolívar;De 45-49;1.979
Manabí;Bolívar;De 50-54;1.887
Manabí;Bolívar;De 55-59;1.631
Manabí;Bolívar;De 60-64;1.368
Manabí;Bolívar;De 65-69;1.174
Manabí;Bolívar;De 70-74;889
Manabí;Bolívar;De 75-79;643
Manabí;Bolívar;De 80-84;398
Manabí;Bolívar;85 o más;388
Manabí;Bolívar;Total Membrillo;3.573
Manabí;Bolívar;De 0-4;284
Manabí;Bolívar;De 5-9;292
Manabí;Bolívar;De 10-14;347
Manabí;Bolívar;De 15-19;353
Manabí;Bolívar;De 20-24;308
Manabí;Bolívar;De 25-29;234
Manabí;Bolívar;De 30-34;233
Manabí;Bolívar;De 35-39;217
Manabí;Bolívar;De 40-44;221
Manabí;Bolívar;De 45-49;203
Manabí;Bolívar;De 50-54;183
Manabí;Bolívar;De 55-59;160
Manabí;Bolívar;De 60-64;131
Manabí;Bolívar;De 65-69;150
Manabí;Bolívar;De 70-74;106
Manabí;Bolívar;De 75-79;60
Manabí;Bolívar;De 80-84;49
Manabí;Bolívar;85 o más;42
Manabí;Bolívar;Total Quiroga;3.552
Manabí;Bolívar;De 0-4;244
Manabí;Bolívar;De 5-9;294
Manabí;Bolívar;De 10-14;307
Manabí;Bolívar;De 15-19;345
Manabí;Bolívar;De 20-24;350
Manabí;Bolívar;De 25-29;210
Manabí;Bolívar;De 30-34;231
Manabí;Bolívar;De 35-39;208
Manabí;Bolívar;De 40-44;216
Manabí;Bolívar;De 45-49;224
Manabí;Bolívar;De 50-54;216
Manabí;Bolívar;De 55-59;150
Manabí;Bolívar;De 60-64;156
Manabí;Bolívar;De 65-69;132
Manabí;Bolívar;De 70-74;92
Manabí;Bolívar;De 75-79;81
Manabí;Bolívar;De 80-84;46
Manabí;Bolívar;85 o más;50
Manabí;Chone;Total Chone;128.166
Manabí;Chone;De 0-4;10.471
Manabí;Chone;De 5-9;9.877
Manabí;Chone;De 10-14;12.345
Manabí;Chone;De 15-19;11.884
Manabí;Chone;De 20-24;11.095
Manabí;Chone;De 25-29;9.528
Manabí;Chone;De 30-34;8.475
Manabí;Chone;De 35-39;7.953
Manabí;Chone;De 40-44;7.484
Manabí;Chone;De 45-49;7.125
Manabí;Chone;De 50-54;7.009
Manabí;Chone;De 55-59;6.477
Manabí;Chone;De 60-64;5.526
Manabí;Chone;De 65-69;4.602
Manabí;Chone;De 70-74;3.470
Manabí;Chone;De 75-79;2.137
Manabí;Chone;De 80-84;1.380
Manabí;Chone;85 o más;1.328
Manabí;Chone;Total Chone;76.247
Manabí;Chone;De 0-4;6.129
Manabí;Chone;De 5-9;5.760
Manabí;Chone;De 10-14;7.396
Manabí;Chone;De 15-19;6.965
Manabí;Chone;De 20-24;6.773
Manabí;Chone;De 25-29;5.848
Manabí;Chone;De 30-34;5.136
Manabí;Chone;De 35-39;4.882
Manabí;Chone;De 40-44;4.461
Manabí;Chone;De 45-49;4.160
Manabí;Chone;De 50-54;4.088
Manabí;Chone;De 55-59;3.895
Manabí;Chone;De 60-64;3.235
Manabí;Chone;De 65-69;2.720
Manabí;Chone;De 70-74;2.007
Manabí;Chone;De 75-79;1.187
Manabí;Chone;De 80-84;816
Manabí;Chone;85 o más;789
Manabí;Chone;Total Boyacá;4.447
Manabí;Chone;De 0-4;376
Manabí;Chone;De 5-9;345
Manabí;Chone;De 10-14;377
Manabí;Chone;De 15-19;420
Manabí;Chone;De 20-24;367
Manabí;Chone;De 25-29;317
Manabí;Chone;De 30-34;280
Manabí;Chone;De 35-39;269
Manabí;Chone;De 40-44;275
Manabí;Chone;De 45-49;241
Manabí;Chone;De 50-54;300
Manabí;Chone;De 55-59;236
Manabí;Chone;De 60-64;197
Manabí;Chone;De 65-69;168
Manabí;Chone;De 70-74;118
Manabí;Chone;De 75-79;76
Manabí;Chone;De 80-84;39
Manabí;Chone;85 o más;46
Manabí;Chone;Total Canuto;11.134
Manabí;Chone;De 0-4;928
Manabí;Chone;De 5-9;806
Manabí;Chone;De 10-14;991
Manabí;Chone;De 15-19;1.010
Manabí;Chone;De 20-24;948
Manabí;Chone;De 25-29;854
Manabí;Chone;De 30-34;731
Manabí;Chone;De 35-39;660
Manabí;Chone;De 40-44;634
Manabí;Chone;De 45-49;652
Manabí;Chone;De 50-54;617
Manabí;Chone;De 55-59;545
Manabí;Chone;De 60-64;481
Manabí;Chone;De 65-69;415
Manabí;Chone;De 70-74;333
Manabí;Chone;De 75-79;227
Manabí;Chone;De 80-84;149
Manabí;Chone;85 o más;153
Manabí;Chone;Total Convento;6.369
Manabí;Chone;De 0-4;535
Manabí;Chone;De 5-9;560
Manabí;Chone;De 10-14;679
Manabí;Chone;De 15-19;578
Manabí;Chone;De 20-24;521
Manabí;Chone;De 25-29;387
Manabí;Chone;De 30-34;413
Manabí;Chone;De 35-39;380
Manabí;Chone;De 40-44;373
Manabí;Chone;De 45-49;345
Manabí;Chone;De 50-54;361
Manabí;Chone;De 55-59;306
Manabí;Chone;De 60-64;295
Manabí;Chone;De 65-69;253
Manabí;Chone;De 70-74;170
Manabí;Chone;De 75-79;104
Manabí;Chone;De 80-84;56
Manabí;Chone;85 o más;53
Manabí;Chone;Total Chibunga;6.083
Manabí;Chone;De 0-4;548
Manabí;Chone;De 5-9;618
Manabí;Chone;De 10-14;779
Manabí;Chone;De 15-19;653
Manabí;Chone;De 20-24;447
Manabí;Chone;De 25-29;418
Manabí;Chone;De 30-34;454
Manabí;Chone;De 35-39;388
Manabí;Chone;De 40-44;327
Manabí;Chone;De 45-49;286
Manabí;Chone;De 50-54;282
Manabí;Chone;De 55-59;269
Manabí;Chone;De 60-64;205
Manabí;Chone;De 65-69;157
Manabí;Chone;De 70-74;100
Manabí;Chone;De 75-79;69
Manabí;Chone;De 80-84;42
Manabí;Chone;85 o más;41
Manabí;Chone;Total Eloy Alfaro;6.566
Manabí;Chone;De 0-4;483
Manabí;Chone;De 5-9;473
Manabí;Chone;De 10-14;579
Manabí;Chone;De 15-19;611
Manabí;Chone;De 20-24;549
Manabí;Chone;De 25-29;421
Manabí;Chone;De 30-34;375
Manabí;Chone;De 35-39;380
Manabí;Chone;De 40-44;380
Manabí;Chone;De 45-49;431
Manabí;Chone;De 50-54;415
Manabí;Chone;De 55-59;361
Manabí;Chone;De 60-64;329
Manabí;Chone;De 65-69;265
Manabí;Chone;De 70-74;212
Manabí;Chone;De 75-79;124
Manabí;Chone;De 80-84;86
Manabí;Chone;85 o más;92
Manabí;Chone;Total Ricaurte;7.838
Manabí;Chone;De 0-4;650
Manabí;Chone;De 5-9;577
Manabí;Chone;De 10-14;687
Manabí;Chone;De 15-19;825
Manabí;Chone;De 20-24;662
Manabí;Chone;De 25-29;550
Manabí;Chone;De 30-34;449
Manabí;Chone;De 35-39;447
Manabí;Chone;De 40-44;476
Manabí;Chone;De 45-49;478
Manabí;Chone;De 50-54;432
Manabí;Chone;De 55-59;384
Manabí;Chone;De 60-64;364
Manabí;Chone;De 65-69;297
Manabí;Chone;De 70-74;247
Manabí;Chone;De 75-79;167
Manabí;Chone;De 80-84;86
Manabí;Chone;85 o más;60
Manabí;Chone;Total San Antonio;9.482
Manabí;Chone;De 0-4;822
Manabí;Chone;De 5-9;738
Manabí;Chone;De 10-14;857
Manabí;Chone;De 15-19;822
Manabí;Chone;De 20-24;828
Manabí;Chone;De 25-29;733
Manabí;Chone;De 30-34;637
Manabí;Chone;De 35-39;547
Manabí;Chone;De 40-44;558
Manabí;Chone;De 45-49;532
Manabí;Chone;De 50-54;514
Manabí;Chone;De 55-59;481
Manabí;Chone;De 60-64;420
Manabí;Chone;De 65-69;327
Manabí;Chone;De 70-74;283
Manabí;Chone;De 75-79;183
Manabí;Chone;De 80-84;106
Manabí;Chone;85 o más;94
Manabí;El Carmen;Total El Carmen;120.936
Manabí;El Carmen;De 0-4;10.979
Manabí;El Carmen;De 5-9;10.953
Manabí;El Carmen;De 10-14;12.714
Manabí;El Carmen;De 15-19;11.856
Manabí;El Carmen;De 20-24;10.791
Manabí;El Carmen;De 25-29;9.139
Manabí;El Carmen;De 30-34;8.351
Manabí;El Carmen;De 35-39;7.711
Manabí;El Carmen;De 40-44;7.018
Manabí;El Carmen;De 45-49;6.481
Manabí;El Carmen;De 50-54;6.093
Manabí;El Carmen;De 55-59;5.094
Manabí;El Carmen;De 60-64;4.277
Manabí;El Carmen;De 65-69;3.317
Manabí;El Carmen;De 70-74;2.503
Manabí;El Carmen;De 75-79;1.716
Manabí;El Carmen;De 80-84;1.033
Manabí;El Carmen;85 o más;910
Manabí;El Carmen;Total El Carmen;84.141
Manabí;El Carmen;De 0-4;7.592
Manabí;El Carmen;De 5-9;7.594
Manabí;El Carmen;De 10-14;8.942
Manabí;El Carmen;De 15-19;8.317
Manabí;El Carmen;De 20-24;7.587
Manabí;El Carmen;De 25-29;6.454
Manabí;El Carmen;De 30-34;6.000
Manabí;El Carmen;De 35-39;5.410
Manabí;El Carmen;De 40-44;4.836
Manabí;El Carmen;De 45-49;4.489
Manabí;El Carmen;De 50-54;4.166
Manabí;El Carmen;De 55-59;3.460
Manabí;El Carmen;De 60-64;2.912
Manabí;El Carmen;De 65-69;2.287
Manabí;El Carmen;De 70-74;1.656
Manabí;El Carmen;De 75-79;1.113
Manabí;El Carmen;De 80-84;708
Manabí;El Carmen;85 o más;618
Manabí;El Carmen;Total Wilfrido Loor Moreira;3.911
Manabí;El Carmen;De 0-4;371
Manabí;El Carmen;De 5-9;349
Manabí;El Carmen;De 10-14;408
Manabí;El Carmen;De 15-19;389
Manabí;El Carmen;De 20-24;275
Manabí;El Carmen;De 25-29;274
Manabí;El Carmen;De 30-34;244
Manabí;El Carmen;De 35-39;221
Manabí;El Carmen;De 40-44;236
Manabí;El Carmen;De 45-49;216
Manabí;El Carmen;De 50-54;211
Manabí;El Carmen;De 55-59;179
Manabí;El Carmen;De 60-64;179
Manabí;El Carmen;De 65-69;116
Manabí;El Carmen;De 70-74;96
Manabí;El Carmen;De 75-79;82
Manabí;El Carmen;De 80-84;35
Manabí;El Carmen;85 o más;30
Manabí;El Carmen;Total San Pedro de Suma;7.252
Manabí;El Carmen;De 0-4;608
Manabí;El Carmen;De 5-9;668
Manabí;El Carmen;De 10-14;748
Manabí;El Carmen;De 15-19;643
Manabí;El Carmen;De 20-24;625
Manabí;El Carmen;De 25-29;531
Manabí;El Carmen;De 30-34;438
Manabí;El Carmen;De 35-39;456
Manabí;El Carmen;De 40-44;416
Manabí;El Carmen;De 45-49;408
Manabí;El Carmen;De 50-54;388
Manabí;El Carmen;De 55-59;326
Manabí;El Carmen;De 60-64;305
Manabí;El Carmen;De 65-69;259
Manabí;El Carmen;De 70-74;174
Manabí;El Carmen;De 75-79;113
Manabí;El Carmen;De 80-84;69
Manabí;El Carmen;85 o más;77
Manabí;El Carmen;Total Santa María;13.668
Manabí;El Carmen;De 0-4;1.298
Manabí;El Carmen;De 5-9;1.277
Manabí;El Carmen;De 10-14;1.395
Manabí;El Carmen;De 15-19;1.356
Manabí;El Carmen;De 20-24;1.257
Manabí;El Carmen;De 25-29;996
Manabí;El Carmen;De 30-34;909
Manabí;El Carmen;De 35-39;861
Manabí;El Carmen;De 40-44;821
Manabí;El Carmen;De 45-49;715
Manabí;El Carmen;De 50-54;707
Manabí;El Carmen;De 55-59;595
Manabí;El Carmen;De 60-64;442
Manabí;El Carmen;De 65-69;335
Manabí;El Carmen;De 70-74;292
Manabí;El Carmen;De 75-79;205
Manabí;El Carmen;De 80-84;111
Manabí;El Carmen;85 o más;96
Manabí;El Carmen;Total El Paraíso la 14;11.964
Manabí;El Carmen;De 0-4;1.110
Manabí;El Carmen;De 5-9;1.065
Manabí;El Carmen;De 10-14;1.221
Manabí;El Carmen;De 15-19;1.151
Manabí;El Carmen;De 20-24;1.047
Manabí;El Carmen;De 25-29;884
Manabí;El Carmen;De 30-34;760
Manabí;El Carmen;De 35-39;763
Manabí;El Carmen;De 40-44;709
Manabí;El Carmen;De 45-49;653
Manabí;El Carmen;De 50-54;621
Manabí;El Carmen;De 55-59;534
Manabí;El Carmen;De 60-64;439
Manabí;El Carmen;De 65-69;320
Manabí;El Carmen;De 70-74;285
Manabí;El Carmen;De 75-79;203
Manabí;El Carmen;De 80-84;110
Manabí;El Carmen;85 o más;89
Manabí;Flavio Alfaro;Total Flavio Alfaro;26.415
Manabí;Flavio Alfaro;De 0-4;2.400
Manabí;Flavio Alfaro;De 5-9;2.291
Manabí;Flavio Alfaro;De 10-14;2.631
Manabí;Flavio Alfaro;De 15-19;2.518
Manabí;Flavio Alfaro;De 20-24;2.227
Manabí;Flavio Alfaro;De 25-29;1.899
Manabí;Flavio Alfaro;De 30-34;1.742
Manabí;Flavio Alfaro;De 35-39;1.655
Manabí;Flavio Alfaro;De 40-44;1.463
Manabí;Flavio Alfaro;De 45-49;1.510
Manabí;Flavio Alfaro;De 50-54;1.460
Manabí;Flavio Alfaro;De 55-59;1.230
Manabí;Flavio Alfaro;De 60-64;1.050
Manabí;Flavio Alfaro;De 65-69;829
Manabí;Flavio Alfaro;De 70-74;650
Manabí;Flavio Alfaro;De 75-79;422
Manabí;Flavio Alfaro;De 80-84;232
Manabí;Flavio Alfaro;85 o más;206
Manabí;Flavio Alfaro;Total Flavio Alfaro;20.177
Manabí;Flavio Alfaro;De 0-4;1.837
Manabí;Flavio Alfaro;De 5-9;1.764
Manabí;Flavio Alfaro;De 10-14;1.994
Manabí;Flavio Alfaro;De 15-19;1.935
Manabí;Flavio Alfaro;De 20-24;1.745
Manabí;Flavio Alfaro;De 25-29;1.444
Manabí;Flavio Alfaro;De 30-34;1.326
Manabí;Flavio Alfaro;De 35-39;1.258
Manabí;Flavio Alfaro;De 40-44;1.113
Manabí;Flavio Alfaro;De 45-49;1.162
Manabí;Flavio Alfaro;De 50-54;1.126
Manabí;Flavio Alfaro;De 55-59;932
Manabí;Flavio Alfaro;De 60-64;799
Manabí;Flavio Alfaro;De 65-69;619
Manabí;Flavio Alfaro;De 70-74;492
Manabí;Flavio Alfaro;De 75-79;319
Manabí;Flavio Alfaro;De 80-84;165
Manabí;Flavio Alfaro;85 o más;147
Manabí;Flavio Alfaro;Total San Francisco de Novillo;2.707
Manabí;Flavio Alfaro;De 0-4;287
Manabí;Flavio Alfaro;De 5-9;263
Manabí;Flavio Alfaro;De 10-14;302
Manabí;Flavio Alfaro;De 15-19;251
Manabí;Flavio Alfaro;De 20-24;208
Manabí;Flavio Alfaro;De 25-29;227
Manabí;Flavio Alfaro;De 30-34;189
Manabí;Flavio Alfaro;De 35-39;188
Manabí;Flavio Alfaro;De 40-44;153
Manabí;Flavio Alfaro;De 45-49;159
Manabí;Flavio Alfaro;De 50-54;116
Manabí;Flavio Alfaro;De 55-59;108
Manabí;Flavio Alfaro;De 60-64;92
Manabí;Flavio Alfaro;De 65-69;69
Manabí;Flavio Alfaro;De 70-74;41
Manabí;Flavio Alfaro;De 75-79;21
Manabí;Flavio Alfaro;De 80-84;19
Manabí;Flavio Alfaro;85 o más;14
Manabí;Flavio Alfaro;Total Zapallo;3.531
Manabí;Flavio Alfaro;De 0-4;276
Manabí;Flavio Alfaro;De 5-9;264
Manabí;Flavio Alfaro;De 10-14;335
Manabí;Flavio Alfaro;De 15-19;332
Manabí;Flavio Alfaro;De 20-24;274
Manabí;Flavio Alfaro;De 25-29;228
Manabí;Flavio Alfaro;De 30-34;227
Manabí;Flavio Alfaro;De 35-39;209
Manabí;Flavio Alfaro;De 40-44;197
Manabí;Flavio Alfaro;De 45-49;189
Manabí;Flavio Alfaro;De 50-54;218
Manabí;Flavio Alfaro;De 55-59;190
Manabí;Flavio Alfaro;De 60-64;159
Manabí;Flavio Alfaro;De 65-69;141
Manabí;Flavio Alfaro;De 70-74;117
Manabí;Flavio Alfaro;De 75-79;82
Manabí;Flavio Alfaro;De 80-84;48
Manabí;Flavio Alfaro;85 o más;45
Manabí;Jipijapa;Total Jipijapa;78.117
Manabí;Jipijapa;De 0-4;5.965
Manabí;Jipijapa;De 5-9;5.722
Manabí;Jipijapa;De 10-14;7.305
Manabí;Jipijapa;De 15-19;6.705
Manabí;Jipijapa;De 20-24;7.269
Manabí;Jipijapa;De 25-29;5.847
Manabí;Jipijapa;De 30-34;5.206
Manabí;Jipijapa;De 35-39;4.770
Manabí;Jipijapa;De 40-44;4.846
Manabí;Jipijapa;De 45-49;4.204
Manabí;Jipijapa;De 50-54;3.990
Manabí;Jipijapa;De 55-59;3.592
Manabí;Jipijapa;De 60-64;3.191
Manabí;Jipijapa;De 65-69;2.853
Manabí;Jipijapa;De 70-74;2.319
Manabí;Jipijapa;De 75-79;1.663
Manabí;Jipijapa;De 80-84;1.224
Manabí;Jipijapa;85 o más;1.446
Manabí;Jipijapa;Total Jipijapa;54.639
Manabí;Jipijapa;De 0-4;4.191
Manabí;Jipijapa;De 5-9;4.171
Manabí;Jipijapa;De 10-14;5.113
Manabí;Jipijapa;De 15-19;4.724
Manabí;Jipijapa;De 20-24;5.221
Manabí;Jipijapa;De 25-29;4.261
Manabí;Jipijapa;De 30-34;3.844
Manabí;Jipijapa;De 35-39;3.430
Manabí;Jipijapa;De 40-44;3.596
Manabí;Jipijapa;De 45-49;3.037
Manabí;Jipijapa;De 50-54;2.831
Manabí;Jipijapa;De 55-59;2.522
Manabí;Jipijapa;De 60-64;2.161
Manabí;Jipijapa;De 65-69;1.767
Manabí;Jipijapa;De 70-74;1.353
Manabí;Jipijapa;De 75-79;941
Manabí;Jipijapa;De 80-84;672
Manabí;Jipijapa;85 o más;804
Manabí;Jipijapa;Total América;3.418
Manabí;Jipijapa;De 0-4;220
Manabí;Jipijapa;De 5-9;201
Manabí;Jipijapa;De 10-14;284
Manabí;Jipijapa;De 15-19;282
Manabí;Jipijapa;De 20-24;298
Manabí;Jipijapa;De 25-29;187
Manabí;Jipijapa;De 30-34;189
Manabí;Jipijapa;De 35-39;211
Manabí;Jipijapa;De 40-44;175
Manabí;Jipijapa;De 45-49;180
Manabí;Jipijapa;De 50-54;168
Manabí;Jipijapa;De 55-59;162
Manabí;Jipijapa;De 60-64;153
Manabí;Jipijapa;De 65-69;184
Manabí;Jipijapa;De 70-74;171
Manabí;Jipijapa;De 75-79;131
Manabí;Jipijapa;De 80-84;96
Manabí;Jipijapa;85 o más;126
Manabí;Jipijapa;Total El Anegado;7.020
Manabí;Jipijapa;De 0-4;504
Manabí;Jipijapa;De 5-9;453
Manabí;Jipijapa;De 10-14;678
Manabí;Jipijapa;De 15-19;563
Manabí;Jipijapa;De 20-24;569
Manabí;Jipijapa;De 25-29;490
Manabí;Jipijapa;De 30-34;423
Manabí;Jipijapa;De 35-39;396
Manabí;Jipijapa;De 40-44;369
Manabí;Jipijapa;De 45-49;307
Manabí;Jipijapa;De 50-54;318
Manabí;Jipijapa;De 55-59;321
Manabí;Jipijapa;De 60-64;336
Manabí;Jipijapa;De 65-69;359
Manabí;Jipijapa;De 70-74;305
Manabí;Jipijapa;De 75-79;233
Manabí;Jipijapa;De 80-84;170
Manabí;Jipijapa;85 o más;226
Manabí;Jipijapa;Total Julcuy;1.816
Manabí;Jipijapa;De 0-4;128
Manabí;Jipijapa;De 5-9;113
Manabí;Jipijapa;De 10-14;182
Manabí;Jipijapa;De 15-19;169
Manabí;Jipijapa;De 20-24;176
Manabí;Jipijapa;De 25-29;138
Manabí;Jipijapa;De 30-34;94
Manabí;Jipijapa;De 35-39;85
Manabí;Jipijapa;De 40-44;96
Manabí;Jipijapa;De 45-49;94
Manabí;Jipijapa;De 50-54;77
Manabí;Jipijapa;De 55-59;75
Manabí;Jipijapa;De 60-64;68
Manabí;Jipijapa;De 65-69;83
Manabí;Jipijapa;De 70-74;70
Manabí;Jipijapa;De 75-79;60
Manabí;Jipijapa;De 80-84;49
Manabí;Jipijapa;85 o más;59
Manabí;Jipijapa;Total La Unión;1.747
Manabí;Jipijapa;De 0-4;112
Manabí;Jipijapa;De 5-9;105
Manabí;Jipijapa;De 10-14;171
Manabí;Jipijapa;De 15-19;158
Manabí;Jipijapa;De 20-24;147
Manabí;Jipijapa;De 25-29;89
Manabí;Jipijapa;De 30-34;92
Manabí;Jipijapa;De 35-39;107
Manabí;Jipijapa;De 40-44;92
Manabí;Jipijapa;De 45-49;82
Manabí;Jipijapa;De 50-54;84
Manabí;Jipijapa;De 55-59;87
Manabí;Jipijapa;De 60-64;95
Manabí;Jipijapa;De 65-69;92
Manabí;Jipijapa;De 70-74;92
Manabí;Jipijapa;De 75-79;51
Manabí;Jipijapa;De 80-84;45
Manabí;Jipijapa;85 o más;46
Manabí;Jipijapa;Total Membrillal;955
Manabí;Jipijapa;De 0-4;58
Manabí;Jipijapa;De 5-9;49
Manabí;Jipijapa;De 10-14;70
Manabí;Jipijapa;De 15-19;57
Manabí;Jipijapa;De 20-24;84
Manabí;Jipijapa;De 25-29;60
Manabí;Jipijapa;De 30-34;56
Manabí;Jipijapa;De 35-39;57
Manabí;Jipijapa;De 40-44;41
Manabí;Jipijapa;De 45-49;56
Manabí;Jipijapa;De 50-54;49
Manabí;Jipijapa;De 55-59;43
Manabí;Jipijapa;De 60-64;44
Manabí;Jipijapa;De 65-69;57
Manabí;Jipijapa;De 70-74;59
Manabí;Jipijapa;De 75-79;41
Manabí;Jipijapa;De 80-84;37
Manabí;Jipijapa;85 o más;37
Manabí;Jipijapa;Total Pedro Pablo Gómez;4.067
Manabí;Jipijapa;De 0-4;364
Manabí;Jipijapa;De 5-9;308
Manabí;Jipijapa;De 10-14;377
Manabí;Jipijapa;De 15-19;343
Manabí;Jipijapa;De 20-24;359
Manabí;Jipijapa;De 25-29;266
Manabí;Jipijapa;De 30-34;216
Manabí;Jipijapa;De 35-39;214
Manabí;Jipijapa;De 40-44;188
Manabí;Jipijapa;De 45-49;187
Manabí;Jipijapa;De 50-54;203
Manabí;Jipijapa;De 55-59;187
Manabí;Jipijapa;De 60-64;175
Manabí;Jipijapa;De 65-69;189
Manabí;Jipijapa;De 70-74;152
Manabí;Jipijapa;De 75-79;130
Manabí;Jipijapa;De 80-84;106
Manabí;Jipijapa;85 o más;103
Manabí;Jipijapa;Total Puerto Cayo;4.455
Manabí;Jipijapa;De 0-4;388
Manabí;Jipijapa;De 5-9;322
Manabí;Jipijapa;De 10-14;430
Manabí;Jipijapa;De 15-19;409
Manabí;Jipijapa;De 20-24;415
Manabí;Jipijapa;De 25-29;356
Manabí;Jipijapa;De 30-34;292
Manabí;Jipijapa;De 35-39;270
Manabí;Jipijapa;De 40-44;289
Manabí;Jipijapa;De 45-49;261
Manabí;Jipijapa;De 50-54;260
Manabí;Jipijapa;De 55-59;195
Manabí;Jipijapa;De 60-64;159
Manabí;Jipijapa;De 65-69;122
Manabí;Jipijapa;De 70-74;117
Manabí;Jipijapa;De 75-79;76
Manabí;Jipijapa;De 80-84;49
Manabí;Jipijapa;85 o más;45
Manabí;Junín;Total Junín;22.324
Manabí;Junín;De 0-4;1.822
Manabí;Junín;De 5-9;1.769
Manabí;Junín;De 10-14;2.038
Manabí;Junín;De 15-19;1.847
Manabí;Junín;De 20-24;2.053
Manabí;Junín;De 25-29;1.691
Manabí;Junín;De 30-34;1.548
Manabí;Junín;De 35-39;1.399
Manabí;Junín;De 40-44;1.316
Manabí;Junín;De 45-49;1.279
Manabí;Junín;De 50-54;1.225
Manabí;Junín;De 55-59;1.017
Manabí;Junín;De 60-64;878
Manabí;Junín;De 65-69;804
Manabí;Junín;De 70-74;631
Manabí;Junín;De 75-79;426
Manabí;Junín;De 80-84;255
Manabí;Junín;85 o más;326
Manabí;Junín;Total Junín;22.324
Manabí;Junín;De 0-4;1.822
Manabí;Junín;De 5-9;1.769
Manabí;Junín;De 10-14;2.038
Manabí;Junín;De 15-19;1.847
Manabí;Junín;De 20-24;2.053
Manabí;Junín;De 25-29;1.691
Manabí;Junín;De 30-34;1.548
Manabí;Junín;De 35-39;1.399
Manabí;Junín;De 40-44;1.316
Manabí;Junín;De 45-49;1.279
Manabí;Junín;De 50-54;1.225
Manabí;Junín;De 55-59;1.017
Manabí;Junín;De 60-64;878
Manabí;Junín;De 65-69;804
Manabí;Junín;De 70-74;631
Manabí;Junín;De 75-79;426
Manabí;Junín;De 80-84;255
Manabí;Junín;85 o más;326
Manabí;Manta;Total Manta;271.145
Manabí;Manta;De 0-4;20.666
Manabí;Manta;De 5-9;21.454
Manabí;Manta;De 10-14;24.146
Manabí;Manta;De 15-19;23.485
Manabí;Manta;De 20-24;25.992
Manabí;Manta;De 25-29;23.052
Manabí;Manta;De 30-34;20.168
Manabí;Manta;De 35-39;18.622
Manabí;Manta;De 40-44;18.438
Manabí;Manta;De 45-49;16.365
Manabí;Manta;De 50-54;14.983
Manabí;Manta;De 55-59;12.277
Manabí;Manta;De 60-64;9.888
Manabí;Manta;De 65-69;7.922
Manabí;Manta;De 70-74;5.719
Manabí;Manta;De 75-79;3.653
Manabí;Manta;De 80-84;2.166
Manabí;Manta;85 o más;2.149
Manabí;Manta;Total Manta;261.871
Manabí;Manta;De 0-4;19.784
Manabí;Manta;De 5-9;20.638
Manabí;Manta;De 10-14;23.277
Manabí;Manta;De 15-19;22.647
Manabí;Manta;De 20-24;25.083
Manabí;Manta;De 25-29;22.234
Manabí;Manta;De 30-34;19.500
Manabí;Manta;De 35-39;18.045
Manabí;Manta;De 40-44;17.905
Manabí;Manta;De 45-49;15.842
Manabí;Manta;De 50-54;14.558
Manabí;Manta;De 55-59;11.886
Manabí;Manta;De 60-64;9.597
Manabí;Manta;De 65-69;7.674
Manabí;Manta;De 70-74;5.540
Manabí;Manta;De 75-79;3.541
Manabí;Manta;De 80-84;2.078
Manabí;Manta;85 o más;2.042
Manabí;Manta;Total San Lorenzo;5.444
Manabí;Manta;De 0-4;541
Manabí;Manta;De 5-9;478
Manabí;Manta;De 10-14;504
Manabí;Manta;De 15-19;491
Manabí;Manta;De 20-24;541
Manabí;Manta;De 25-29;507
Manabí;Manta;De 30-34;371
Manabí;Manta;De 35-39;332
Manabí;Manta;De 40-44;289
Manabí;Manta;De 45-49;294
Manabí;Manta;De 50-54;259
Manabí;Manta;De 55-59;217
Manabí;Manta;De 60-64;154
Manabí;Manta;De 65-69;147
Manabí;Manta;De 70-74;103
Manabí;Manta;De 75-79;76
Manabí;Manta;De 80-84;64
Manabí;Manta;85 o más;76
Manabí;Manta;Total Santa Marianita;3.830
Manabí;Manta;De 0-4;341
Manabí;Manta;De 5-9;338
Manabí;Manta;De 10-14;365
Manabí;Manta;De 15-19;347
Manabí;Manta;De 20-24;368
Manabí;Manta;De 25-29;311
Manabí;Manta;De 30-34;297
Manabí;Manta;De 35-39;245
Manabí;Manta;De 40-44;244
Manabí;Manta;De 45-49;229
Manabí;Manta;De 50-54;166
Manabí;Manta;De 55-59;174
Manabí;Manta;De 60-64;137
Manabí;Manta;De 65-69;101
Manabí;Manta;De 70-74;76
Manabí;Manta;De 75-79;36
Manabí;Manta;De 80-84;24
Manabí;Manta;85 o más;31
Manabí;Montecristi;Total Montecristi;99.937
Manabí;Montecristi;De 0-4;8.551
Manabí;Montecristi;De 5-9;8.908
Manabí;Montecristi;De 10-14;9.831
Manabí;Montecristi;De 15-19;9.503
Manabí;Montecristi;De 20-24;9.860
Manabí;Montecristi;De 25-29;8.015
Manabí;Montecristi;De 30-34;7.375
Manabí;Montecristi;De 35-39;7.134
Manabí;Montecristi;De 40-44;6.985
Manabí;Montecristi;De 45-49;5.852
Manabí;Montecristi;De 50-54;5.022
Manabí;Montecristi;De 55-59;3.831
Manabí;Montecristi;De 60-64;3.050
Manabí;Montecristi;De 65-69;2.240
Manabí;Montecristi;De 70-74;1.491
Manabí;Montecristi;De 75-79;1.007
Manabí;Montecristi;De 80-84;662
Manabí;Montecristi;85 o más;620
Manabí;Montecristi;Total Montecristi;96.858
Manabí;Montecristi;De 0-4;8.271
Manabí;Montecristi;De 5-9;8.651
Manabí;Montecristi;De 10-14;9.553
Manabí;Montecristi;De 15-19;9.239
Manabí;Montecristi;De 20-24;9.576
Manabí;Montecristi;De 25-29;7.754
Manabí;Montecristi;De 30-34;7.165
Manabí;Montecristi;De 35-39;6.921
Manabí;Montecristi;De 40-44;6.806
Manabí;Montecristi;De 45-49;5.648
Manabí;Montecristi;De 50-54;4.857
Manabí;Montecristi;De 55-59;3.690
Manabí;Montecristi;De 60-64;2.951
Manabí;Montecristi;De 65-69;2.159
Manabí;Montecristi;De 70-74;1.420
Manabí;Montecristi;De 75-79;969
Manabí;Montecristi;De 80-84;633
Manabí;Montecristi;85 o más;595
Manabí;Montecristi;Total La Pila;3.079
Manabí;Montecristi;De 0-4;280
Manabí;Montecristi;De 5-9;257
Manabí;Montecristi;De 10-14;278
Manabí;Montecristi;De 15-19;264
Manabí;Montecristi;De 20-24;284
Manabí;Montecristi;De 25-29;261
Manabí;Montecristi;De 30-34;210
Manabí;Montecristi;De 35-39;213
Manabí;Montecristi;De 40-44;179
Manabí;Montecristi;De 45-49;204
Manabí;Montecristi;De 50-54;165
Manabí;Montecristi;De 55-59;141
Manabí;Montecristi;De 60-64;99
Manabí;Montecristi;De 65-69;81
Manabí;Montecristi;De 70-74;71
Manabí;Montecristi;De 75-79;38
Manabí;Montecristi;De 80-84;29
Manabí;Montecristi;85 o más;25
Manabí;Paján;Total Paján;41.879
Manabí;Paján;De 0-4;3.587
Manabí;Paján;De 5-9;3.297
Manabí;Paján;De 10-14;4.360
Manabí;Paján;De 15-19;3.972
Manabí;Paján;De 20-24;3.535
Manabí;Paján;De 25-29;2.799
Manabí;Paján;De 30-34;2.609
Manabí;Paján;De 35-39;2.414
Manabí;Paján;De 40-44;2.319
Manabí;Paján;De 45-49;2.072
Manabí;Paján;De 50-54;2.051
Manabí;Paján;De 55-59;1.807
Manabí;Paján;De 60-64;1.679
Manabí;Paján;De 65-69;1.737
Manabí;Paján;De 70-74;1.327
Manabí;Paján;De 75-79;951
Manabí;Paján;De 80-84;666
Manabí;Paján;85 o más;697
Manabí;Paján;Total Paján;14.312
Manabí;Paján;De 0-4;1.141
Manabí;Paján;De 5-9;1.157
Manabí;Paján;De 10-14;1.436
Manabí;Paján;De 15-19;1.337
Manabí;Paján;De 20-24;1.219
Manabí;Paján;De 25-29;1.022
Manabí;Paján;De 30-34;915
Manabí;Paján;De 35-39;924
Manabí;Paján;De 40-44;815
Manabí;Paján;De 45-49;667
Manabí;Paján;De 50-54;668
Manabí;Paján;De 55-59;644
Manabí;Paján;De 60-64;607
Manabí;Paján;De 65-69;568
Manabí;Paján;De 70-74;396
Manabí;Paján;De 75-79;315
Manabí;Paján;De 80-84;220
Manabí;Paján;85 o más;261
Manabí;Paján;Total Campozano;8.736
Manabí;Paján;De 0-4;743
Manabí;Paján;De 5-9;676
Manabí;Paján;De 10-14;864
Manabí;Paján;De 15-19;838
Manabí;Paján;De 20-24;723
Manabí;Paján;De 25-29;560
Manabí;Paján;De 30-34;511
Manabí;Paján;De 35-39;449
Manabí;Paján;De 40-44;450
Manabí;Paján;De 45-49;431
Manabí;Paján;De 50-54;440
Manabí;Paján;De 55-59;389
Manabí;Paján;De 60-64;364
Manabí;Paján;De 65-69;374
Manabí;Paján;De 70-74;356
Manabí;Paján;De 75-79;253
Manabí;Paján;De 80-84;145
Manabí;Paján;85 o más;170
Manabí;Paján;Total Cascol;8.764
Manabí;Paján;De 0-4;825
Manabí;Paján;De 5-9;672
Manabí;Paján;De 10-14;894
Manabí;Paján;De 15-19;801
Manabí;Paján;De 20-24;777
Manabí;Paján;De 25-29;576
Manabí;Paján;De 30-34;582
Manabí;Paján;De 35-39;493
Manabí;Paján;De 40-44;464
Manabí;Paján;De 45-49;442
Manabí;Paján;De 50-54;442
Manabí;Paján;De 55-59;359
Manabí;Paján;De 60-64;333
Manabí;Paján;De 65-69;383
Manabí;Paján;De 70-74;251
Manabí;Paján;De 75-79;193
Manabí;Paján;De 80-84;147
Manabí;Paján;85 o más;130
Manabí;Paján;Total Guale;4.727
Manabí;Paján;De 0-4;410
Manabí;Paján;De 5-9;390
Manabí;Paján;De 10-14;517
Manabí;Paján;De 15-19;451
Manabí;Paján;De 20-24;379
Manabí;Paján;De 25-29;318
Manabí;Paján;De 30-34;287
Manabí;Paján;De 35-39;246
Manabí;Paján;De 40-44;277
Manabí;Paján;De 45-49;248
Manabí;Paján;De 50-54;228
Manabí;Paján;De 55-59;201
Manabí;Paján;De 60-64;181
Manabí;Paján;De 65-69;190
Manabí;Paján;De 70-74;159
Manabí;Paján;De 75-79;102
Manabí;Paján;De 80-84;69
Manabí;Paján;85 o más;74
Manabí;Paján;Total Lascano;5.340
Manabí;Paján;De 0-4;468
Manabí;Paján;De 5-9;402
Manabí;Paján;De 10-14;649
Manabí;Paján;De 15-19;545
Manabí;Paján;De 20-24;437
Manabí;Paján;De 25-29;323
Manabí;Paján;De 30-34;314
Manabí;Paján;De 35-39;302
Manabí;Paján;De 40-44;313
Manabí;Paján;De 45-49;284
Manabí;Paján;De 50-54;273
Manabí;Paján;De 55-59;214
Manabí;Paján;De 60-64;194
Manabí;Paján;De 65-69;222
Manabí;Paján;De 70-74;165
Manabí;Paján;De 75-79;88
Manabí;Paján;De 80-84;85
Manabí;Paján;85 o más;62
Manabí;Pichincha;Total Pichincha;30.380
Manabí;Pichincha;De 0-4;2.532
Manabí;Pichincha;De 5-9;2.559
Manabí;Pichincha;De 10-14;3.263
Manabí;Pichincha;De 15-19;3.209
Manabí;Pichincha;De 20-24;2.615
Manabí;Pichincha;De 25-29;2.050
Manabí;Pichincha;De 30-34;1.963
Manabí;Pichincha;De 35-39;1.946
Manabí;Pichincha;De 40-44;1.767
Manabí;Pichincha;De 45-49;1.739
Manabí;Pichincha;De 50-54;1.645
Manabí;Pichincha;De 55-59;1.358
Manabí;Pichincha;De 60-64;1.128
Manabí;Pichincha;De 65-69;908
Manabí;Pichincha;De 70-74;682
Manabí;Pichincha;De 75-79;483
Manabí;Pichincha;De 80-84;267
Manabí;Pichincha;85 o más;266
Manabí;Pichincha;Total Pichincha;17.293
Manabí;Pichincha;De 0-4;1.445
Manabí;Pichincha;De 5-9;1.388
Manabí;Pichincha;De 10-14;1.794
Manabí;Pichincha;De 15-19;1.768
Manabí;Pichincha;De 20-24;1.532
Manabí;Pichincha;De 25-29;1.200
Manabí;Pichincha;De 30-34;1.129
Manabí;Pichincha;De 35-39;1.049
Manabí;Pichincha;De 40-44;999
Manabí;Pichincha;De 45-49;1.006
Manabí;Pichincha;De 50-54;975
Manabí;Pichincha;De 55-59;792
Manabí;Pichincha;De 60-64;653
Manabí;Pichincha;De 65-69;519
Manabí;Pichincha;De 70-74;417
Manabí;Pichincha;De 75-79;291
Manabí;Pichincha;De 80-84;166
Manabí;Pichincha;85 o más;170
Manabí;Pichincha;Total Barraganete;8.300
Manabí;Pichincha;De 0-4;716
Manabí;Pichincha;De 5-9;808
Manabí;Pichincha;De 10-14;986
Manabí;Pichincha;De 15-19;912
Manabí;Pichincha;De 20-24;670
Manabí;Pichincha;De 25-29;558
Manabí;Pichincha;De 30-34;553
Manabí;Pichincha;De 35-39;591
Manabí;Pichincha;De 40-44;493
Manabí;Pichincha;De 45-49;469
Manabí;Pichincha;De 50-54;394
Manabí;Pichincha;De 55-59;316
Manabí;Pichincha;De 60-64;268
Manabí;Pichincha;De 65-69;231
Manabí;Pichincha;De 70-74;147
Manabí;Pichincha;De 75-79;109
Manabí;Pichincha;De 80-84;48
Manabí;Pichincha;85 o más;31
Manabí;Pichincha;Total San Sebastián;4.787
Manabí;Pichincha;De 0-4;371
Manabí;Pichincha;De 5-9;363
Manabí;Pichincha;De 10-14;483
Manabí;Pichincha;De 15-19;529
Manabí;Pichincha;De 20-24;413
Manabí;Pichincha;De 25-29;292
Manabí;Pichincha;De 30-34;281
Manabí;Pichincha;De 35-39;306
Manabí;Pichincha;De 40-44;275
Manabí;Pichincha;De 45-49;264
Manabí;Pichincha;De 50-54;276
Manabí;Pichincha;De 55-59;250
Manabí;Pichincha;De 60-64;207
Manabí;Pichincha;De 65-69;158
Manabí;Pichincha;De 70-74;118
Manabí;Pichincha;De 75-79;83
Manabí;Pichincha;De 80-84;53
Manabí;Pichincha;85 o más;65
Manabí;Rocafuerte;Total Rocafuerte;42.688
Manabí;Rocafuerte;De 0-4;3.227
Manabí;Rocafuerte;De 5-9;3.420
Manabí;Rocafuerte;De 10-14;3.828
Manabí;Rocafuerte;De 15-19;3.531
Manabí;Rocafuerte;De 20-24;3.926
Manabí;Rocafuerte;De 25-29;3.310
Manabí;Rocafuerte;De 30-34;3.027
Manabí;Rocafuerte;De 35-39;2.702
Manabí;Rocafuerte;De 40-44;2.839
Manabí;Rocafuerte;De 45-49;2.614
Manabí;Rocafuerte;De 50-54;2.426
Manabí;Rocafuerte;De 55-59;2.058
Manabí;Rocafuerte;De 60-64;1.623
Manabí;Rocafuerte;De 65-69;1.377
Manabí;Rocafuerte;De 70-74;1.070
Manabí;Rocafuerte;De 75-79;751
Manabí;Rocafuerte;De 80-84;453
Manabí;Rocafuerte;85 o más;506
Manabí;Rocafuerte;Total Rocafuerte;42.688
Manabí;Rocafuerte;De 0-4;3.227
Manabí;Rocafuerte;De 5-9;3.420
Manabí;Rocafuerte;De 10-14;3.828
Manabí;Rocafuerte;De 15-19;3.531
Manabí;Rocafuerte;De 20-24;3.926
Manabí;Rocafuerte;De 25-29;3.310
Manabí;Rocafuerte;De 30-34;3.027
Manabí;Rocafuerte;De 35-39;2.702
Manabí;Rocafuerte;De 40-44;2.839
Manabí;Rocafuerte;De 45-49;2.614
Manabí;Rocafuerte;De 50-54;2.426
Manabí;Rocafuerte;De 55-59;2.058
Manabí;Rocafuerte;De 60-64;1.623
Manabí;Rocafuerte;De 65-69;1.377
Manabí;Rocafuerte;De 70-74;1.070
Manabí;Rocafuerte;De 75-79;751
Manabí;Rocafuerte;De 80-84;453
Manabí;Rocafuerte;85 o más;506
Manabí;Santa Ana;Total Santa Ana;51.462
Manabí;Santa Ana;De 0-4;4.122
Manabí;Santa Ana;De 5-9;3.982
Manabí;Santa Ana;De 10-14;4.926
Manabí;Santa Ana;De 15-19;4.783
Manabí;Santa Ana;De 20-24;4.585
Manabí;Santa Ana;De 25-29;3.750
Manabí;Santa Ana;De 30-34;3.357
Manabí;Santa Ana;De 35-39;3.300
Manabí;Santa Ana;De 40-44;2.983
Manabí;Santa Ana;De 45-49;2.816
Manabí;Santa Ana;De 50-54;2.732
Manabí;Santa Ana;De 55-59;2.490
Manabí;Santa Ana;De 60-64;1.997
Manabí;Santa Ana;De 65-69;1.863
Manabí;Santa Ana;De 70-74;1.430
Manabí;Santa Ana;De 75-79;930
Manabí;Santa Ana;De 80-84;669
Manabí;Santa Ana;85 o más;747
Manabí;Santa Ana;Total Santa Ana de Vuelta Larga;24.506
Manabí;Santa Ana;De 0-4;1.857
Manabí;Santa Ana;De 5-9;1.818
Manabí;Santa Ana;De 10-14;2.182
Manabí;Santa Ana;De 15-19;1.962
Manabí;Santa Ana;De 20-24;2.211
Manabí;Santa Ana;De 25-29;1.852
Manabí;Santa Ana;De 30-34;1.701
Manabí;Santa Ana;De 35-39;1.651
Manabí;Santa Ana;De 40-44;1.474
Manabí;Santa Ana;De 45-49;1.424
Manabí;Santa Ana;De 50-54;1.324
Manabí;Santa Ana;De 55-59;1.221
Manabí;Santa Ana;De 60-64;1.036
Manabí;Santa Ana;De 65-69;891
Manabí;Santa Ana;De 70-74;696
Manabí;Santa Ana;De 75-79;479
Manabí;Santa Ana;De 80-84;333
Manabí;Santa Ana;85 o más;394
Manabí;Santa Ana;Total Ayacucho;7.934
Manabí;Santa Ana;De 0-4;568
Manabí;Santa Ana;De 5-9;604
Manabí;Santa Ana;De 10-14;747
Manabí;Santa Ana;De 15-19;790
Manabí;Santa Ana;De 20-24;775
Manabí;Santa Ana;De 25-29;556
Manabí;Santa Ana;De 30-34;491
Manabí;Santa Ana;De 35-39;487
Manabí;Santa Ana;De 40-44;492
Manabí;Santa Ana;De 45-49;440
Manabí;Santa Ana;De 50-54;414
Manabí;Santa Ana;De 55-59;377
Manabí;Santa Ana;De 60-64;302
Manabí;Santa Ana;De 65-69;288
Manabí;Santa Ana;De 70-74;231
Manabí;Santa Ana;De 75-79;139
Manabí;Santa Ana;De 80-84;103
Manabí;Santa Ana;85 o más;130
Manabí;Santa Ana;Total Honorato Vásquez;5.813
Manabí;Santa Ana;De 0-4;478
Manabí;Santa Ana;De 5-9;455
Manabí;Santa Ana;De 10-14;576
Manabí;Santa Ana;De 15-19;605
Manabí;Santa Ana;De 20-24;494
Manabí;Santa Ana;De 25-29;397
Manabí;Santa Ana;De 30-34;340
Manabí;Santa Ana;De 35-39;340
Manabí;Santa Ana;De 40-44;303
Manabí;Santa Ana;De 45-49;306
Manabí;Santa Ana;De 50-54;316
Manabí;Santa Ana;De 55-59;275
Manabí;Santa Ana;De 60-64;235
Manabí;Santa Ana;De 65-69;226
Manabí;Santa Ana;De 70-74;186
Manabí;Santa Ana;De 75-79;120
Manabí;Santa Ana;De 80-84;90
Manabí;Santa Ana;85 o más;71
Manabí;Santa Ana;Total La Unión;7.200
Manabí;Santa Ana;De 0-4;607
Manabí;Santa Ana;De 5-9;566
Manabí;Santa Ana;De 10-14;742
Manabí;Santa Ana;De 15-19;732
Manabí;Santa Ana;De 20-24;601
Manabí;Santa Ana;De 25-29;547
Manabí;Santa Ana;De 30-34;446
Manabí;Santa Ana;De 35-39;478
Manabí;Santa Ana;De 40-44;374
Manabí;Santa Ana;De 45-49;341
Manabí;Santa Ana;De 50-54;395
Manabí;Santa Ana;De 55-59;357
Manabí;Santa Ana;De 60-64;245
Manabí;Santa Ana;De 65-69;286
Manabí;Santa Ana;De 70-74;187
Manabí;Santa Ana;De 75-79;106
Manabí;Santa Ana;De 80-84;85
Manabí;Santa Ana;85 o más;105
Manabí;Santa Ana;Total San Pablo;6.009
Manabí;Santa Ana;De 0-4;612
Manabí;Santa Ana;De 5-9;539
Manabí;Santa Ana;De 10-14;679
Manabí;Santa Ana;De 15-19;694
Manabí;Santa Ana;De 20-24;504
Manabí;Santa Ana;De 25-29;398
Manabí;Santa Ana;De 30-34;379
Manabí;Santa Ana;De 35-39;344
Manabí;Santa Ana;De 40-44;340
Manabí;Santa Ana;De 45-49;305
Manabí;Santa Ana;De 50-54;283
Manabí;Santa Ana;De 55-59;260
Manabí;Santa Ana;De 60-64;179
Manabí;Santa Ana;De 65-69;172
Manabí;Santa Ana;De 70-74;130
Manabí;Santa Ana;De 75-79;86
Manabí;Santa Ana;De 80-84;58
Manabí;Santa Ana;85 o más;47
Manabí;Sucre;Total Sucre;62.841
Manabí;Sucre;De 0-4;4.973
Manabí;Sucre;De 5-9;4.952
Manabí;Sucre;De 10-14;5.861
Manabí;Sucre;De 15-19;5.444
Manabí;Sucre;De 20-24;5.543
Manabí;Sucre;De 25-29;4.846
Manabí;Sucre;De 30-34;4.293
Manabí;Sucre;De 35-39;3.902
Manabí;Sucre;De 40-44;3.696
Manabí;Sucre;De 45-49;3.544
Manabí;Sucre;De 50-54;3.503
Manabí;Sucre;De 55-59;3.073
Manabí;Sucre;De 60-64;2.624
Manabí;Sucre;De 65-69;2.219
Manabí;Sucre;De 70-74;1.729
Manabí;Sucre;De 75-79;1.107
Manabí;Sucre;De 80-84;745
Manabí;Sucre;85 o más;787
Manabí;Sucre;Total Bahia de Caráquez;27.284
Manabí;Sucre;De 0-4;2.142
Manabí;Sucre;De 5-9;2.121
Manabí;Sucre;De 10-14;2.435
Manabí;Sucre;De 15-19;2.267
Manabí;Sucre;De 20-24;2.467
Manabí;Sucre;De 25-29;2.207
Manabí;Sucre;De 30-34;1.958
Manabí;Sucre;De 35-39;1.698
Manabí;Sucre;De 40-44;1.534
Manabí;Sucre;De 45-49;1.549
Manabí;Sucre;De 50-54;1.530
Manabí;Sucre;De 55-59;1.364
Manabí;Sucre;De 60-64;1.199
Manabí;Sucre;De 65-69;970
Manabí;Sucre;De 70-74;728
Manabí;Sucre;De 75-79;468
Manabí;Sucre;De 80-84;320
Manabí;Sucre;85 o más;327
Manabí;Sucre;Total Charapotó;23.361
Manabí;Sucre;De 0-4;1.841
Manabí;Sucre;De 5-9;1.826
Manabí;Sucre;De 10-14;2.216
Manabí;Sucre;De 15-19;1.951
Manabí;Sucre;De 20-24;2.131
Manabí;Sucre;De 25-29;1.776
Manabí;Sucre;De 30-34;1.593
Manabí;Sucre;De 35-39;1.475
Manabí;Sucre;De 40-44;1.505
Manabí;Sucre;De 45-49;1.355
Manabí;Sucre;De 50-54;1.284
Manabí;Sucre;De 55-59;1.124
Manabí;Sucre;De 60-64;887
Manabí;Sucre;De 65-69;811
Manabí;Sucre;De 70-74;613
Manabí;Sucre;De 75-79;406
Manabí;Sucre;De 80-84;267
Manabí;Sucre;85 o más;300
Manabí;Sucre;Total San Isidro;12.196
Manabí;Sucre;De 0-4;990
Manabí;Sucre;De 5-9;1.005
Manabí;Sucre;De 10-14;1.210
Manabí;Sucre;De 15-19;1.226
Manabí;Sucre;De 20-24;945
Manabí;Sucre;De 25-29;863
Manabí;Sucre;De 30-34;742
Manabí;Sucre;De 35-39;729
Manabí;Sucre;De 40-44;657
Manabí;Sucre;De 45-49;640
Manabí;Sucre;De 50-54;689
Manabí;Sucre;De 55-59;585
Manabí;Sucre;De 60-64;538
Manabí;Sucre;De 65-69;438
Manabí;Sucre;De 70-74;388
Manabí;Sucre;De 75-79;233
Manabí;Sucre;De 80-84;158
Manabí;Sucre;85 o más;160
Manabí;Tosagua;Total Tosagua;42.853
Manabí;Tosagua;De 0-4;3.568
Manabí;Tosagua;De 5-9;3.538
Manabí;Tosagua;De 10-14;3.897
Manabí;Tosagua;De 15-19;3.867
Manabí;Tosagua;De 20-24;3.870
Manabí;Tosagua;De 25-29;3.387
Manabí;Tosagua;De 30-34;2.972
Manabí;Tosagua;De 35-39;2.685
Manabí;Tosagua;De 40-44;2.447
Manabí;Tosagua;De 45-49;2.453
Manabí;Tosagua;De 50-54;2.370
Manabí;Tosagua;De 55-59;2.093
Manabí;Tosagua;De 60-64;1.721
Manabí;Tosagua;De 65-69;1.293
Manabí;Tosagua;De 70-74;1.024
Manabí;Tosagua;De 75-79;715
Manabí;Tosagua;De 80-84;480
Manabí;Tosagua;85 o más;473
Manabí;Tosagua;Total Tosagua;31.309
Manabí;Tosagua;De 0-4;2.678
Manabí;Tosagua;De 5-9;2.703
Manabí;Tosagua;De 10-14;2.899
Manabí;Tosagua;De 15-19;2.881
Manabí;Tosagua;De 20-24;2.830
Manabí;Tosagua;De 25-29;2.530
Manabí;Tosagua;De 30-34;2.182
Manabí;Tosagua;De 35-39;1.987
Manabí;Tosagua;De 40-44;1.806
Manabí;Tosagua;De 45-49;1.763
Manabí;Tosagua;De 50-54;1.701
Manabí;Tosagua;De 55-59;1.441
Manabí;Tosagua;De 60-64;1.186
Manabí;Tosagua;De 65-69;880
Manabí;Tosagua;De 70-74;705
Manabí;Tosagua;De 75-79;497
Manabí;Tosagua;De 80-84;330
Manabí;Tosagua;85 o más;310
Manabí;Tosagua;Total Bachillero;4.438
Manabí;Tosagua;De 0-4;365
Manabí;Tosagua;De 5-9;311
Manabí;Tosagua;De 10-14;412
Manabí;Tosagua;De 15-19;396
Manabí;Tosagua;De 20-24;411
Manabí;Tosagua;De 25-29;323
Manabí;Tosagua;De 30-34;274
Manabí;Tosagua;De 35-39;255
Manabí;Tosagua;De 40-44;237
Manabí;Tosagua;De 45-49;256
Manabí;Tosagua;De 50-54;256
Manabí;Tosagua;De 55-59;249
Manabí;Tosagua;De 60-64;222
Manabí;Tosagua;De 65-69;150
Manabí;Tosagua;De 70-74;119
Manabí;Tosagua;De 75-79;77
Manabí;Tosagua;De 80-84;65
Manabí;Tosagua;85 o más;60
Manabí;Tosagua;Total Ángel Pedro Giler;7.106
Manabí;Tosagua;De 0-4;525
Manabí;Tosagua;De 5-9;524
Manabí;Tosagua;De 10-14;586
Manabí;Tosagua;De 15-19;590
Manabí;Tosagua;De 20-24;629
Manabí;Tosagua;De 25-29;534
Manabí;Tosagua;De 30-34;516
Manabí;Tosagua;De 35-39;443
Manabí;Tosagua;De 40-44;404
Manabí;Tosagua;De 45-49;434
Manabí;Tosagua;De 50-54;413
Manabí;Tosagua;De 55-59;403
Manabí;Tosagua;De 60-64;313
Manabí;Tosagua;De 65-69;263
Manabí;Tosagua;De 70-74;200
Manabí;Tosagua;De 75-79;141
Manabí;Tosagua;De 80-84;85
Manabí;Tosagua;85 o más;103
Manabí;24 de Mayo;Total 24 de Mayo;31.473
Manabí;24 de Mayo;De 0-4;2.417
Manabí;24 de Mayo;De 5-9;2.240
Manabí;24 de Mayo;De 10-14;3.040
Manabí;24 de Mayo;De 15-19;2.996
Manabí;24 de Mayo;De 20-24;2.847
Manabí;24 de Mayo;De 25-29;2.170
Manabí;24 de Mayo;De 30-34;1.907
Manabí;24 de Mayo;De 35-39;1.826
Manabí;24 de Mayo;De 40-44;1.709
Manabí;24 de Mayo;De 45-49;1.541
Manabí;24 de Mayo;De 50-54;1.600
Manabí;24 de Mayo;De 55-59;1.548
Manabí;24 de Mayo;De 60-64;1.361
Manabí;24 de Mayo;De 65-69;1.318
Manabí;24 de Mayo;De 70-74;1.097
Manabí;24 de Mayo;De 75-79;709
Manabí;24 de Mayo;De 80-84;547
Manabí;24 de Mayo;85 o más;600
Manabí;24 de Mayo;Total Sucre;15.645
Manabí;24 de Mayo;De 0-4;1.183
Manabí;24 de Mayo;De 5-9;1.144
Manabí;24 de Mayo;De 10-14;1.517
Manabí;24 de Mayo;De 15-19;1.472
Manabí;24 de Mayo;De 20-24;1.440
Manabí;24 de Mayo;De 25-29;1.120
Manabí;24 de Mayo;De 30-34;979
Manabí;24 de Mayo;De 35-39;946
Manabí;24 de Mayo;De 40-44;897
Manabí;24 de Mayo;De 45-49;785
Manabí;24 de Mayo;De 50-54;760
Manabí;24 de Mayo;De 55-59;730
Manabí;24 de Mayo;De 60-64;642
Manabí;24 de Mayo;De 65-69;636
Manabí;24 de Mayo;De 70-74;503
Manabí;24 de Mayo;De 75-79;332
Manabí;24 de Mayo;De 80-84;247
Manabí;24 de Mayo;85 o más;312
Manabí;24 de Mayo;Total Bellavista;5.693
Manabí;24 de Mayo;De 0-4;441
Manabí;24 de Mayo;De 5-9;394
Manabí;24 de Mayo;De 10-14;568
Manabí;24 de Mayo;De 15-19;556
Manabí;24 de Mayo;De 20-24;552
Manabí;24 de Mayo;De 25-29;349
Manabí;24 de Mayo;De 30-34;332
Manabí;24 de Mayo;De 35-39;299
Manabí;24 de Mayo;De 40-44;306
Manabí;24 de Mayo;De 45-49;281
Manabí;24 de Mayo;De 50-54;303
Manabí;24 de Mayo;De 55-59;308
Manabí;24 de Mayo;De 60-64;244
Manabí;24 de Mayo;De 65-69;243
Manabí;24 de Mayo;De 70-74;202
Manabí;24 de Mayo;De 75-79;127
Manabí;24 de Mayo;De 80-84;97
Manabí;24 de Mayo;85 o más;91
Manabí;24 de Mayo;Total Noboa;7.063
Manabí;24 de Mayo;De 0-4;555
Manabí;24 de Mayo;De 5-9;485
Manabí;24 de Mayo;De 10-14;649
Manabí;24 de Mayo;De 15-19;686
Manabí;24 de Mayo;De 20-24;628
Manabí;24 de Mayo;De 25-29;498
Manabí;24 de Mayo;De 30-34;409
Manabí;24 de Mayo;De 35-39;387
Manabí;24 de Mayo;De 40-44;348
Manabí;24 de Mayo;De 45-49;325
Manabí;24 de Mayo;De 50-54;372
Manabí;24 de Mayo;De 55-59;353
Manabí;24 de Mayo;De 60-64;333
Manabí;24 de Mayo;De 65-69;296
Manabí;24 de Mayo;De 70-74;268
Manabí;24 de Mayo;De 75-79;186
Manabí;24 de Mayo;De 80-84;137
Manabí;24 de Mayo;85 o más;148
Manabí;24 de Mayo;Total Arquitecto Sixto Durán Ballén;3.072
Manabí;24 de Mayo;De 0-4;238
Manabí;24 de Mayo;De 5-9;217
Manabí;24 de Mayo;De 10-14;306
Manabí;24 de Mayo;De 15-19;282
Manabí;24 de Mayo;De 20-24;227
Manabí;24 de Mayo;De 25-29;203
Manabí;24 de Mayo;De 30-34;187
Manabí;24 de Mayo;De 35-39;194
Manabí;24 de Mayo;De 40-44;158
Manabí;24 de Mayo;De 45-49;150
Manabí;24 de Mayo;De 50-54;165
Manabí;24 de Mayo;De 55-59;157
Manabí;24 de Mayo;De 60-64;142
Manabí;24 de Mayo;De 65-69;143
Manabí;24 de Mayo;De 70-74;124
Manabí;24 de Mayo;De 75-79;64
Manabí;24 de Mayo;De 80-84;66
Manabí;24 de Mayo;85 o más;49
Manabí;Pedernales;Total Pedernales;70.408
Manabí;Pedernales;De 0-4;7.867
Manabí;Pedernales;De 5-9;7.336
Manabí;Pedernales;De 10-14;8.370
Manabí;Pedernales;De 15-19;7.748
Manabí;Pedernales;De 20-24;6.729
Manabí;Pedernales;De 25-29;5.286
Manabí;Pedernales;De 30-34;4.804
Manabí;Pedernales;De 35-39;4.066
Manabí;Pedernales;De 40-44;3.521
Manabí;Pedernales;De 45-49;3.220
Manabí;Pedernales;De 50-54;2.959
Manabí;Pedernales;De 55-59;2.435
Manabí;Pedernales;De 60-64;2.022
Manabí;Pedernales;De 65-69;1.491
Manabí;Pedernales;De 70-74;1.077
Manabí;Pedernales;De 75-79;667
Manabí;Pedernales;De 80-84;427
Manabí;Pedernales;85 o más;383
Manabí;Pedernales;Total Pedernales;43.049
Manabí;Pedernales;De 0-4;4.782
Manabí;Pedernales;De 5-9;4.547
Manabí;Pedernales;De 10-14;4.999
Manabí;Pedernales;De 15-19;4.743
Manabí;Pedernales;De 20-24;4.225
Manabí;Pedernales;De 25-29;3.361
Manabí;Pedernales;De 30-34;3.142
Manabí;Pedernales;De 35-39;2.542
Manabí;Pedernales;De 40-44;2.169
Manabí;Pedernales;De 45-49;1.918
Manabí;Pedernales;De 50-54;1.785
Manabí;Pedernales;De 55-59;1.435
Manabí;Pedernales;De 60-64;1.190
Manabí;Pedernales;De 65-69;851
Manabí;Pedernales;De 70-74;551
Manabí;Pedernales;De 75-79;360
Manabí;Pedernales;De 80-84;242
Manabí;Pedernales;85 o más;207
Manabí;Pedernales;Total Cojimíes;18.664
Manabí;Pedernales;De 0-4;2.205
Manabí;Pedernales;De 5-9;1.973
Manabí;Pedernales;De 10-14;2.338
Manabí;Pedernales;De 15-19;2.097
Manabí;Pedernales;De 20-24;1.762
Manabí;Pedernales;De 25-29;1.373
Manabí;Pedernales;De 30-34;1.141
Manabí;Pedernales;De 35-39;1.058
Manabí;Pedernales;De 40-44;894
Manabí;Pedernales;De 45-49;875
Manabí;Pedernales;De 50-54;751
Manabí;Pedernales;De 55-59;652
Manabí;Pedernales;De 60-64;510
Manabí;Pedernales;De 65-69;404
Manabí;Pedernales;De 70-74;285
Manabí;Pedernales;De 75-79;155
Manabí;Pedernales;De 80-84;99
Manabí;Pedernales;85 o más;92
Manabí;Pedernales;Total Diez de Agosto;6.140
Manabí;Pedernales;De 0-4;625
Manabí;Pedernales;De 5-9;593
Manabí;Pedernales;De 10-14;704
Manabí;Pedernales;De 15-19;654
Manabí;Pedernales;De 20-24;543
Manabí;Pedernales;De 25-29;383
Manabí;Pedernales;De 30-34;368
Manabí;Pedernales;De 35-39;332
Manabí;Pedernales;De 40-44;343
Manabí;Pedernales;De 45-49;280
Manabí;Pedernales;De 50-54;288
Manabí;Pedernales;De 55-59;251
Manabí;Pedernales;De 60-64;229
Manabí;Pedernales;De 65-69;158
Manabí;Pedernales;De 70-74;168
Manabí;Pedernales;De 75-79;109
Manabí;Pedernales;De 80-84;63
Manabí;Pedernales;85 o más;49
Manabí;Pedernales;Total Atahualpa;2.555
Manabí;Pedernales;De 0-4;255
Manabí;Pedernales;De 5-9;223
Manabí;Pedernales;De 10-14;329
Manabí;Pedernales;De 15-19;254
Manabí;Pedernales;De 20-24;199
Manabí;Pedernales;De 25-29;169
Manabí;Pedernales;De 30-34;153
Manabí;Pedernales;De 35-39;134
Manabí;Pedernales;De 40-44;115
Manabí;Pedernales;De 45-49;147
Manabí;Pedernales;De 50-54;135
Manabí;Pedernales;De 55-59;97
Manabí;Pedernales;De 60-64;93
Manabí;Pedernales;De 65-69;78
Manabí;Pedernales;De 70-74;73
Manabí;Pedernales;De 75-79;43
Manabí;Pedernales;De 80-84;23
Manabí;Pedernales;85 o más;35
Manabí;Olmedo;Total Olmedo;10.090
Manabí;Olmedo;De 0-4;764
Manabí;Olmedo;De 5-9;775
Manabí;Olmedo;De 10-14;983
Manabí;Olmedo;De 15-19;1.001
Manabí;Olmedo;De 20-24;888
Manabí;Olmedo;De 25-29;633
Manabí;Olmedo;De 30-34;619
Manabí;Olmedo;De 35-39;583
Manabí;Olmedo;De 40-44;605
Manabí;Olmedo;De 45-49;551
Manabí;Olmedo;De 50-54;536
Manabí;Olmedo;De 55-59;479
Manabí;Olmedo;De 60-64;428
Manabí;Olmedo;De 65-69;421
Manabí;Olmedo;De 70-74;319
Manabí;Olmedo;De 75-79;249
Manabí;Olmedo;De 80-84;123
Manabí;Olmedo;85 o más;133
Manabí;Olmedo;Total Olmedo;10.090
Manabí;Olmedo;De 0-4;764
Manabí;Olmedo;De 5-9;775
Manabí;Olmedo;De 10-14;983
Manabí;Olmedo;De 15-19;1.001
Manabí;Olmedo;De 20-24;888
Manabí;Olmedo;De 25-29;633
Manabí;Olmedo;De 30-34;619
Manabí;Olmedo;De 35-39;583
Manabí;Olmedo;De 40-44;605
Manabí;Olmedo;De 45-49;551
Manabí;Olmedo;De 50-54;536
Manabí;Olmedo;De 55-59;479
Manabí;Olmedo;De 60-64;428
Manabí;Olmedo;De 65-69;421
Manabí;Olmedo;De 70-74;319
Manabí;Olmedo;De 75-79;249
Manabí;Olmedo;De 80-84;123
Manabí;Olmedo;85 o más;133
Manabí;Puerto López;Total Puerto López;25.630
Manabí;Puerto López;De 0-4;2.379
Manabí;Puerto López;De 5-9;2.284
Manabí;Puerto López;De 10-14;2.792
Manabí;Puerto López;De 15-19;2.329
Manabí;Puerto López;De 20-24;2.473
Manabí;Puerto López;De 25-29;2.109
Manabí;Puerto López;De 30-34;1.835
Manabí;Puerto López;De 35-39;1.648
Manabí;Puerto López;De 40-44;1.707
Manabí;Puerto López;De 45-49;1.503
Manabí;Puerto López;De 50-54;1.169
Manabí;Puerto López;De 55-59;982
Manabí;Puerto López;De 60-64;725
Manabí;Puerto López;De 65-69;604
Manabí;Puerto López;De 70-74;454
Manabí;Puerto López;De 75-79;288
Manabí;Puerto López;De 80-84;188
Manabí;Puerto López;85 o más;161
Manabí;Puerto López;Total Puerto López;13.489
Manabí;Puerto López;De 0-4;1.309
Manabí;Puerto López;De 5-9;1.208
Manabí;Puerto López;De 10-14;1.482
Manabí;Puerto López;De 15-19;1.240
Manabí;Puerto López;De 20-24;1.320
Manabí;Puerto López;De 25-29;1.079
Manabí;Puerto López;De 30-34;955
Manabí;Puerto López;De 35-39;882
Manabí;Puerto López;De 40-44;927
Manabí;Puerto López;De 45-49;731
Manabí;Puerto López;De 50-54;587
Manabí;Puerto López;De 55-59;550
Manabí;Puerto López;De 60-64;377
Manabí;Puerto López;De 65-69;297
Manabí;Puerto López;De 70-74;212
Manabí;Puerto López;De 75-79;145
Manabí;Puerto López;De 80-84;102
Manabí;Puerto López;85 o más;86
Manabí;Puerto López;Total Machalilla;6.303
Manabí;Puerto López;De 0-4;568
Manabí;Puerto López;De 5-9;543
Manabí;Puerto López;De 10-14;709
Manabí;Puerto López;De 15-19;542
Manabí;Puerto López;De 20-24;586
Manabí;Puerto López;De 25-29;564
Manabí;Puerto López;De 30-34;436
Manabí;Puerto López;De 35-39;378
Manabí;Puerto López;De 40-44;419
Manabí;Puerto López;De 45-49;408
Manabí;Puerto López;De 50-54;323
Manabí;Puerto López;De 55-59;220
Manabí;Puerto López;De 60-64;188
Manabí;Puerto López;De 65-69;150
Manabí;Puerto López;De 70-74;119
Manabí;Puerto López;De 75-79;72
Manabí;Puerto López;De 80-84;43
Manabí;Puerto López;85 o más;35
Manabí;Puerto López;Total Salango;5.838
Manabí;Puerto López;De 0-4;502
Manabí;Puerto López;De 5-9;533
Manabí;Puerto López;De 10-14;601
Manabí;Puerto López;De 15-19;547
Manabí;Puerto López;De 20-24;567
Manabí;Puerto López;De 25-29;466
Manabí;Puerto López;De 30-34;444
Manabí;Puerto López;De 35-39;388
Manabí;Puerto López;De 40-44;361
Manabí;Puerto López;De 45-49;364
Manabí;Puerto López;De 50-54;259
Manabí;Puerto López;De 55-59;212
Manabí;Puerto López;De 60-64;160
Manabí;Puerto López;De 65-69;157
Manabí;Puerto López;De 70-74;123
Manabí;Puerto López;De 75-79;71
Manabí;Puerto López;De 80-84;43
Manabí;Puerto López;85 o más;40
Manabí;Jama;Total Jama;16.588
Manabí;Jama;De 0-4;1.661
Manabí;Jama;De 5-9;1.475
Manabí;Jama;De 10-14;1.735
Manabí;Jama;De 15-19;1.684
Manabí;Jama;De 20-24;1.403
Manabí;Jama;De 25-29;1.294
Manabí;Jama;De 30-34;1.109
Manabí;Jama;De 35-39;1.070
Manabí;Jama;De 40-44;940
Manabí;Jama;De 45-49;828
Manabí;Jama;De 50-54;771
Manabí;Jama;De 55-59;671
Manabí;Jama;De 60-64;616
Manabí;Jama;De 65-69;466
Manabí;Jama;De 70-74;326
Manabí;Jama;De 75-79;239
Manabí;Jama;De 80-84;128
Manabí;Jama;85 o más;172
Manabí;Jama;Total Jama;16.588
Manabí;Jama;De 0-4;1.661
Manabí;Jama;De 5-9;1.475
Manabí;Jama;De 10-14;1.735
Manabí;Jama;De 15-19;1.684
Manabí;Jama;De 20-24;1.403
Manabí;Jama;De 25-29;1.294
Manabí;Jama;De 30-34;1.109
Manabí;Jama;De 35-39;1.070
Manabí;Jama;De 40-44;940
Manabí;Jama;De 45-49;828
Manabí;Jama;De 50-54;771
Manabí;Jama;De 55-59;671
Manabí;Jama;De 60-64;616
Manabí;Jama;De 65-69;466
Manabí;Jama;De 70-74;326
Manabí;Jama;De 75-79;239
Manabí;Jama;De 80-84;128
Manabí;Jama;85 o más;172
Manabí;Jaramijó;Total Jaramijó;29.759
Manabí;Jaramijó;De 0-4;3.077
Manabí;Jaramijó;De 5-9;2.939
Manabí;Jaramijó;De 10-14;3.267
Manabí;Jaramijó;De 15-19;2.897
Manabí;Jaramijó;De 20-24;2.895
Manabí;Jaramijó;De 25-29;2.420
Manabí;Jaramijó;De 30-34;2.328
Manabí;Jaramijó;De 35-39;2.092
Manabí;Jaramijó;De 40-44;1.863
Manabí;Jaramijó;De 45-49;1.606
Manabí;Jaramijó;De 50-54;1.334
Manabí;Jaramijó;De 55-59;1.005
Manabí;Jaramijó;De 60-64;681
Manabí;Jaramijó;De 65-69;519
Manabí;Jaramijó;De 70-74;344
Manabí;Jaramijó;De 75-79;220
Manabí;Jaramijó;De 80-84;147
Manabí;Jaramijó;85 o más;125
Manabí;Jaramijó;Total Jaramijó;29.759
Manabí;Jaramijó;De 0-4;3.077
Manabí;Jaramijó;De 5-9;2.939
Manabí;Jaramijó;De 10-14;3.267
Manabí;Jaramijó;De 15-19;2.897
Manabí;Jaramijó;De 20-24;2.895
Manabí;Jaramijó;De 25-29;2.420
Manabí;Jaramijó;De 30-34;2.328
Manabí;Jaramijó;De 35-39;2.092
Manabí;Jaramijó;De 40-44;1.863
Manabí;Jaramijó;De 45-49;1.606
Manabí;Jaramijó;De 50-54;1.334
Manabí;Jaramijó;De 55-59;1.005
Manabí;Jaramijó;De 60-64;681
Manabí;Jaramijó;De 65-69;519
Manabí;Jaramijó;De 70-74;344
Manabí;Jaramijó;De 75-79;220
Manabí;Jaramijó;De 80-84;147
Manabí;Jaramijó;85 o más;125
Manabí;San Vicente;Total San Vicente;24.997
Manabí;San Vicente;De 0-4;2.224
Manabí;San Vicente;De 5-9;2.030
Manabí;San Vicente;De 10-14;2.423
Manabí;San Vicente;De 15-19;2.472
Manabí;San Vicente;De 20-24;2.174
Manabí;San Vicente;De 25-29;1.868
Manabí;San Vicente;De 30-34;1.621
Manabí;San Vicente;De 35-39;1.601
Manabí;San Vicente;De 40-44;1.479
Manabí;San Vicente;De 45-49;1.377
Manabí;San Vicente;De 50-54;1.246
Manabí;San Vicente;De 55-59;1.124
Manabí;San Vicente;De 60-64;1.012
Manabí;San Vicente;De 65-69;797
Manabí;San Vicente;De 70-74;625
Manabí;San Vicente;De 75-79;406
Manabí;San Vicente;De 80-84;238
Manabí;San Vicente;85 o más;280
Manabí;San Vicente;Total San Vicente;16.880
Manabí;San Vicente;De 0-4;1.475
Manabí;San Vicente;De 5-9;1.352
Manabí;San Vicente;De 10-14;1.575
Manabí;San Vicente;De 15-19;1.656
Manabí;San Vicente;De 20-24;1.450
Manabí;San Vicente;De 25-29;1.309
Manabí;San Vicente;De 30-34;1.117
Manabí;San Vicente;De 35-39;1.090
Manabí;San Vicente;De 40-44;981
Manabí;San Vicente;De 45-49;928
Manabí;San Vicente;De 50-54;865
Manabí;San Vicente;De 55-59;788
Manabí;San Vicente;De 60-64;689
Manabí;San Vicente;De 65-69;553
Manabí;San Vicente;De 70-74;419
Manabí;San Vicente;De 75-79;280
Manabí;San Vicente;De 80-84;162
Manabí;San Vicente;85 o más;191
Manabí;San Vicente;Total Canoa;8.117
Manabí;San Vicente;De 0-4;749
Manabí;San Vicente;De 5-9;678
Manabí;San Vicente;De 10-14;848
Manabí;San Vicente;De 15-19;816
Manabí;San Vicente;De 20-24;724
Manabí;San Vicente;De 25-29;559
Manabí;San Vicente;De 30-34;504
Manabí;San Vicente;De 35-39;511
Manabí;San Vicente;De 40-44;498
Manabí;San Vicente;De 45-49;449
Manabí;San Vicente;De 50-54;381
Manabí;San Vicente;De 55-59;336
Manabí;San Vicente;De 60-64;323
Manabí;San Vicente;De 65-69;244
Manabí;San Vicente;De 70-74;206
Manabí;San Vicente;De 75-79;126
Manabí;San Vicente;De 80-84;76
Manabí;San Vicente;85 o más;89
Morona Santiago;Total Morona Santiago;Total Morona Santiago;192.508
Morona Santiago;Total Morona Santiago;De 0-4;23.095
Morona Santiago;Total Morona Santiago;De 5-9;23.205
Morona Santiago;Total Morona Santiago;De 10-14;24.989
Morona Santiago;Total Morona Santiago;De 15-19;20.935
Morona Santiago;Total Morona Santiago;De 20-24;15.954
Morona Santiago;Total Morona Santiago;De 25-29;14.335
Morona Santiago;Total Morona Santiago;De 30-34;13.044
Morona Santiago;Total Morona Santiago;De 35-39;11.607
Morona Santiago;Total Morona Santiago;De 40-44;9.549
Morona Santiago;Total Morona Santiago;De 45-49;7.697
Morona Santiago;Total Morona Santiago;De 50-54;6.833
Morona Santiago;Total Morona Santiago;De 55-59;5.631
Morona Santiago;Total Morona Santiago;De 60-64;4.720
Morona Santiago;Total Morona Santiago;De 65-69;3.636
Morona Santiago;Total Morona Santiago;De 70-74;2.663
Morona Santiago;Total Morona Santiago;De 75-79;2.008
Morona Santiago;Total Morona Santiago;De 80-84;1.340
Morona Santiago;Total Morona Santiago;85 o más;1.267
Morona Santiago;Morona;Total Morona;54.935
Morona Santiago;Morona;De 0-4;5.987
Morona Santiago;Morona;De 5-9;6.043
Morona Santiago;Morona;De 10-14;6.725
Morona Santiago;Morona;De 15-19;5.925
Morona Santiago;Morona;De 20-24;4.769
Morona Santiago;Morona;De 25-29;4.178
Morona Santiago;Morona;De 30-34;4.006
Morona Santiago;Morona;De 35-39;3.536
Morona Santiago;Morona;De 40-44;2.985
Morona Santiago;Morona;De 45-49;2.398
Morona Santiago;Morona;De 50-54;2.051
Morona Santiago;Morona;De 55-59;1.726
Morona Santiago;Morona;De 60-64;1.350
Morona Santiago;Morona;De 65-69;1.077
Morona Santiago;Morona;De 70-74;853
Morona Santiago;Morona;De 75-79;577
Morona Santiago;Morona;De 80-84;386
Morona Santiago;Morona;85 o más;363
Morona Santiago;Morona;Total Macas;22.621
Morona Santiago;Morona;De 0-4;1.966
Morona Santiago;Morona;De 5-9;2.173
Morona Santiago;Morona;De 10-14;2.375
Morona Santiago;Morona;De 15-19;2.109
Morona Santiago;Morona;De 20-24;2.058
Morona Santiago;Morona;De 25-29;1.995
Morona Santiago;Morona;De 30-34;1.954
Morona Santiago;Morona;De 35-39;1.725
Morona Santiago;Morona;De 40-44;1.356
Morona Santiago;Morona;De 45-49;1.057
Morona Santiago;Morona;De 50-54;945
Morona Santiago;Morona;De 55-59;826
Morona Santiago;Morona;De 60-64;636
Morona Santiago;Morona;De 65-69;480
Morona Santiago;Morona;De 70-74;376
Morona Santiago;Morona;De 75-79;242
Morona Santiago;Morona;De 80-84;162
Morona Santiago;Morona;85 o más;186
Morona Santiago;Morona;Total Alshi;399
Morona Santiago;Morona;De 0-4;25
Morona Santiago;Morona;De 5-9;32
Morona Santiago;Morona;De 10-14;44
Morona Santiago;Morona;De 15-19;52
Morona Santiago;Morona;De 20-24;34
Morona Santiago;Morona;De 25-29;28
Morona Santiago;Morona;De 30-34;19
Morona Santiago;Morona;De 35-39;20
Morona Santiago;Morona;De 40-44;32
Morona Santiago;Morona;De 45-49;31
Morona Santiago;Morona;De 50-54;19
Morona Santiago;Morona;De 55-59;17
Morona Santiago;Morona;De 60-64;7
Morona Santiago;Morona;De 65-69;11
Morona Santiago;Morona;De 70-74;5
Morona Santiago;Morona;De 75-79;10
Morona Santiago;Morona;De 80-84;6
Morona Santiago;Morona;85 o más;7
Morona Santiago;Morona;Total General Proaño;4.929
Morona Santiago;Morona;De 0-4;484
Morona Santiago;Morona;De 5-9;510
Morona Santiago;Morona;De 10-14;554
Morona Santiago;Morona;De 15-19;509
Morona Santiago;Morona;De 20-24;423
Morona Santiago;Morona;De 25-29;330
Morona Santiago;Morona;De 30-34;400
Morona Santiago;Morona;De 35-39;343
Morona Santiago;Morona;De 40-44;308
Morona Santiago;Morona;De 45-49;238
Morona Santiago;Morona;De 50-54;191
Morona Santiago;Morona;De 55-59;149
Morona Santiago;Morona;De 60-64;126
Morona Santiago;Morona;De 65-69;113
Morona Santiago;Morona;De 70-74;85
Morona Santiago;Morona;De 75-79;77
Morona Santiago;Morona;De 80-84;51
Morona Santiago;Morona;85 o más;38
Morona Santiago;Morona;Total San Isidro;1.221
Morona Santiago;Morona;De 0-4;108
Morona Santiago;Morona;De 5-9;126
Morona Santiago;Morona;De 10-14;148
Morona Santiago;Morona;De 15-19;125
Morona Santiago;Morona;De 20-24;81
Morona Santiago;Morona;De 25-29;69
Morona Santiago;Morona;De 30-34;115
Morona Santiago;Morona;De 35-39;77
Morona Santiago;Morona;De 40-44;70
Morona Santiago;Morona;De 45-49;50
Morona Santiago;Morona;De 50-54;57
Morona Santiago;Morona;De 55-59;41
Morona Santiago;Morona;De 60-64;33
Morona Santiago;Morona;De 65-69;38
Morona Santiago;Morona;De 70-74;31
Morona Santiago;Morona;De 75-79;22
Morona Santiago;Morona;De 80-84;16
Morona Santiago;Morona;85 o más;14
Morona Santiago;Morona;Total Sevilla Don Bosco;18.647
Morona Santiago;Morona;De 0-4;2.578
Morona Santiago;Morona;De 5-9;2.366
Morona Santiago;Morona;De 10-14;2.641
Morona Santiago;Morona;De 15-19;2.305
Morona Santiago;Morona;De 20-24;1.562
Morona Santiago;Morona;De 25-29;1.299
Morona Santiago;Morona;De 30-34;1.055
Morona Santiago;Morona;De 35-39;953
Morona Santiago;Morona;De 40-44;861
Morona Santiago;Morona;De 45-49;728
Morona Santiago;Morona;De 50-54;590
Morona Santiago;Morona;De 55-59;484
Morona Santiago;Morona;De 60-64;388
Morona Santiago;Morona;De 65-69;287
Morona Santiago;Morona;De 70-74;238
Morona Santiago;Morona;De 75-79;138
Morona Santiago;Morona;De 80-84;103
Morona Santiago;Morona;85 o más;71
Morona Santiago;Morona;Total Sinaí;1.034
Morona Santiago;Morona;De 0-4;109
Morona Santiago;Morona;De 5-9;112
Morona Santiago;Morona;De 10-14;145
Morona Santiago;Morona;De 15-19;99
Morona Santiago;Morona;De 20-24;80
Morona Santiago;Morona;De 25-29;53
Morona Santiago;Morona;De 30-34;66
Morona Santiago;Morona;De 35-39;45
Morona Santiago;Morona;De 40-44;39
Morona Santiago;Morona;De 45-49;56
Morona Santiago;Morona;De 50-54;46
Morona Santiago;Morona;De 55-59;36
Morona Santiago;Morona;De 60-64;28
Morona Santiago;Morona;De 65-69;28
Morona Santiago;Morona;De 70-74;38
Morona Santiago;Morona;De 75-79;26
Morona Santiago;Morona;De 80-84;17
Morona Santiago;Morona;85 o más;11
Morona Santiago;Morona;Total Zuña;223
Morona Santiago;Morona;De 0-4;20
Morona Santiago;Morona;De 5-9;26
Morona Santiago;Morona;De 10-14;25
Morona Santiago;Morona;De 15-19;26
Morona Santiago;Morona;De 20-24;14
Morona Santiago;Morona;De 25-29;20
Morona Santiago;Morona;De 30-34;14
Morona Santiago;Morona;De 35-39;14
Morona Santiago;Morona;De 40-44;10
Morona Santiago;Morona;De 45-49;15
Morona Santiago;Morona;De 50-54;13
Morona Santiago;Morona;De 55-59;5
Morona Santiago;Morona;De 60-64;3
Morona Santiago;Morona;De 65-69;8
Morona Santiago;Morona;De 70-74;7
Morona Santiago;Morona;De 75-79;1
Morona Santiago;Morona;De 80-84;1
Morona Santiago;Morona;85 o más;1
Morona Santiago;Morona;Total Cuchaentza;2.813
Morona Santiago;Morona;De 0-4;384
Morona Santiago;Morona;De 5-9;399
Morona Santiago;Morona;De 10-14;423
Morona Santiago;Morona;De 15-19;373
Morona Santiago;Morona;De 20-24;240
Morona Santiago;Morona;De 25-29;173
Morona Santiago;Morona;De 30-34;170
Morona Santiago;Morona;De 35-39;132
Morona Santiago;Morona;De 40-44;128
Morona Santiago;Morona;De 45-49;96
Morona Santiago;Morona;De 50-54;74
Morona Santiago;Morona;De 55-59;64
Morona Santiago;Morona;De 60-64;42
Morona Santiago;Morona;De 65-69;53
Morona Santiago;Morona;De 70-74;26
Morona Santiago;Morona;De 75-79;14
Morona Santiago;Morona;De 80-84;12
Morona Santiago;Morona;85 o más;10
Morona Santiago;Morona;Total Río Blanco;3.048
Morona Santiago;Morona;De 0-4;313
Morona Santiago;Morona;De 5-9;299
Morona Santiago;Morona;De 10-14;370
Morona Santiago;Morona;De 15-19;327
Morona Santiago;Morona;De 20-24;277
Morona Santiago;Morona;De 25-29;211
Morona Santiago;Morona;De 30-34;213
Morona Santiago;Morona;De 35-39;227
Morona Santiago;Morona;De 40-44;181
Morona Santiago;Morona;De 45-49;127
Morona Santiago;Morona;De 50-54;116
Morona Santiago;Morona;De 55-59;104
Morona Santiago;Morona;De 60-64;87
Morona Santiago;Morona;De 65-69;59
Morona Santiago;Morona;De 70-74;47
Morona Santiago;Morona;De 75-79;47
Morona Santiago;Morona;De 80-84;18
Morona Santiago;Morona;85 o más;25
Morona Santiago;Gualaquiza;Total Gualaquiza;21.892
Morona Santiago;Gualaquiza;De 0-4;2.329
Morona Santiago;Gualaquiza;De 5-9;2.430
Morona Santiago;Gualaquiza;De 10-14;2.661
Morona Santiago;Gualaquiza;De 15-19;2.250
Morona Santiago;Gualaquiza;De 20-24;1.784
Morona Santiago;Gualaquiza;De 25-29;1.715
Morona Santiago;Gualaquiza;De 30-34;1.631
Morona Santiago;Gualaquiza;De 35-39;1.479
Morona Santiago;Gualaquiza;De 40-44;1.122
Morona Santiago;Gualaquiza;De 45-49;911
Morona Santiago;Gualaquiza;De 50-54;858
Morona Santiago;Gualaquiza;De 55-59;702
Morona Santiago;Gualaquiza;De 60-64;614
Morona Santiago;Gualaquiza;De 65-69;475
Morona Santiago;Gualaquiza;De 70-74;331
Morona Santiago;Gualaquiza;De 75-79;266
Morona Santiago;Gualaquiza;De 80-84;173
Morona Santiago;Gualaquiza;85 o más;161
Morona Santiago;Gualaquiza;Total Gualaquiza;12.323
Morona Santiago;Gualaquiza;De 0-4;1.149
Morona Santiago;Gualaquiza;De 5-9;1.295
Morona Santiago;Gualaquiza;De 10-14;1.386
Morona Santiago;Gualaquiza;De 15-19;1.198
Morona Santiago;Gualaquiza;De 20-24;975
Morona Santiago;Gualaquiza;De 25-29;1.041
Morona Santiago;Gualaquiza;De 30-34;993
Morona Santiago;Gualaquiza;De 35-39;979
Morona Santiago;Gualaquiza;De 40-44;684
Morona Santiago;Gualaquiza;De 45-49;572
Morona Santiago;Gualaquiza;De 50-54;522
Morona Santiago;Gualaquiza;De 55-59;400
Morona Santiago;Gualaquiza;De 60-64;342
Morona Santiago;Gualaquiza;De 65-69;256
Morona Santiago;Gualaquiza;De 70-74;181
Morona Santiago;Gualaquiza;De 75-79;149
Morona Santiago;Gualaquiza;De 80-84;102
Morona Santiago;Gualaquiza;85 o más;99
Morona Santiago;Gualaquiza;Total Amazonas;165
Morona Santiago;Gualaquiza;De 0-4;15
Morona Santiago;Gualaquiza;De 5-9;21
Morona Santiago;Gualaquiza;De 10-14;15
Morona Santiago;Gualaquiza;De 15-19;16
Morona Santiago;Gualaquiza;De 20-24;10
Morona Santiago;Gualaquiza;De 25-29;15
Morona Santiago;Gualaquiza;De 30-34;7
Morona Santiago;Gualaquiza;De 35-39;9
Morona Santiago;Gualaquiza;De 40-44;5
Morona Santiago;Gualaquiza;De 45-49;10
Morona Santiago;Gualaquiza;De 50-54;11
Morona Santiago;Gualaquiza;De 55-59;9
Morona Santiago;Gualaquiza;De 60-64;5
Morona Santiago;Gualaquiza;De 65-69;3
Morona Santiago;Gualaquiza;De 70-74;8
Morona Santiago;Gualaquiza;De 75-79;1
Morona Santiago;Gualaquiza;De 80-84;2
Morona Santiago;Gualaquiza;85 o más;3
Morona Santiago;Gualaquiza;Total Bermejos;209
Morona Santiago;Gualaquiza;De 0-4;13
Morona Santiago;Gualaquiza;De 5-9;22
Morona Santiago;Gualaquiza;De 10-14;21
Morona Santiago;Gualaquiza;De 15-19;14
Morona Santiago;Gualaquiza;De 20-24;11
Morona Santiago;Gualaquiza;De 25-29;13
Morona Santiago;Gualaquiza;De 30-34;23
Morona Santiago;Gualaquiza;De 35-39;9
Morona Santiago;Gualaquiza;De 40-44;8
Morona Santiago;Gualaquiza;De 45-49;6
Morona Santiago;Gualaquiza;De 50-54;17
Morona Santiago;Gualaquiza;De 55-59;6
Morona Santiago;Gualaquiza;De 60-64;11
Morona Santiago;Gualaquiza;De 65-69;8
Morona Santiago;Gualaquiza;De 70-74;8
Morona Santiago;Gualaquiza;De 75-79;9
Morona Santiago;Gualaquiza;De 80-84;5
Morona Santiago;Gualaquiza;85 o más;5
Morona Santiago;Gualaquiza;Total Bomboíza;6.557
Morona Santiago;Gualaquiza;De 0-4;912
Morona Santiago;Gualaquiza;De 5-9;848
Morona Santiago;Gualaquiza;De 10-14;955
Morona Santiago;Gualaquiza;De 15-19;769
Morona Santiago;Gualaquiza;De 20-24;584
Morona Santiago;Gualaquiza;De 25-29;461
Morona Santiago;Gualaquiza;De 30-34;409
Morona Santiago;Gualaquiza;De 35-39;329
Morona Santiago;Gualaquiza;De 40-44;299
Morona Santiago;Gualaquiza;De 45-49;199
Morona Santiago;Gualaquiza;De 50-54;193
Morona Santiago;Gualaquiza;De 55-59;174
Morona Santiago;Gualaquiza;De 60-64;150
Morona Santiago;Gualaquiza;De 65-69;104
Morona Santiago;Gualaquiza;De 70-74;66
Morona Santiago;Gualaquiza;De 75-79;55
Morona Santiago;Gualaquiza;De 80-84;28
Morona Santiago;Gualaquiza;85 o más;22
Morona Santiago;Gualaquiza;Total Chigüinda;551
Morona Santiago;Gualaquiza;De 0-4;46
Morona Santiago;Gualaquiza;De 5-9;61
Morona Santiago;Gualaquiza;De 10-14;56
Morona Santiago;Gualaquiza;De 15-19;49
Morona Santiago;Gualaquiza;De 20-24;44
Morona Santiago;Gualaquiza;De 25-29;47
Morona Santiago;Gualaquiza;De 30-34;39
Morona Santiago;Gualaquiza;De 35-39;27
Morona Santiago;Gualaquiza;De 40-44;25
Morona Santiago;Gualaquiza;De 45-49;23
Morona Santiago;Gualaquiza;De 50-54;31
Morona Santiago;Gualaquiza;De 55-59;19
Morona Santiago;Gualaquiza;De 60-64;21
Morona Santiago;Gualaquiza;De 65-69;23
Morona Santiago;Gualaquiza;De 70-74;16
Morona Santiago;Gualaquiza;De 75-79;8
Morona Santiago;Gualaquiza;De 80-84;5
Morona Santiago;Gualaquiza;85 o más;11
Morona Santiago;Gualaquiza;Total El Rosario;570
Morona Santiago;Gualaquiza;De 0-4;52
Morona Santiago;Gualaquiza;De 5-9;50
Morona Santiago;Gualaquiza;De 10-14;60
Morona Santiago;Gualaquiza;De 15-19;67
Morona Santiago;Gualaquiza;De 20-24;33
Morona Santiago;Gualaquiza;De 25-29;34
Morona Santiago;Gualaquiza;De 30-34;47
Morona Santiago;Gualaquiza;De 35-39;35
Morona Santiago;Gualaquiza;De 40-44;39
Morona Santiago;Gualaquiza;De 45-49;16
Morona Santiago;Gualaquiza;De 50-54;23
Morona Santiago;Gualaquiza;De 55-59;27
Morona Santiago;Gualaquiza;De 60-64;22
Morona Santiago;Gualaquiza;De 65-69;27
Morona Santiago;Gualaquiza;De 70-74;16
Morona Santiago;Gualaquiza;De 75-79;11
Morona Santiago;Gualaquiza;De 80-84;8
Morona Santiago;Gualaquiza;85 o más;3
Morona Santiago;Gualaquiza;Total Nueva Tarqui;663
Morona Santiago;Gualaquiza;De 0-4;67
Morona Santiago;Gualaquiza;De 5-9;65
Morona Santiago;Gualaquiza;De 10-14;67
Morona Santiago;Gualaquiza;De 15-19;56
Morona Santiago;Gualaquiza;De 20-24;57
Morona Santiago;Gualaquiza;De 25-29;55
Morona Santiago;Gualaquiza;De 30-34;47
Morona Santiago;Gualaquiza;De 35-39;40
Morona Santiago;Gualaquiza;De 40-44;27
Morona Santiago;Gualaquiza;De 45-49;39
Morona Santiago;Gualaquiza;De 50-54;26
Morona Santiago;Gualaquiza;De 55-59;26
Morona Santiago;Gualaquiza;De 60-64;24
Morona Santiago;Gualaquiza;De 65-69;26
Morona Santiago;Gualaquiza;De 70-74;10
Morona Santiago;Gualaquiza;De 75-79;13
Morona Santiago;Gualaquiza;De 80-84;8
Morona Santiago;Gualaquiza;85 o más;10
Morona Santiago;Gualaquiza;Total San Miguel de Cuyes;125
Morona Santiago;Gualaquiza;De 0-4;8
Morona Santiago;Gualaquiza;De 5-9;14
Morona Santiago;Gualaquiza;De 10-14;12
Morona Santiago;Gualaquiza;De 15-19;7
Morona Santiago;Gualaquiza;De 20-24;10
Morona Santiago;Gualaquiza;De 25-29;7
Morona Santiago;Gualaquiza;De 30-34;7
Morona Santiago;Gualaquiza;De 35-39;4
Morona Santiago;Gualaquiza;De 40-44;5
Morona Santiago;Gualaquiza;De 45-49;7
Morona Santiago;Gualaquiza;De 50-54;5
Morona Santiago;Gualaquiza;De 55-59;10
Morona Santiago;Gualaquiza;De 60-64;10
Morona Santiago;Gualaquiza;De 65-69;9
Morona Santiago;Gualaquiza;De 70-74;3
Morona Santiago;Gualaquiza;De 75-79;4
Morona Santiago;Gualaquiza;De 80-84;3
Morona Santiago;Gualaquiza;85 o más;
Morona Santiago;Gualaquiza;Total El Ideal;729
Morona Santiago;Gualaquiza;De 0-4;67
Morona Santiago;Gualaquiza;De 5-9;54
Morona Santiago;Gualaquiza;De 10-14;89
Morona Santiago;Gualaquiza;De 15-19;74
Morona Santiago;Gualaquiza;De 20-24;60
Morona Santiago;Gualaquiza;De 25-29;42
Morona Santiago;Gualaquiza;De 30-34;59
Morona Santiago;Gualaquiza;De 35-39;47
Morona Santiago;Gualaquiza;De 40-44;30
Morona Santiago;Gualaquiza;De 45-49;39
Morona Santiago;Gualaquiza;De 50-54;30
Morona Santiago;Gualaquiza;De 55-59;31
Morona Santiago;Gualaquiza;De 60-64;29
Morona Santiago;Gualaquiza;De 65-69;19
Morona Santiago;Gualaquiza;De 70-74;23
Morona Santiago;Gualaquiza;De 75-79;16
Morona Santiago;Gualaquiza;De 80-84;12
Morona Santiago;Gualaquiza;85 o más;8
Morona Santiago;Limón Indanza;Total Limón Indanza;9.602
Morona Santiago;Limón Indanza;De 0-4;1.013
Morona Santiago;Limón Indanza;De 5-9;1.071
Morona Santiago;Limón Indanza;De 10-14;1.156
Morona Santiago;Limón Indanza;De 15-19;1.006
Morona Santiago;Limón Indanza;De 20-24;753
Morona Santiago;Limón Indanza;De 25-29;745
Morona Santiago;Limón Indanza;De 30-34;568
Morona Santiago;Limón Indanza;De 35-39;574
Morona Santiago;Limón Indanza;De 40-44;450
Morona Santiago;Limón Indanza;De 45-49;394
Morona Santiago;Limón Indanza;De 50-54;397
Morona Santiago;Limón Indanza;De 55-59;351
Morona Santiago;Limón Indanza;De 60-64;306
Morona Santiago;Limón Indanza;De 65-69;230
Morona Santiago;Limón Indanza;De 70-74;177
Morona Santiago;Limón Indanza;De 75-79;157
Morona Santiago;Limón Indanza;De 80-84;124
Morona Santiago;Limón Indanza;85 o más;130
Morona Santiago;Limón Indanza;Total Gral. Leonidas Plaza Gutiérrez;4.675
Morona Santiago;Limón Indanza;De 0-4;405
Morona Santiago;Limón Indanza;De 5-9;454
Morona Santiago;Limón Indanza;De 10-14;522
Morona Santiago;Limón Indanza;De 15-19;474
Morona Santiago;Limón Indanza;De 20-24;378
Morona Santiago;Limón Indanza;De 25-29;424
Morona Santiago;Limón Indanza;De 30-34;318
Morona Santiago;Limón Indanza;De 35-39;318
Morona Santiago;Limón Indanza;De 40-44;243
Morona Santiago;Limón Indanza;De 45-49;180
Morona Santiago;Limón Indanza;De 50-54;201
Morona Santiago;Limón Indanza;De 55-59;190
Morona Santiago;Limón Indanza;De 60-64;166
Morona Santiago;Limón Indanza;De 65-69;126
Morona Santiago;Limón Indanza;De 70-74;75
Morona Santiago;Limón Indanza;De 75-79;63
Morona Santiago;Limón Indanza;De 80-84;65
Morona Santiago;Limón Indanza;85 o más;73
Morona Santiago;Limón Indanza;Total Indanza;1.091
Morona Santiago;Limón Indanza;De 0-4;85
Morona Santiago;Limón Indanza;De 5-9;113
Morona Santiago;Limón Indanza;De 10-14;138
Morona Santiago;Limón Indanza;De 15-19;124
Morona Santiago;Limón Indanza;De 20-24;93
Morona Santiago;Limón Indanza;De 25-29;65
Morona Santiago;Limón Indanza;De 30-34;55
Morona Santiago;Limón Indanza;De 35-39;64
Morona Santiago;Limón Indanza;De 40-44;52
Morona Santiago;Limón Indanza;De 45-49;61
Morona Santiago;Limón Indanza;De 50-54;56
Morona Santiago;Limón Indanza;De 55-59;41
Morona Santiago;Limón Indanza;De 60-64;38
Morona Santiago;Limón Indanza;De 65-69;12
Morona Santiago;Limón Indanza;De 70-74;29
Morona Santiago;Limón Indanza;De 75-79;21
Morona Santiago;Limón Indanza;De 80-84;18
Morona Santiago;Limón Indanza;85 o más;26
Morona Santiago;Limón Indanza;Total San Antonio;1.468
Morona Santiago;Limón Indanza;De 0-4;232
Morona Santiago;Limón Indanza;De 5-9;234
Morona Santiago;Limón Indanza;De 10-14;191
Morona Santiago;Limón Indanza;De 15-19;131
Morona Santiago;Limón Indanza;De 20-24;109
Morona Santiago;Limón Indanza;De 25-29;106
Morona Santiago;Limón Indanza;De 30-34;68
Morona Santiago;Limón Indanza;De 35-39;75
Morona Santiago;Limón Indanza;De 40-44;44
Morona Santiago;Limón Indanza;De 45-49;51
Morona Santiago;Limón Indanza;De 50-54;51
Morona Santiago;Limón Indanza;De 55-59;41
Morona Santiago;Limón Indanza;De 60-64;37
Morona Santiago;Limón Indanza;De 65-69;26
Morona Santiago;Limón Indanza;De 70-74;21
Morona Santiago;Limón Indanza;De 75-79;26
Morona Santiago;Limón Indanza;De 80-84;12
Morona Santiago;Limón Indanza;85 o más;13
Morona Santiago;Limón Indanza;Total San Miguel de Conchay;424
Morona Santiago;Limón Indanza;De 0-4;52
Morona Santiago;Limón Indanza;De 5-9;54
Morona Santiago;Limón Indanza;De 10-14;56
Morona Santiago;Limón Indanza;De 15-19;43
Morona Santiago;Limón Indanza;De 20-24;30
Morona Santiago;Limón Indanza;De 25-29;27
Morona Santiago;Limón Indanza;De 30-34;24
Morona Santiago;Limón Indanza;De 35-39;18
Morona Santiago;Limón Indanza;De 40-44;15
Morona Santiago;Limón Indanza;De 45-49;12
Morona Santiago;Limón Indanza;De 50-54;22
Morona Santiago;Limón Indanza;De 55-59;13
Morona Santiago;Limón Indanza;De 60-64;14
Morona Santiago;Limón Indanza;De 65-69;15
Morona Santiago;Limón Indanza;De 70-74;11
Morona Santiago;Limón Indanza;De 75-79;9
Morona Santiago;Limón Indanza;De 80-84;5
Morona Santiago;Limón Indanza;85 o más;4
Morona Santiago;Limón Indanza;Total Santa Susana de Chiviaza;818
Morona Santiago;Limón Indanza;De 0-4;97
Morona Santiago;Limón Indanza;De 5-9;102
Morona Santiago;Limón Indanza;De 10-14;106
Morona Santiago;Limón Indanza;De 15-19;75
Morona Santiago;Limón Indanza;De 20-24;49
Morona Santiago;Limón Indanza;De 25-29;57
Morona Santiago;Limón Indanza;De 30-34;45
Morona Santiago;Limón Indanza;De 35-39;49
Morona Santiago;Limón Indanza;De 40-44;43
Morona Santiago;Limón Indanza;De 45-49;30
Morona Santiago;Limón Indanza;De 50-54;25
Morona Santiago;Limón Indanza;De 55-59;28
Morona Santiago;Limón Indanza;De 60-64;30
Morona Santiago;Limón Indanza;De 65-69;27
Morona Santiago;Limón Indanza;De 70-74;20
Morona Santiago;Limón Indanza;De 75-79;18
Morona Santiago;Limón Indanza;De 80-84;10
Morona Santiago;Limón Indanza;85 o más;7
Morona Santiago;Limón Indanza;Total Yunganza;1.126
Morona Santiago;Limón Indanza;De 0-4;142
Morona Santiago;Limón Indanza;De 5-9;114
Morona Santiago;Limón Indanza;De 10-14;143
Morona Santiago;Limón Indanza;De 15-19;159
Morona Santiago;Limón Indanza;De 20-24;94
Morona Santiago;Limón Indanza;De 25-29;66
Morona Santiago;Limón Indanza;De 30-34;58
Morona Santiago;Limón Indanza;De 35-39;50
Morona Santiago;Limón Indanza;De 40-44;53
Morona Santiago;Limón Indanza;De 45-49;60
Morona Santiago;Limón Indanza;De 50-54;42
Morona Santiago;Limón Indanza;De 55-59;38
Morona Santiago;Limón Indanza;De 60-64;21
Morona Santiago;Limón Indanza;De 65-69;24
Morona Santiago;Limón Indanza;De 70-74;21
Morona Santiago;Limón Indanza;De 75-79;20
Morona Santiago;Limón Indanza;De 80-84;14
Morona Santiago;Limón Indanza;85 o más;7
Morona Santiago;Palora;Total Palora;11.882
Morona Santiago;Palora;De 0-4;1.362
Morona Santiago;Palora;De 5-9;1.240
Morona Santiago;Palora;De 10-14;1.304
Morona Santiago;Palora;De 15-19;1.170
Morona Santiago;Palora;De 20-24;1.100
Morona Santiago;Palora;De 25-29;1.100
Morona Santiago;Palora;De 30-34;880
Morona Santiago;Palora;De 35-39;760
Morona Santiago;Palora;De 40-44;644
Morona Santiago;Palora;De 45-49;485
Morona Santiago;Palora;De 50-54;449
Morona Santiago;Palora;De 55-59;342
Morona Santiago;Palora;De 60-64;337
Morona Santiago;Palora;De 65-69;235
Morona Santiago;Palora;De 70-74;177
Morona Santiago;Palora;De 75-79;121
Morona Santiago;Palora;De 80-84;94
Morona Santiago;Palora;85 o más;82
Morona Santiago;Palora;Total Palora;6.717
Morona Santiago;Palora;De 0-4;666
Morona Santiago;Palora;De 5-9;618
Morona Santiago;Palora;De 10-14;650
Morona Santiago;Palora;De 15-19;646
Morona Santiago;Palora;De 20-24;639
Morona Santiago;Palora;De 25-29;693
Morona Santiago;Palora;De 30-34;512
Morona Santiago;Palora;De 35-39;488
Morona Santiago;Palora;De 40-44;386
Morona Santiago;Palora;De 45-49;310
Morona Santiago;Palora;De 50-54;282
Morona Santiago;Palora;De 55-59;205
Morona Santiago;Palora;De 60-64;196
Morona Santiago;Palora;De 65-69;133
Morona Santiago;Palora;De 70-74;112
Morona Santiago;Palora;De 75-79;70
Morona Santiago;Palora;De 80-84;60
Morona Santiago;Palora;85 o más;51
Morona Santiago;Palora;Total Arapicos;974
Morona Santiago;Palora;De 0-4;139
Morona Santiago;Palora;De 5-9;111
Morona Santiago;Palora;De 10-14;130
Morona Santiago;Palora;De 15-19;106
Morona Santiago;Palora;De 20-24;92
Morona Santiago;Palora;De 25-29;63
Morona Santiago;Palora;De 30-34;78
Morona Santiago;Palora;De 35-39;48
Morona Santiago;Palora;De 40-44;41
Morona Santiago;Palora;De 45-49;30
Morona Santiago;Palora;De 50-54;27
Morona Santiago;Palora;De 55-59;26
Morona Santiago;Palora;De 60-64;32
Morona Santiago;Palora;De 65-69;16
Morona Santiago;Palora;De 70-74;12
Morona Santiago;Palora;De 75-79;12
Morona Santiago;Palora;De 80-84;7
Morona Santiago;Palora;85 o más;4
Morona Santiago;Palora;Total Cumandá;315
Morona Santiago;Palora;De 0-4;26
Morona Santiago;Palora;De 5-9;22
Morona Santiago;Palora;De 10-14;32
Morona Santiago;Palora;De 15-19;27
Morona Santiago;Palora;De 20-24;28
Morona Santiago;Palora;De 25-29;17
Morona Santiago;Palora;De 30-34;22
Morona Santiago;Palora;De 35-39;17
Morona Santiago;Palora;De 40-44;18
Morona Santiago;Palora;De 45-49;11
Morona Santiago;Palora;De 50-54;15
Morona Santiago;Palora;De 55-59;19
Morona Santiago;Palora;De 60-64;28
Morona Santiago;Palora;De 65-69;10
Morona Santiago;Palora;De 70-74;6
Morona Santiago;Palora;De 75-79;5
Morona Santiago;Palora;De 80-84;6
Morona Santiago;Palora;85 o más;6
Morona Santiago;Palora;Total Sangay;2.515
Morona Santiago;Palora;De 0-4;346
Morona Santiago;Palora;De 5-9;317
Morona Santiago;Palora;De 10-14;304
Morona Santiago;Palora;De 15-19;250
Morona Santiago;Palora;De 20-24;238
Morona Santiago;Palora;De 25-29;210
Morona Santiago;Palora;De 30-34;182
Morona Santiago;Palora;De 35-39;124
Morona Santiago;Palora;De 40-44;113
Morona Santiago;Palora;De 45-49;98
Morona Santiago;Palora;De 50-54;82
Morona Santiago;Palora;De 55-59;61
Morona Santiago;Palora;De 60-64;53
Morona Santiago;Palora;De 65-69;59
Morona Santiago;Palora;De 70-74;30
Morona Santiago;Palora;De 75-79;23
Morona Santiago;Palora;De 80-84;10
Morona Santiago;Palora;85 o más;15
Morona Santiago;Palora;Total 16 de Agosto;1.361
Morona Santiago;Palora;De 0-4;185
Morona Santiago;Palora;De 5-9;172
Morona Santiago;Palora;De 10-14;188
Morona Santiago;Palora;De 15-19;141
Morona Santiago;Palora;De 20-24;103
Morona Santiago;Palora;De 25-29;117
Morona Santiago;Palora;De 30-34;86
Morona Santiago;Palora;De 35-39;83
Morona Santiago;Palora;De 40-44;86
Morona Santiago;Palora;De 45-49;36
Morona Santiago;Palora;De 50-54;43
Morona Santiago;Palora;De 55-59;31
Morona Santiago;Palora;De 60-64;28
Morona Santiago;Palora;De 65-69;17
Morona Santiago;Palora;De 70-74;17
Morona Santiago;Palora;De 75-79;11
Morona Santiago;Palora;De 80-84;11
Morona Santiago;Palora;85 o más;6
Morona Santiago;Santiago;Total Santiago;9.755
Morona Santiago;Santiago;De 0-4;969
Morona Santiago;Santiago;De 5-9;993
Morona Santiago;Santiago;De 10-14;1.167
Morona Santiago;Santiago;De 15-19;1.095
Morona Santiago;Santiago;De 20-24;812
Morona Santiago;Santiago;De 25-29;702
Morona Santiago;Santiago;De 30-34;654
Morona Santiago;Santiago;De 35-39;622
Morona Santiago;Santiago;De 40-44;511
Morona Santiago;Santiago;De 45-49;434
Morona Santiago;Santiago;De 50-54;396
Morona Santiago;Santiago;De 55-59;348
Morona Santiago;Santiago;De 60-64;276
Morona Santiago;Santiago;De 65-69;225
Morona Santiago;Santiago;De 70-74;178
Morona Santiago;Santiago;De 75-79;169
Morona Santiago;Santiago;De 80-84;106
Morona Santiago;Santiago;85 o más;98
Morona Santiago;Santiago;Total Santiago de Méndez;3.366
Morona Santiago;Santiago;De 0-4;291
Morona Santiago;Santiago;De 5-9;298
Morona Santiago;Santiago;De 10-14;373
Morona Santiago;Santiago;De 15-19;338
Morona Santiago;Santiago;De 20-24;245
Morona Santiago;Santiago;De 25-29;256
Morona Santiago;Santiago;De 30-34;270
Morona Santiago;Santiago;De 35-39;232
Morona Santiago;Santiago;De 40-44;204
Morona Santiago;Santiago;De 45-49;170
Morona Santiago;Santiago;De 50-54;150
Morona Santiago;Santiago;De 55-59;132
Morona Santiago;Santiago;De 60-64;111
Morona Santiago;Santiago;De 65-69;88
Morona Santiago;Santiago;De 70-74;65
Morona Santiago;Santiago;De 75-79;60
Morona Santiago;Santiago;De 80-84;40
Morona Santiago;Santiago;85 o más;43
Morona Santiago;Santiago;Total Copal;443
Morona Santiago;Santiago;De 0-4;38
Morona Santiago;Santiago;De 5-9;62
Morona Santiago;Santiago;De 10-14;39
Morona Santiago;Santiago;De 15-19;38
Morona Santiago;Santiago;De 20-24;39
Morona Santiago;Santiago;De 25-29;36
Morona Santiago;Santiago;De 30-34;29
Morona Santiago;Santiago;De 35-39;26
Morona Santiago;Santiago;De 40-44;24
Morona Santiago;Santiago;De 45-49;22
Morona Santiago;Santiago;De 50-54;21
Morona Santiago;Santiago;De 55-59;15
Morona Santiago;Santiago;De 60-64;8
Morona Santiago;Santiago;De 65-69;13
Morona Santiago;Santiago;De 70-74;13
Morona Santiago;Santiago;De 75-79;9
Morona Santiago;Santiago;De 80-84;10
Morona Santiago;Santiago;85 o más;1
Morona Santiago;Santiago;Total Chupianza;663
Morona Santiago;Santiago;De 0-4;61
Morona Santiago;Santiago;De 5-9;54
Morona Santiago;Santiago;De 10-14;79
Morona Santiago;Santiago;De 15-19;82
Morona Santiago;Santiago;De 20-24;35
Morona Santiago;Santiago;De 25-29;48
Morona Santiago;Santiago;De 30-34;37
Morona Santiago;Santiago;De 35-39;39
Morona Santiago;Santiago;De 40-44;39
Morona Santiago;Santiago;De 45-49;31
Morona Santiago;Santiago;De 50-54;36
Morona Santiago;Santiago;De 55-59;28
Morona Santiago;Santiago;De 60-64;27
Morona Santiago;Santiago;De 65-69;20
Morona Santiago;Santiago;De 70-74;13
Morona Santiago;Santiago;De 75-79;16
Morona Santiago;Santiago;De 80-84;9
Morona Santiago;Santiago;85 o más;9
Morona Santiago;Santiago;Total Patuca;1.924
Morona Santiago;Santiago;De 0-4;204
Morona Santiago;Santiago;De 5-9;188
Morona Santiago;Santiago;De 10-14;229
Morona Santiago;Santiago;De 15-19;279
Morona Santiago;Santiago;De 20-24;232
Morona Santiago;Santiago;De 25-29;123
Morona Santiago;Santiago;De 30-34;121
Morona Santiago;Santiago;De 35-39;120
Morona Santiago;Santiago;De 40-44;87
Morona Santiago;Santiago;De 45-49;75
Morona Santiago;Santiago;De 50-54;74
Morona Santiago;Santiago;De 55-59;62
Morona Santiago;Santiago;De 60-64;38
Morona Santiago;Santiago;De 65-69;21
Morona Santiago;Santiago;De 70-74;25
Morona Santiago;Santiago;De 75-79;22
Morona Santiago;Santiago;De 80-84;15
Morona Santiago;Santiago;85 o más;9
Morona Santiago;Santiago;Total San Luis de el Acho;596
Morona Santiago;Santiago;De 0-4;58
Morona Santiago;Santiago;De 5-9;57
Morona Santiago;Santiago;De 10-14;65
Morona Santiago;Santiago;De 15-19;56
Morona Santiago;Santiago;De 20-24;36
Morona Santiago;Santiago;De 25-29;29
Morona Santiago;Santiago;De 30-34;37
Morona Santiago;Santiago;De 35-39;44
Morona Santiago;Santiago;De 40-44;35
Morona Santiago;Santiago;De 45-49;26
Morona Santiago;Santiago;De 50-54;27
Morona Santiago;Santiago;De 55-59;30
Morona Santiago;Santiago;De 60-64;18
Morona Santiago;Santiago;De 65-69;17
Morona Santiago;Santiago;De 70-74;18
Morona Santiago;Santiago;De 75-79;19
Morona Santiago;Santiago;De 80-84;13
Morona Santiago;Santiago;85 o más;11
Morona Santiago;Santiago;Total Tayuza;1.606
Morona Santiago;Santiago;De 0-4;166
Morona Santiago;Santiago;De 5-9;180
Morona Santiago;Santiago;De 10-14;223
Morona Santiago;Santiago;De 15-19;169
Morona Santiago;Santiago;De 20-24;118
Morona Santiago;Santiago;De 25-29;135
Morona Santiago;Santiago;De 30-34;103
Morona Santiago;Santiago;De 35-39;107
Morona Santiago;Santiago;De 40-44;75
Morona Santiago;Santiago;De 45-49;76
Morona Santiago;Santiago;De 50-54;52
Morona Santiago;Santiago;De 55-59;47
Morona Santiago;Santiago;De 60-64;38
Morona Santiago;Santiago;De 65-69;42
Morona Santiago;Santiago;De 70-74;28
Morona Santiago;Santiago;De 75-79;27
Morona Santiago;Santiago;De 80-84;9
Morona Santiago;Santiago;85 o más;11
Morona Santiago;Santiago;Total San Francisco de Chinimbimi;1.157
Morona Santiago;Santiago;De 0-4;151
Morona Santiago;Santiago;De 5-9;154
Morona Santiago;Santiago;De 10-14;159
Morona Santiago;Santiago;De 15-19;133
Morona Santiago;Santiago;De 20-24;107
Morona Santiago;Santiago;De 25-29;75
Morona Santiago;Santiago;De 30-34;57
Morona Santiago;Santiago;De 35-39;54
Morona Santiago;Santiago;De 40-44;47
Morona Santiago;Santiago;De 45-49;34
Morona Santiago;Santiago;De 50-54;36
Morona Santiago;Santiago;De 55-59;34
Morona Santiago;Santiago;De 60-64;36
Morona Santiago;Santiago;De 65-69;24
Morona Santiago;Santiago;De 70-74;16
Morona Santiago;Santiago;De 75-79;16
Morona Santiago;Santiago;De 80-84;10
Morona Santiago;Santiago;85 o más;14
Morona Santiago;Sucúa;Total Sucúa;23.504
Morona Santiago;Sucúa;De 0-4;2.560
Morona Santiago;Sucúa;De 5-9;2.425
Morona Santiago;Sucúa;De 10-14;2.824
Morona Santiago;Sucúa;De 15-19;2.563
Morona Santiago;Sucúa;De 20-24;2.096
Morona Santiago;Sucúa;De 25-29;1.778
Morona Santiago;Sucúa;De 30-34;1.674
Morona Santiago;Sucúa;De 35-39;1.436
Morona Santiago;Sucúa;De 40-44;1.201
Morona Santiago;Sucúa;De 45-49;928
Morona Santiago;Sucúa;De 50-54;875
Morona Santiago;Sucúa;De 55-59;768
Morona Santiago;Sucúa;De 60-64;682
Morona Santiago;Sucúa;De 65-69;552
Morona Santiago;Sucúa;De 70-74;389
Morona Santiago;Sucúa;De 75-79;299
Morona Santiago;Sucúa;De 80-84;225
Morona Santiago;Sucúa;85 o más;229
Morona Santiago;Sucúa;Total Sucúa;16.309
Morona Santiago;Sucúa;De 0-4;1.710
Morona Santiago;Sucúa;De 5-9;1.630
Morona Santiago;Sucúa;De 10-14;1.905
Morona Santiago;Sucúa;De 15-19;1.673
Morona Santiago;Sucúa;De 20-24;1.438
Morona Santiago;Sucúa;De 25-29;1.305
Morona Santiago;Sucúa;De 30-34;1.190
Morona Santiago;Sucúa;De 35-39;1.025
Morona Santiago;Sucúa;De 40-44;873
Morona Santiago;Sucúa;De 45-49;664
Morona Santiago;Sucúa;De 50-54;632
Morona Santiago;Sucúa;De 55-59;559
Morona Santiago;Sucúa;De 60-64;513
Morona Santiago;Sucúa;De 65-69;378
Morona Santiago;Sucúa;De 70-74;287
Morona Santiago;Sucúa;De 75-79;211
Morona Santiago;Sucúa;De 80-84;158
Morona Santiago;Sucúa;85 o más;158
Morona Santiago;Sucúa;Total Asunción;2.419
Morona Santiago;Sucúa;De 0-4;367
Morona Santiago;Sucúa;De 5-9;314
Morona Santiago;Sucúa;De 10-14;348
Morona Santiago;Sucúa;De 15-19;320
Morona Santiago;Sucúa;De 20-24;226
Morona Santiago;Sucúa;De 25-29;162
Morona Santiago;Sucúa;De 30-34;131
Morona Santiago;Sucúa;De 35-39;110
Morona Santiago;Sucúa;De 40-44;106
Morona Santiago;Sucúa;De 45-49;78
Morona Santiago;Sucúa;De 50-54;57
Morona Santiago;Sucúa;De 55-59;50
Morona Santiago;Sucúa;De 60-64;37
Morona Santiago;Sucúa;De 65-69;39
Morona Santiago;Sucúa;De 70-74;28
Morona Santiago;Sucúa;De 75-79;16
Morona Santiago;Sucúa;De 80-84;10
Morona Santiago;Sucúa;85 o más;20
Morona Santiago;Sucúa;Total Huambi;3.398
Morona Santiago;Sucúa;De 0-4;355
Morona Santiago;Sucúa;De 5-9;329
Morona Santiago;Sucúa;De 10-14;424
Morona Santiago;Sucúa;De 15-19;445
Morona Santiago;Sucúa;De 20-24;328
Morona Santiago;Sucúa;De 25-29;202
Morona Santiago;Sucúa;De 30-34;235
Morona Santiago;Sucúa;De 35-39;205
Morona Santiago;Sucúa;De 40-44;152
Morona Santiago;Sucúa;De 45-49;129
Morona Santiago;Sucúa;De 50-54;134
Morona Santiago;Sucúa;De 55-59;118
Morona Santiago;Sucúa;De 60-64;89
Morona Santiago;Sucúa;De 65-69;86
Morona Santiago;Sucúa;De 70-74;49
Morona Santiago;Sucúa;De 75-79;40
Morona Santiago;Sucúa;De 80-84;42
Morona Santiago;Sucúa;85 o más;36
Morona Santiago;Sucúa;Total Santa Marianita de Jesús;1.378
Morona Santiago;Sucúa;De 0-4;128
Morona Santiago;Sucúa;De 5-9;152
Morona Santiago;Sucúa;De 10-14;147
Morona Santiago;Sucúa;De 15-19;125
Morona Santiago;Sucúa;De 20-24;104
Morona Santiago;Sucúa;De 25-29;109
Morona Santiago;Sucúa;De 30-34;118
Morona Santiago;Sucúa;De 35-39;96
Morona Santiago;Sucúa;De 40-44;70
Morona Santiago;Sucúa;De 45-49;57
Morona Santiago;Sucúa;De 50-54;52
Morona Santiago;Sucúa;De 55-59;41
Morona Santiago;Sucúa;De 60-64;43
Morona Santiago;Sucúa;De 65-69;49
Morona Santiago;Sucúa;De 70-74;25
Morona Santiago;Sucúa;De 75-79;32
Morona Santiago;Sucúa;De 80-84;15
Morona Santiago;Sucúa;85 o más;15
Morona Santiago;Huamboya;Total Huamboya;10.830
Morona Santiago;Huamboya;De 0-4;1.507
Morona Santiago;Huamboya;De 5-9;1.447
Morona Santiago;Huamboya;De 10-14;1.581
Morona Santiago;Huamboya;De 15-19;1.287
Morona Santiago;Huamboya;De 20-24;857
Morona Santiago;Huamboya;De 25-29;748
Morona Santiago;Huamboya;De 30-34;699
Morona Santiago;Huamboya;De 35-39;545
Morona Santiago;Huamboya;De 40-44;467
Morona Santiago;Huamboya;De 45-49;403
Morona Santiago;Huamboya;De 50-54;308
Morona Santiago;Huamboya;De 55-59;247
Morona Santiago;Huamboya;De 60-64;211
Morona Santiago;Huamboya;De 65-69;200
Morona Santiago;Huamboya;De 70-74;134
Morona Santiago;Huamboya;De 75-79;87
Morona Santiago;Huamboya;De 80-84;56
Morona Santiago;Huamboya;85 o más;46
Morona Santiago;Huamboya;Total Huamboya;4.083
Morona Santiago;Huamboya;De 0-4;554
Morona Santiago;Huamboya;De 5-9;562
Morona Santiago;Huamboya;De 10-14;578
Morona Santiago;Huamboya;De 15-19;444
Morona Santiago;Huamboya;De 20-24;344
Morona Santiago;Huamboya;De 25-29;296
Morona Santiago;Huamboya;De 30-34;283
Morona Santiago;Huamboya;De 35-39;229
Morona Santiago;Huamboya;De 40-44;167
Morona Santiago;Huamboya;De 45-49;155
Morona Santiago;Huamboya;De 50-54;128
Morona Santiago;Huamboya;De 55-59;85
Morona Santiago;Huamboya;De 60-64;69
Morona Santiago;Huamboya;De 65-69;71
Morona Santiago;Huamboya;De 70-74;43
Morona Santiago;Huamboya;De 75-79;37
Morona Santiago;Huamboya;De 80-84;21
Morona Santiago;Huamboya;85 o más;17
Morona Santiago;Huamboya;Total Chiguaza;6.747
Morona Santiago;Huamboya;De 0-4;953
Morona Santiago;Huamboya;De 5-9;885
Morona Santiago;Huamboya;De 10-14;1.003
Morona Santiago;Huamboya;De 15-19;843
Morona Santiago;Huamboya;De 20-24;513
Morona Santiago;Huamboya;De 25-29;452
Morona Santiago;Huamboya;De 30-34;416
Morona Santiago;Huamboya;De 35-39;316
Morona Santiago;Huamboya;De 40-44;300
Morona Santiago;Huamboya;De 45-49;248
Morona Santiago;Huamboya;De 50-54;180
Morona Santiago;Huamboya;De 55-59;162
Morona Santiago;Huamboya;De 60-64;142
Morona Santiago;Huamboya;De 65-69;129
Morona Santiago;Huamboya;De 70-74;91
Morona Santiago;Huamboya;De 75-79;50
Morona Santiago;Huamboya;De 80-84;35
Morona Santiago;Huamboya;85 o más;29
Morona Santiago;San Juan Bosco;Total San Juan Bosco;4.372
Morona Santiago;San Juan Bosco;De 0-4;468
Morona Santiago;San Juan Bosco;De 5-9;504
Morona Santiago;San Juan Bosco;De 10-14;569
Morona Santiago;San Juan Bosco;De 15-19;538
Morona Santiago;San Juan Bosco;De 20-24;357
Morona Santiago;San Juan Bosco;De 25-29;290
Morona Santiago;San Juan Bosco;De 30-34;265
Morona Santiago;San Juan Bosco;De 35-39;234
Morona Santiago;San Juan Bosco;De 40-44;234
Morona Santiago;San Juan Bosco;De 45-49;230
Morona Santiago;San Juan Bosco;De 50-54;182
Morona Santiago;San Juan Bosco;De 55-59;111
Morona Santiago;San Juan Bosco;De 60-64;115
Morona Santiago;San Juan Bosco;De 65-69;89
Morona Santiago;San Juan Bosco;De 70-74;61
Morona Santiago;San Juan Bosco;De 75-79;59
Morona Santiago;San Juan Bosco;De 80-84;34
Morona Santiago;San Juan Bosco;85 o más;32
Morona Santiago;San Juan Bosco;Total San Juan Bosco;2.547
Morona Santiago;San Juan Bosco;De 0-4;228
Morona Santiago;San Juan Bosco;De 5-9;246
Morona Santiago;San Juan Bosco;De 10-14;319
Morona Santiago;San Juan Bosco;De 15-19;298
Morona Santiago;San Juan Bosco;De 20-24;198
Morona Santiago;San Juan Bosco;De 25-29;181
Morona Santiago;San Juan Bosco;De 30-34;173
Morona Santiago;San Juan Bosco;De 35-39;151
Morona Santiago;San Juan Bosco;De 40-44;151
Morona Santiago;San Juan Bosco;De 45-49;159
Morona Santiago;San Juan Bosco;De 50-54;125
Morona Santiago;San Juan Bosco;De 55-59;70
Morona Santiago;San Juan Bosco;De 60-64;73
Morona Santiago;San Juan Bosco;De 65-69;56
Morona Santiago;San Juan Bosco;De 70-74;33
Morona Santiago;San Juan Bosco;De 75-79;43
Morona Santiago;San Juan Bosco;De 80-84;24
Morona Santiago;San Juan Bosco;85 o más;19
Morona Santiago;San Juan Bosco;Total Pan de Azúcar;218
Morona Santiago;San Juan Bosco;De 0-4;23
Morona Santiago;San Juan Bosco;De 5-9;28
Morona Santiago;San Juan Bosco;De 10-14;30
Morona Santiago;San Juan Bosco;De 15-19;21
Morona Santiago;San Juan Bosco;De 20-24;16
Morona Santiago;San Juan Bosco;De 25-29;4
Morona Santiago;San Juan Bosco;De 30-34;12
Morona Santiago;San Juan Bosco;De 35-39;10
Morona Santiago;San Juan Bosco;De 40-44;9
Morona Santiago;San Juan Bosco;De 45-49;10
Morona Santiago;San Juan Bosco;De 50-54;7
Morona Santiago;San Juan Bosco;De 55-59;9
Morona Santiago;San Juan Bosco;De 60-64;14
Morona Santiago;San Juan Bosco;De 65-69;10
Morona Santiago;San Juan Bosco;De 70-74;3
Morona Santiago;San Juan Bosco;De 75-79;6
Morona Santiago;San Juan Bosco;De 80-84;4
Morona Santiago;San Juan Bosco;85 o más;2
Morona Santiago;San Juan Bosco;Total San Carlos de Limón;911
Morona Santiago;San Juan Bosco;De 0-4;140
Morona Santiago;San Juan Bosco;De 5-9;162
Morona Santiago;San Juan Bosco;De 10-14;137
Morona Santiago;San Juan Bosco;De 15-19;111
Morona Santiago;San Juan Bosco;De 20-24;76
Morona Santiago;San Juan Bosco;De 25-29;56
Morona Santiago;San Juan Bosco;De 30-34;47
Morona Santiago;San Juan Bosco;De 35-39;36
Morona Santiago;San Juan Bosco;De 40-44;47
Morona Santiago;San Juan Bosco;De 45-49;26
Morona Santiago;San Juan Bosco;De 50-54;23
Morona Santiago;San Juan Bosco;De 55-59;15
Morona Santiago;San Juan Bosco;De 60-64;15
Morona Santiago;San Juan Bosco;De 65-69;7
Morona Santiago;San Juan Bosco;De 70-74;10
Morona Santiago;San Juan Bosco;De 75-79;1
Morona Santiago;San Juan Bosco;De 80-84;2
Morona Santiago;San Juan Bosco;85 o más;
Morona Santiago;San Juan Bosco;Total San Jacinto de Wakambeis;219
Morona Santiago;San Juan Bosco;De 0-4;28
Morona Santiago;San Juan Bosco;De 5-9;21
Morona Santiago;San Juan Bosco;De 10-14;23
Morona Santiago;San Juan Bosco;De 15-19;30
Morona Santiago;San Juan Bosco;De 20-24;20
Morona Santiago;San Juan Bosco;De 25-29;15
Morona Santiago;San Juan Bosco;De 30-34;11
Morona Santiago;San Juan Bosco;De 35-39;14
Morona Santiago;San Juan Bosco;De 40-44;9
Morona Santiago;San Juan Bosco;De 45-49;9
Morona Santiago;San Juan Bosco;De 50-54;15
Morona Santiago;San Juan Bosco;De 55-59;6
Morona Santiago;San Juan Bosco;De 60-64;3
Morona Santiago;San Juan Bosco;De 65-69;7
Morona Santiago;San Juan Bosco;De 70-74;2
Morona Santiago;San Juan Bosco;De 75-79;2
Morona Santiago;San Juan Bosco;De 80-84;1
Morona Santiago;San Juan Bosco;85 o más;3
Morona Santiago;San Juan Bosco;Total Santiago de Pananza;477
Morona Santiago;San Juan Bosco;De 0-4;49
Morona Santiago;San Juan Bosco;De 5-9;47
Morona Santiago;San Juan Bosco;De 10-14;60
Morona Santiago;San Juan Bosco;De 15-19;78
Morona Santiago;San Juan Bosco;De 20-24;47
Morona Santiago;San Juan Bosco;De 25-29;34
Morona Santiago;San Juan Bosco;De 30-34;22
Morona Santiago;San Juan Bosco;De 35-39;23
Morona Santiago;San Juan Bosco;De 40-44;18
Morona Santiago;San Juan Bosco;De 45-49;26
Morona Santiago;San Juan Bosco;De 50-54;12
Morona Santiago;San Juan Bosco;De 55-59;11
Morona Santiago;San Juan Bosco;De 60-64;10
Morona Santiago;San Juan Bosco;De 65-69;9
Morona Santiago;San Juan Bosco;De 70-74;13
Morona Santiago;San Juan Bosco;De 75-79;7
Morona Santiago;San Juan Bosco;De 80-84;3
Morona Santiago;San Juan Bosco;85 o más;8
Morona Santiago;Taisha;Total Taisha;26.700
Morona Santiago;Taisha;De 0-4;4.189
Morona Santiago;Taisha;De 5-9;4.503
Morona Santiago;Taisha;De 10-14;4.289
Morona Santiago;Taisha;De 15-19;2.824
Morona Santiago;Taisha;De 20-24;1.952
Morona Santiago;Taisha;De 25-29;1.782
Morona Santiago;Taisha;De 30-34;1.567
Morona Santiago;Taisha;De 35-39;1.390
Morona Santiago;Taisha;De 40-44;1.035
Morona Santiago;Taisha;De 45-49;818
Morona Santiago;Taisha;De 50-54;716
Morona Santiago;Taisha;De 55-59;537
Morona Santiago;Taisha;De 60-64;429
Morona Santiago;Taisha;De 65-69;289
Morona Santiago;Taisha;De 70-74;147
Morona Santiago;Taisha;De 75-79;131
Morona Santiago;Taisha;De 80-84;49
Morona Santiago;Taisha;85 o más;53
Morona Santiago;Taisha;Total Taisha;7.817
Morona Santiago;Taisha;De 0-4;1.197
Morona Santiago;Taisha;De 5-9;1.161
Morona Santiago;Taisha;De 10-14;1.201
Morona Santiago;Taisha;De 15-19;824
Morona Santiago;Taisha;De 20-24;577
Morona Santiago;Taisha;De 25-29;560
Morona Santiago;Taisha;De 30-34;508
Morona Santiago;Taisha;De 35-39;441
Morona Santiago;Taisha;De 40-44;330
Morona Santiago;Taisha;De 45-49;225
Morona Santiago;Taisha;De 50-54;254
Morona Santiago;Taisha;De 55-59;196
Morona Santiago;Taisha;De 60-64;137
Morona Santiago;Taisha;De 65-69;88
Morona Santiago;Taisha;De 70-74;46
Morona Santiago;Taisha;De 75-79;43
Morona Santiago;Taisha;De 80-84;17
Morona Santiago;Taisha;85 o más;12
Morona Santiago;Taisha;Total Huasaga;2.069
Morona Santiago;Taisha;De 0-4;322
Morona Santiago;Taisha;De 5-9;402
Morona Santiago;Taisha;De 10-14;354
Morona Santiago;Taisha;De 15-19;206
Morona Santiago;Taisha;De 20-24;159
Morona Santiago;Taisha;De 25-29;151
Morona Santiago;Taisha;De 30-34;105
Morona Santiago;Taisha;De 35-39;98
Morona Santiago;Taisha;De 40-44;70
Morona Santiago;Taisha;De 45-49;59
Morona Santiago;Taisha;De 50-54;51
Morona Santiago;Taisha;De 55-59;30
Morona Santiago;Taisha;De 60-64;26
Morona Santiago;Taisha;De 65-69;18
Morona Santiago;Taisha;De 70-74;5
Morona Santiago;Taisha;De 75-79;7
Morona Santiago;Taisha;De 80-84;
Morona Santiago;Taisha;85 o más;6
Morona Santiago;Taisha;Total Macuma;7.360
Morona Santiago;Taisha;De 0-4;1.163
Morona Santiago;Taisha;De 5-9;1.216
Morona Santiago;Taisha;De 10-14;1.144
Morona Santiago;Taisha;De 15-19;821
Morona Santiago;Taisha;De 20-24;567
Morona Santiago;Taisha;De 25-29;462
Morona Santiago;Taisha;De 30-34;389
Morona Santiago;Taisha;De 35-39;382
Morona Santiago;Taisha;De 40-44;287
Morona Santiago;Taisha;De 45-49;242
Morona Santiago;Taisha;De 50-54;198
Morona Santiago;Taisha;De 55-59;144
Morona Santiago;Taisha;De 60-64;118
Morona Santiago;Taisha;De 65-69;97
Morona Santiago;Taisha;De 70-74;49
Morona Santiago;Taisha;De 75-79;42
Morona Santiago;Taisha;De 80-84;20
Morona Santiago;Taisha;85 o más;19
Morona Santiago;Taisha;Total Tuutinentsa;5.229
Morona Santiago;Taisha;De 0-4;820
Morona Santiago;Taisha;De 5-9;914
Morona Santiago;Taisha;De 10-14;900
Morona Santiago;Taisha;De 15-19;538
Morona Santiago;Taisha;De 20-24;312
Morona Santiago;Taisha;De 25-29;333
Morona Santiago;Taisha;De 30-34;330
Morona Santiago;Taisha;De 35-39;267
Morona Santiago;Taisha;De 40-44;206
Morona Santiago;Taisha;De 45-49;162
Morona Santiago;Taisha;De 50-54;131
Morona Santiago;Taisha;De 55-59;91
Morona Santiago;Taisha;De 60-64;93
Morona Santiago;Taisha;De 65-69;58
Morona Santiago;Taisha;De 70-74;32
Morona Santiago;Taisha;De 75-79;24
Morona Santiago;Taisha;De 80-84;8
Morona Santiago;Taisha;85 o más;10
Morona Santiago;Taisha;Total Pumpuentsa;4.225
Morona Santiago;Taisha;De 0-4;687
Morona Santiago;Taisha;De 5-9;810
Morona Santiago;Taisha;De 10-14;690
Morona Santiago;Taisha;De 15-19;435
Morona Santiago;Taisha;De 20-24;337
Morona Santiago;Taisha;De 25-29;276
Morona Santiago;Taisha;De 30-34;235
Morona Santiago;Taisha;De 35-39;202
Morona Santiago;Taisha;De 40-44;142
Morona Santiago;Taisha;De 45-49;130
Morona Santiago;Taisha;De 50-54;82
Morona Santiago;Taisha;De 55-59;76
Morona Santiago;Taisha;De 60-64;55
Morona Santiago;Taisha;De 65-69;28
Morona Santiago;Taisha;De 70-74;15
Morona Santiago;Taisha;De 75-79;15
Morona Santiago;Taisha;De 80-84;4
Morona Santiago;Taisha;85 o más;6
Morona Santiago;Logroño;Total Logroño;7.484
Morona Santiago;Logroño;De 0-4;1.028
Morona Santiago;Logroño;De 5-9;961
Morona Santiago;Logroño;De 10-14;1.048
Morona Santiago;Logroño;De 15-19;939
Morona Santiago;Logroño;De 20-24;568
Morona Santiago;Logroño;De 25-29;500
Morona Santiago;Logroño;De 30-34;447
Morona Santiago;Logroño;De 35-39;398
Morona Santiago;Logroño;De 40-44;353
Morona Santiago;Logroño;De 45-49;263
Morona Santiago;Logroño;De 50-54;242
Morona Santiago;Logroño;De 55-59;236
Morona Santiago;Logroño;De 60-64;167
Morona Santiago;Logroño;De 65-69;104
Morona Santiago;Logroño;De 70-74;81
Morona Santiago;Logroño;De 75-79;72
Morona Santiago;Logroño;De 80-84;41
Morona Santiago;Logroño;85 o más;36
Morona Santiago;Logroño;Total Logroño;2.604
Morona Santiago;Logroño;De 0-4;286
Morona Santiago;Logroño;De 5-9;288
Morona Santiago;Logroño;De 10-14;332
Morona Santiago;Logroño;De 15-19;306
Morona Santiago;Logroño;De 20-24;177
Morona Santiago;Logroño;De 25-29;183
Morona Santiago;Logroño;De 30-34;156
Morona Santiago;Logroño;De 35-39;157
Morona Santiago;Logroño;De 40-44;133
Morona Santiago;Logroño;De 45-49;109
Morona Santiago;Logroño;De 50-54;104
Morona Santiago;Logroño;De 55-59;105
Morona Santiago;Logroño;De 60-64;81
Morona Santiago;Logroño;De 65-69;42
Morona Santiago;Logroño;De 70-74;55
Morona Santiago;Logroño;De 75-79;39
Morona Santiago;Logroño;De 80-84;28
Morona Santiago;Logroño;85 o más;23
Morona Santiago;Logroño;Total Yaupi;2.206
Morona Santiago;Logroño;De 0-4;356
Morona Santiago;Logroño;De 5-9;350
Morona Santiago;Logroño;De 10-14;333
Morona Santiago;Logroño;De 15-19;282
Morona Santiago;Logroño;De 20-24;154
Morona Santiago;Logroño;De 25-29;123
Morona Santiago;Logroño;De 30-34;119
Morona Santiago;Logroño;De 35-39;96
Morona Santiago;Logroño;De 40-44;106
Morona Santiago;Logroño;De 45-49;66
Morona Santiago;Logroño;De 50-54;60
Morona Santiago;Logroño;De 55-59;62
Morona Santiago;Logroño;De 60-64;37
Morona Santiago;Logroño;De 65-69;26
Morona Santiago;Logroño;De 70-74;14
Morona Santiago;Logroño;De 75-79;11
Morona Santiago;Logroño;De 80-84;8
Morona Santiago;Logroño;85 o más;3
Morona Santiago;Logroño;Total Shimpis;2.674
Morona Santiago;Logroño;De 0-4;386
Morona Santiago;Logroño;De 5-9;323
Morona Santiago;Logroño;De 10-14;383
Morona Santiago;Logroño;De 15-19;351
Morona Santiago;Logroño;De 20-24;237
Morona Santiago;Logroño;De 25-29;194
Morona Santiago;Logroño;De 30-34;172
Morona Santiago;Logroño;De 35-39;145
Morona Santiago;Logroño;De 40-44;114
Morona Santiago;Logroño;De 45-49;88
Morona Santiago;Logroño;De 50-54;78
Morona Santiago;Logroño;De 55-59;69
Morona Santiago;Logroño;De 60-64;49
Morona Santiago;Logroño;De 65-69;36
Morona Santiago;Logroño;De 70-74;12
Morona Santiago;Logroño;De 75-79;22
Morona Santiago;Logroño;De 80-84;5
Morona Santiago;Logroño;85 o más;10
Morona Santiago;Pablo Sexto;Total Pablo Sexto;2.267
Morona Santiago;Pablo Sexto;De 0-4;290
Morona Santiago;Pablo Sexto;De 5-9;234
Morona Santiago;Pablo Sexto;De 10-14;289
Morona Santiago;Pablo Sexto;De 15-19;276
Morona Santiago;Pablo Sexto;De 20-24;208
Morona Santiago;Pablo Sexto;De 25-29;162
Morona Santiago;Pablo Sexto;De 30-34;136
Morona Santiago;Pablo Sexto;De 35-39;147
Morona Santiago;Pablo Sexto;De 40-44;117
Morona Santiago;Pablo Sexto;De 45-49;96
Morona Santiago;Pablo Sexto;De 50-54;74
Morona Santiago;Pablo Sexto;De 55-59;68
Morona Santiago;Pablo Sexto;De 60-64;44
Morona Santiago;Pablo Sexto;De 65-69;33
Morona Santiago;Pablo Sexto;De 70-74;42
Morona Santiago;Pablo Sexto;De 75-79;16
Morona Santiago;Pablo Sexto;De 80-84;20
Morona Santiago;Pablo Sexto;85 o más;15
Morona Santiago;Pablo Sexto;Total Pablo Sexto;2.267
Morona Santiago;Pablo Sexto;De 0-4;290
Morona Santiago;Pablo Sexto;De 5-9;234
Morona Santiago;Pablo Sexto;De 10-14;289
Morona Santiago;Pablo Sexto;De 15-19;276
Morona Santiago;Pablo Sexto;De 20-24;208
Morona Santiago;Pablo Sexto;De 25-29;162
Morona Santiago;Pablo Sexto;De 30-34;136
Morona Santiago;Pablo Sexto;De 35-39;147
Morona Santiago;Pablo Sexto;De 40-44;117
Morona Santiago;Pablo Sexto;De 45-49;96
Morona Santiago;Pablo Sexto;De 50-54;74
Morona Santiago;Pablo Sexto;De 55-59;68
Morona Santiago;Pablo Sexto;De 60-64;44
Morona Santiago;Pablo Sexto;De 65-69;33
Morona Santiago;Pablo Sexto;De 70-74;42
Morona Santiago;Pablo Sexto;De 75-79;16
Morona Santiago;Pablo Sexto;De 80-84;20
Morona Santiago;Pablo Sexto;85 o más;15
Morona Santiago;Tiwintza;Total Tiwintza;9.285
Morona Santiago;Tiwintza;De 0-4;1.393
Morona Santiago;Tiwintza;De 5-9;1.354
Morona Santiago;Tiwintza;De 10-14;1.376
Morona Santiago;Tiwintza;De 15-19;1.062
Morona Santiago;Tiwintza;De 20-24;698
Morona Santiago;Tiwintza;De 25-29;635
Morona Santiago;Tiwintza;De 30-34;517
Morona Santiago;Tiwintza;De 35-39;486
Morona Santiago;Tiwintza;De 40-44;430
Morona Santiago;Tiwintza;De 45-49;337
Morona Santiago;Tiwintza;De 50-54;285
Morona Santiago;Tiwintza;De 55-59;195
Morona Santiago;Tiwintza;De 60-64;189
Morona Santiago;Tiwintza;De 65-69;127
Morona Santiago;Tiwintza;De 70-74;93
Morona Santiago;Tiwintza;De 75-79;54
Morona Santiago;Tiwintza;De 80-84;32
Morona Santiago;Tiwintza;85 o más;22
Morona Santiago;Tiwintza;Total Santiago;5.511
Morona Santiago;Tiwintza;De 0-4;843
Morona Santiago;Tiwintza;De 5-9;779
Morona Santiago;Tiwintza;De 10-14;795
Morona Santiago;Tiwintza;De 15-19;624
Morona Santiago;Tiwintza;De 20-24;462
Morona Santiago;Tiwintza;De 25-29;402
Morona Santiago;Tiwintza;De 30-34;312
Morona Santiago;Tiwintza;De 35-39;305
Morona Santiago;Tiwintza;De 40-44;235
Morona Santiago;Tiwintza;De 45-49;196
Morona Santiago;Tiwintza;De 50-54;172
Morona Santiago;Tiwintza;De 55-59;110
Morona Santiago;Tiwintza;De 60-64;103
Morona Santiago;Tiwintza;De 65-69;72
Morona Santiago;Tiwintza;De 70-74;45
Morona Santiago;Tiwintza;De 75-79;28
Morona Santiago;Tiwintza;De 80-84;13
Morona Santiago;Tiwintza;85 o más;15
Morona Santiago;Tiwintza;Total San José de Morona;3.774
Morona Santiago;Tiwintza;De 0-4;550
Morona Santiago;Tiwintza;De 5-9;575
Morona Santiago;Tiwintza;De 10-14;581
Morona Santiago;Tiwintza;De 15-19;438
Morona Santiago;Tiwintza;De 20-24;236
Morona Santiago;Tiwintza;De 25-29;233
Morona Santiago;Tiwintza;De 30-34;205
Morona Santiago;Tiwintza;De 35-39;181
Morona Santiago;Tiwintza;De 40-44;195
Morona Santiago;Tiwintza;De 45-49;141
Morona Santiago;Tiwintza;De 50-54;113
Morona Santiago;Tiwintza;De 55-59;85
Morona Santiago;Tiwintza;De 60-64;86
Morona Santiago;Tiwintza;De 65-69;55
Morona Santiago;Tiwintza;De 70-74;48
Morona Santiago;Tiwintza;De 75-79;26
Morona Santiago;Tiwintza;De 80-84;19
Morona Santiago;Tiwintza;85 o más;7
Napo;Total Napo;Total Napo;131.675
Napo;Total Napo;De 0-4;13.080
Napo;Total Napo;De 5-9;13.558
Napo;Total Napo;De 10-14;15.783
Napo;Total Napo;De 15-19;14.024
Napo;Total Napo;De 20-24;11.226
Napo;Total Napo;De 25-29;10.515
Napo;Total Napo;De 30-34;9.717
Napo;Total Napo;De 35-39;8.912
Napo;Total Napo;De 40-44;7.818
Napo;Total Napo;De 45-49;6.404
Napo;Total Napo;De 50-54;5.281
Napo;Total Napo;De 55-59;4.513
Napo;Total Napo;De 60-64;3.657
Napo;Total Napo;De 65-69;2.633
Napo;Total Napo;De 70-74;1.923
Napo;Total Napo;De 75-79;1.274
Napo;Total Napo;De 80-84;763
Napo;Total Napo;85 o más;594
Napo;Tena;Total Tena;80.816
Napo;Tena;De 0-4;8.344
Napo;Tena;De 5-9;8.578
Napo;Tena;De 10-14;9.840
Napo;Tena;De 15-19;8.573
Napo;Tena;De 20-24;6.999
Napo;Tena;De 25-29;6.434
Napo;Tena;De 30-34;6.039
Napo;Tena;De 35-39;5.487
Napo;Tena;De 40-44;4.776
Napo;Tena;De 45-49;3.862
Napo;Tena;De 50-54;3.066
Napo;Tena;De 55-59;2.693
Napo;Tena;De 60-64;2.106
Napo;Tena;De 65-69;1.507
Napo;Tena;De 70-74;1.140
Napo;Tena;De 75-79;689
Napo;Tena;De 80-84;375
Napo;Tena;85 o más;308
Napo;Tena;Total Tena;39.578
Napo;Tena;De 0-4;3.471
Napo;Tena;De 5-9;3.713
Napo;Tena;De 10-14;4.126
Napo;Tena;De 15-19;3.742
Napo;Tena;De 20-24;3.591
Napo;Tena;De 25-29;3.553
Napo;Tena;De 30-34;3.375
Napo;Tena;De 35-39;3.047
Napo;Tena;De 40-44;2.604
Napo;Tena;De 45-49;2.075
Napo;Tena;De 50-54;1.612
Napo;Tena;De 55-59;1.484
Napo;Tena;De 60-64;1.107
Napo;Tena;De 65-69;761
Napo;Tena;De 70-74;579
Napo;Tena;De 75-79;335
Napo;Tena;De 80-84;232
Napo;Tena;85 o más;171
Napo;Tena;Total Ahuano;7.476
Napo;Tena;De 0-4;932
Napo;Tena;De 5-9;940
Napo;Tena;De 10-14;1.092
Napo;Tena;De 15-19;901
Napo;Tena;De 20-24;566
Napo;Tena;De 25-29;482
Napo;Tena;De 30-34;450
Napo;Tena;De 35-39;421
Napo;Tena;De 40-44;387
Napo;Tena;De 45-49;322
Napo;Tena;De 50-54;285
Napo;Tena;De 55-59;227
Napo;Tena;De 60-64;177
Napo;Tena;De 65-69;111
Napo;Tena;De 70-74;80
Napo;Tena;De 75-79;62
Napo;Tena;De 80-84;19
Napo;Tena;85 o más;22
Napo;Tena;Total Chontapunta;8.721
Napo;Tena;De 0-4;1.129
Napo;Tena;De 5-9;1.210
Napo;Tena;De 10-14;1.327
Napo;Tena;De 15-19;971
Napo;Tena;De 20-24;668
Napo;Tena;De 25-29;543
Napo;Tena;De 30-34;505
Napo;Tena;De 35-39;468
Napo;Tena;De 40-44;440
Napo;Tena;De 45-49;373
Napo;Tena;De 50-54;263
Napo;Tena;De 55-59;245
Napo;Tena;De 60-64;184
Napo;Tena;De 65-69;164
Napo;Tena;De 70-74;117
Napo;Tena;De 75-79;61
Napo;Tena;De 80-84;30
Napo;Tena;85 o más;23
Napo;Tena;Total Pano;2.179
Napo;Tena;De 0-4;255
Napo;Tena;De 5-9;231
Napo;Tena;De 10-14;278
Napo;Tena;De 15-19;242
Napo;Tena;De 20-24;179
Napo;Tena;De 25-29;185
Napo;Tena;De 30-34;151
Napo;Tena;De 35-39;130
Napo;Tena;De 40-44;119
Napo;Tena;De 45-49;80
Napo;Tena;De 50-54;74
Napo;Tena;De 55-59;74
Napo;Tena;De 60-64;57
Napo;Tena;De 65-69;50
Napo;Tena;De 70-74;29
Napo;Tena;De 75-79;24
Napo;Tena;De 80-84;16
Napo;Tena;85 o más;5
Napo;Tena;Total Puerto Misahuallí;4.868
Napo;Tena;De 0-4;540
Napo;Tena;De 5-9;580
Napo;Tena;De 10-14;611
Napo;Tena;De 15-19;545
Napo;Tena;De 20-24;413
Napo;Tena;De 25-29;328
Napo;Tena;De 30-34;309
Napo;Tena;De 35-39;288
Napo;Tena;De 40-44;237
Napo;Tena;De 45-49;248
Napo;Tena;De 50-54;201
Napo;Tena;De 55-59;160
Napo;Tena;De 60-64;133
Napo;Tena;De 65-69;95
Napo;Tena;De 70-74;76
Napo;Tena;De 75-79;52
Napo;Tena;De 80-84;23
Napo;Tena;85 o más;29
Napo;Tena;Total Puerto Napo;7.152
Napo;Tena;De 0-4;759
Napo;Tena;De 5-9;718
Napo;Tena;De 10-14;917
Napo;Tena;De 15-19;849
Napo;Tena;De 20-24;598
Napo;Tena;De 25-29;499
Napo;Tena;De 30-34;475
Napo;Tena;De 35-39;453
Napo;Tena;De 40-44;398
Napo;Tena;De 45-49;326
Napo;Tena;De 50-54;297
Napo;Tena;De 55-59;223
Napo;Tena;De 60-64;206
Napo;Tena;De 65-69;163
Napo;Tena;De 70-74;129
Napo;Tena;De 75-79;79
Napo;Tena;De 80-84;32
Napo;Tena;85 o más;31
Napo;Tena;Total Tálag;3.528
Napo;Tena;De 0-4;423
Napo;Tena;De 5-9;393
Napo;Tena;De 10-14;491
Napo;Tena;De 15-19;432
Napo;Tena;De 20-24;313
Napo;Tena;De 25-29;275
Napo;Tena;De 30-34;212
Napo;Tena;De 35-39;207
Napo;Tena;De 40-44;172
Napo;Tena;De 45-49;135
Napo;Tena;De 50-54;123
Napo;Tena;De 55-59;86
Napo;Tena;De 60-64;90
Napo;Tena;De 65-69;65
Napo;Tena;De 70-74;50
Napo;Tena;De 75-79;37
Napo;Tena;De 80-84;9
Napo;Tena;85 o más;15
Napo;Tena;Total San Juan de Muyuna;7.314
Napo;Tena;De 0-4;835
Napo;Tena;De 5-9;793
Napo;Tena;De 10-14;998
Napo;Tena;De 15-19;891
Napo;Tena;De 20-24;671
Napo;Tena;De 25-29;569
Napo;Tena;De 30-34;562
Napo;Tena;De 35-39;473
Napo;Tena;De 40-44;419
Napo;Tena;De 45-49;303
Napo;Tena;De 50-54;211
Napo;Tena;De 55-59;194
Napo;Tena;De 60-64;152
Napo;Tena;De 65-69;98
Napo;Tena;De 70-74;80
Napo;Tena;De 75-79;39
Napo;Tena;De 80-84;14
Napo;Tena;85 o más;12
Napo;Archidona;Total Archidona;30.488
Napo;Archidona;De 0-4;3.116
Napo;Archidona;De 5-9;3.304
Napo;Archidona;De 10-14;3.800
Napo;Archidona;De 15-19;3.428
Napo;Archidona;De 20-24;2.532
Napo;Archidona;De 25-29;2.379
Napo;Archidona;De 30-34;2.103
Napo;Archidona;De 35-39;1.940
Napo;Archidona;De 40-44;1.689
Napo;Archidona;De 45-49;1.421
Napo;Archidona;De 50-54;1.221
Napo;Archidona;De 55-59;1.066
Napo;Archidona;De 60-64;812
Napo;Archidona;De 65-69;620
Napo;Archidona;De 70-74;431
Napo;Archidona;De 75-79;317
Napo;Archidona;De 80-84;194
Napo;Archidona;85 o más;115
Napo;Archidona;Total Archidona;15.316
Napo;Archidona;De 0-4;1.451
Napo;Archidona;De 5-9;1.609
Napo;Archidona;De 10-14;1.765
Napo;Archidona;De 15-19;1.619
Napo;Archidona;De 20-24;1.302
Napo;Archidona;De 25-29;1.304
Napo;Archidona;De 30-34;1.119
Napo;Archidona;De 35-39;1.046
Napo;Archidona;De 40-44;896
Napo;Archidona;De 45-49;739
Napo;Archidona;De 50-54;654
Napo;Archidona;De 55-59;575
Napo;Archidona;De 60-64;407
Napo;Archidona;De 65-69;282
Napo;Archidona;De 70-74;214
Napo;Archidona;De 75-79;164
Napo;Archidona;De 80-84;103
Napo;Archidona;85 o más;67
Napo;Archidona;Total Cotundo;6.879
Napo;Archidona;De 0-4;723
Napo;Archidona;De 5-9;720
Napo;Archidona;De 10-14;877
Napo;Archidona;De 15-19;811
Napo;Archidona;De 20-24;586
Napo;Archidona;De 25-29;498
Napo;Archidona;De 30-34;458
Napo;Archidona;De 35-39;424
Napo;Archidona;De 40-44;389
Napo;Archidona;De 45-49;318
Napo;Archidona;De 50-54;259
Napo;Archidona;De 55-59;222
Napo;Archidona;De 60-64;175
Napo;Archidona;De 65-69;161
Napo;Archidona;De 70-74;104
Napo;Archidona;De 75-79;84
Napo;Archidona;De 80-84;51
Napo;Archidona;85 o más;19
Napo;Archidona;Total San Pablo de Ushpayacu;5.657
Napo;Archidona;De 0-4;661
Napo;Archidona;De 5-9;700
Napo;Archidona;De 10-14;815
Napo;Archidona;De 15-19;655
Napo;Archidona;De 20-24;451
Napo;Archidona;De 25-29;370
Napo;Archidona;De 30-34;346
Napo;Archidona;De 35-39;311
Napo;Archidona;De 40-44;275
Napo;Archidona;De 45-49;248
Napo;Archidona;De 50-54;206
Napo;Archidona;De 55-59;149
Napo;Archidona;De 60-64;163
Napo;Archidona;De 65-69;125
Napo;Archidona;De 70-74;84
Napo;Archidona;De 75-79;49
Napo;Archidona;De 80-84;31
Napo;Archidona;85 o más;18
Napo;Archidona;Total Hatun Sumaku;2.636
Napo;Archidona;De 0-4;281
Napo;Archidona;De 5-9;275
Napo;Archidona;De 10-14;343
Napo;Archidona;De 15-19;343
Napo;Archidona;De 20-24;193
Napo;Archidona;De 25-29;207
Napo;Archidona;De 30-34;180
Napo;Archidona;De 35-39;159
Napo;Archidona;De 40-44;129
Napo;Archidona;De 45-49;116
Napo;Archidona;De 50-54;102
Napo;Archidona;De 55-59;120
Napo;Archidona;De 60-64;67
Napo;Archidona;De 65-69;52
Napo;Archidona;De 70-74;29
Napo;Archidona;De 75-79;20
Napo;Archidona;De 80-84;9
Napo;Archidona;85 o más;11
Napo;El Chaco;Total El Chaco;9.252
Napo;El Chaco;De 0-4;700
Napo;El Chaco;De 5-9;711
Napo;El Chaco;De 10-14;950
Napo;El Chaco;De 15-19;939
Napo;El Chaco;De 20-24;797
Napo;El Chaco;De 25-29;811
Napo;El Chaco;De 30-34;757
Napo;El Chaco;De 35-39;684
Napo;El Chaco;De 40-44;619
Napo;El Chaco;De 45-49;557
Napo;El Chaco;De 50-54;430
Napo;El Chaco;De 55-59;332
Napo;El Chaco;De 60-64;317
Napo;El Chaco;De 65-69;228
Napo;El Chaco;De 70-74;163
Napo;El Chaco;De 75-79;106
Napo;El Chaco;De 80-84;78
Napo;El Chaco;85 o más;73
Napo;El Chaco;Total El Chaco;5.624
Napo;El Chaco;De 0-4;438
Napo;El Chaco;De 5-9;464
Napo;El Chaco;De 10-14;556
Napo;El Chaco;De 15-19;549
Napo;El Chaco;De 20-24;483
Napo;El Chaco;De 25-29;528
Napo;El Chaco;De 30-34;460
Napo;El Chaco;De 35-39;417
Napo;El Chaco;De 40-44;368
Napo;El Chaco;De 45-49;347
Napo;El Chaco;De 50-54;262
Napo;El Chaco;De 55-59;212
Napo;El Chaco;De 60-64;198
Napo;El Chaco;De 65-69;127
Napo;El Chaco;De 70-74;94
Napo;El Chaco;De 75-79;49
Napo;El Chaco;De 80-84;37
Napo;El Chaco;85 o más;35
Napo;El Chaco;Total Gonzalo Díaz de Pineda;519
Napo;El Chaco;De 0-4;47
Napo;El Chaco;De 5-9;27
Napo;El Chaco;De 10-14;53
Napo;El Chaco;De 15-19;42
Napo;El Chaco;De 20-24;50
Napo;El Chaco;De 25-29;51
Napo;El Chaco;De 30-34;42
Napo;El Chaco;De 35-39;20
Napo;El Chaco;De 40-44;33
Napo;El Chaco;De 45-49;29
Napo;El Chaco;De 50-54;32
Napo;El Chaco;De 55-59;20
Napo;El Chaco;De 60-64;18
Napo;El Chaco;De 65-69;22
Napo;El Chaco;De 70-74;14
Napo;El Chaco;De 75-79;6
Napo;El Chaco;De 80-84;8
Napo;El Chaco;85 o más;5
Napo;El Chaco;Total Linares;174
Napo;El Chaco;De 0-4;10
Napo;El Chaco;De 5-9;11
Napo;El Chaco;De 10-14;21
Napo;El Chaco;De 15-19;16
Napo;El Chaco;De 20-24;19
Napo;El Chaco;De 25-29;12
Napo;El Chaco;De 30-34;15
Napo;El Chaco;De 35-39;10
Napo;El Chaco;De 40-44;11
Napo;El Chaco;De 45-49;12
Napo;El Chaco;De 50-54;10
Napo;El Chaco;De 55-59;3
Napo;El Chaco;De 60-64;5
Napo;El Chaco;De 65-69;6
Napo;El Chaco;De 70-74;5
Napo;El Chaco;De 75-79;4
Napo;El Chaco;De 80-84;
Napo;El Chaco;85 o más;4
Napo;El Chaco;Total Oyacachi;697
Napo;El Chaco;De 0-4;50
Napo;El Chaco;De 5-9;42
Napo;El Chaco;De 10-14;70
Napo;El Chaco;De 15-19;75
Napo;El Chaco;De 20-24;71
Napo;El Chaco;De 25-29;61
Napo;El Chaco;De 30-34;62
Napo;El Chaco;De 35-39;62
Napo;El Chaco;De 40-44;53
Napo;El Chaco;De 45-49;34
Napo;El Chaco;De 50-54;23
Napo;El Chaco;De 55-59;21
Napo;El Chaco;De 60-64;28
Napo;El Chaco;De 65-69;16
Napo;El Chaco;De 70-74;10
Napo;El Chaco;De 75-79;10
Napo;El Chaco;De 80-84;6
Napo;El Chaco;85 o más;3
Napo;El Chaco;Total Santa Rosa;1.653
Napo;El Chaco;De 0-4;121
Napo;El Chaco;De 5-9;130
Napo;El Chaco;De 10-14;205
Napo;El Chaco;De 15-19;203
Napo;El Chaco;De 20-24;122
Napo;El Chaco;De 25-29;111
Napo;El Chaco;De 30-34;140
Napo;El Chaco;De 35-39;133
Napo;El Chaco;De 40-44;116
Napo;El Chaco;De 45-49;95
Napo;El Chaco;De 50-54;70
Napo;El Chaco;De 55-59;45
Napo;El Chaco;De 60-64;45
Napo;El Chaco;De 65-69;32
Napo;El Chaco;De 70-74;22
Napo;El Chaco;De 75-79;31
Napo;El Chaco;De 80-84;19
Napo;El Chaco;85 o más;13
Napo;El Chaco;Total Sardinas;585
Napo;El Chaco;De 0-4;34
Napo;El Chaco;De 5-9;37
Napo;El Chaco;De 10-14;45
Napo;El Chaco;De 15-19;54
Napo;El Chaco;De 20-24;52
Napo;El Chaco;De 25-29;48
Napo;El Chaco;De 30-34;38
Napo;El Chaco;De 35-39;42
Napo;El Chaco;De 40-44;38
Napo;El Chaco;De 45-49;40
Napo;El Chaco;De 50-54;33
Napo;El Chaco;De 55-59;31
Napo;El Chaco;De 60-64;23
Napo;El Chaco;De 65-69;25
Napo;El Chaco;De 70-74;18
Napo;El Chaco;De 75-79;6
Napo;El Chaco;De 80-84;8
Napo;El Chaco;85 o más;13
Napo;Quijos;Total Quijos;6.472
Napo;Quijos;De 0-4;449
Napo;Quijos;De 5-9;499
Napo;Quijos;De 10-14;661
Napo;Quijos;De 15-19;602
Napo;Quijos;De 20-24;488
Napo;Quijos;De 25-29;520
Napo;Quijos;De 30-34;513
Napo;Quijos;De 35-39;481
Napo;Quijos;De 40-44;453
Napo;Quijos;De 45-49;353
Napo;Quijos;De 50-54;374
Napo;Quijos;De 55-59;281
Napo;Quijos;De 60-64;279
Napo;Quijos;De 65-69;168
Napo;Quijos;De 70-74;113
Napo;Quijos;De 75-79;102
Napo;Quijos;De 80-84;79
Napo;Quijos;85 o más;57
Napo;Quijos;Total Baeza;2.256
Napo;Quijos;De 0-4;162
Napo;Quijos;De 5-9;154
Napo;Quijos;De 10-14;232
Napo;Quijos;De 15-19;216
Napo;Quijos;De 20-24;169
Napo;Quijos;De 25-29;183
Napo;Quijos;De 30-34;198
Napo;Quijos;De 35-39;181
Napo;Quijos;De 40-44;148
Napo;Quijos;De 45-49;106
Napo;Quijos;De 50-54;136
Napo;Quijos;De 55-59;98
Napo;Quijos;De 60-64;106
Napo;Quijos;De 65-69;56
Napo;Quijos;De 70-74;30
Napo;Quijos;De 75-79;36
Napo;Quijos;De 80-84;24
Napo;Quijos;85 o más;21
Napo;Quijos;Total Cosanga;471
Napo;Quijos;De 0-4;41
Napo;Quijos;De 5-9;43
Napo;Quijos;De 10-14;56
Napo;Quijos;De 15-19;41
Napo;Quijos;De 20-24;28
Napo;Quijos;De 25-29;29
Napo;Quijos;De 30-34;38
Napo;Quijos;De 35-39;26
Napo;Quijos;De 40-44;31
Napo;Quijos;De 45-49;25
Napo;Quijos;De 50-54;29
Napo;Quijos;De 55-59;20
Napo;Quijos;De 60-64;21
Napo;Quijos;De 65-69;13
Napo;Quijos;De 70-74;10
Napo;Quijos;De 75-79;9
Napo;Quijos;De 80-84;9
Napo;Quijos;85 o más;2
Napo;Quijos;Total Cuyuja;504
Napo;Quijos;De 0-4;29
Napo;Quijos;De 5-9;46
Napo;Quijos;De 10-14;46
Napo;Quijos;De 15-19;42
Napo;Quijos;De 20-24;45
Napo;Quijos;De 25-29;38
Napo;Quijos;De 30-34;31
Napo;Quijos;De 35-39;33
Napo;Quijos;De 40-44;39
Napo;Quijos;De 45-49;28
Napo;Quijos;De 50-54;23
Napo;Quijos;De 55-59;24
Napo;Quijos;De 60-64;29
Napo;Quijos;De 65-69;17
Napo;Quijos;De 70-74;12
Napo;Quijos;De 75-79;8
Napo;Quijos;De 80-84;13
Napo;Quijos;85 o más;1
Napo;Quijos;Total Papallacta;635
Napo;Quijos;De 0-4;36
Napo;Quijos;De 5-9;50
Napo;Quijos;De 10-14;59
Napo;Quijos;De 15-19;40
Napo;Quijos;De 20-24;46
Napo;Quijos;De 25-29;55
Napo;Quijos;De 30-34;48
Napo;Quijos;De 35-39;35
Napo;Quijos;De 40-44;43
Napo;Quijos;De 45-49;49
Napo;Quijos;De 50-54;44
Napo;Quijos;De 55-59;32
Napo;Quijos;De 60-64;32
Napo;Quijos;De 65-69;21
Napo;Quijos;De 70-74;20
Napo;Quijos;De 75-79;10
Napo;Quijos;De 80-84;8
Napo;Quijos;85 o más;7
Napo;Quijos;Total San Francisco de Borja;2.474
Napo;Quijos;De 0-4;174
Napo;Quijos;De 5-9;193
Napo;Quijos;De 10-14;250
Napo;Quijos;De 15-19;252
Napo;Quijos;De 20-24;183
Napo;Quijos;De 25-29;208
Napo;Quijos;De 30-34;189
Napo;Quijos;De 35-39;192
Napo;Quijos;De 40-44;183
Napo;Quijos;De 45-49;138
Napo;Quijos;De 50-54;136
Napo;Quijos;De 55-59;107
Napo;Quijos;De 60-64;87
Napo;Quijos;De 65-69;58
Napo;Quijos;De 70-74;39
Napo;Quijos;De 75-79;38
Napo;Quijos;De 80-84;24
Napo;Quijos;85 o más;23
Napo;Quijos;Total Sumaco;132
Napo;Quijos;De 0-4;7
Napo;Quijos;De 5-9;13
Napo;Quijos;De 10-14;18
Napo;Quijos;De 15-19;11
Napo;Quijos;De 20-24;17
Napo;Quijos;De 25-29;7
Napo;Quijos;De 30-34;9
Napo;Quijos;De 35-39;14
Napo;Quijos;De 40-44;9
Napo;Quijos;De 45-49;7
Napo;Quijos;De 50-54;6
Napo;Quijos;De 55-59;
Napo;Quijos;De 60-64;4
Napo;Quijos;De 65-69;3
Napo;Quijos;De 70-74;2
Napo;Quijos;De 75-79;1
Napo;Quijos;De 80-84;1
Napo;Quijos;85 o más;3
Napo;Carlos Julio Arosemena Tola;Total Carlos Julio Arosemena Tola;4.647
Napo;Carlos Julio Arosemena Tola;De 0-4;471
Napo;Carlos Julio Arosemena Tola;De 5-9;466
Napo;Carlos Julio Arosemena Tola;De 10-14;532
Napo;Carlos Julio Arosemena Tola;De 15-19;482
Napo;Carlos Julio Arosemena Tola;De 20-24;410
Napo;Carlos Julio Arosemena Tola;De 25-29;371
Napo;Carlos Julio Arosemena Tola;De 30-34;305
Napo;Carlos Julio Arosemena Tola;De 35-39;320
Napo;Carlos Julio Arosemena Tola;De 40-44;281
Napo;Carlos Julio Arosemena Tola;De 45-49;211
Napo;Carlos Julio Arosemena Tola;De 50-54;190
Napo;Carlos Julio Arosemena Tola;De 55-59;141
Napo;Carlos Julio Arosemena Tola;De 60-64;143
Napo;Carlos Julio Arosemena Tola;De 65-69;110
Napo;Carlos Julio Arosemena Tola;De 70-74;76
Napo;Carlos Julio Arosemena Tola;De 75-79;60
Napo;Carlos Julio Arosemena Tola;De 80-84;37
Napo;Carlos Julio Arosemena Tola;85 o más;41
Napo;Carlos Julio Arosemena Tola;Total Carlos Julio Arosemena Tola;4.647
Napo;Carlos Julio Arosemena Tola;De 0-4;471
Napo;Carlos Julio Arosemena Tola;De 5-9;466
Napo;Carlos Julio Arosemena Tola;De 10-14;532
Napo;Carlos Julio Arosemena Tola;De 15-19;482
Napo;Carlos Julio Arosemena Tola;De 20-24;410
Napo;Carlos Julio Arosemena Tola;De 25-29;371
Napo;Carlos Julio Arosemena Tola;De 30-34;305
Napo;Carlos Julio Arosemena Tola;De 35-39;320
Napo;Carlos Julio Arosemena Tola;De 40-44;281
Napo;Carlos Julio Arosemena Tola;De 45-49;211
Napo;Carlos Julio Arosemena Tola;De 50-54;190
Napo;Carlos Julio Arosemena Tola;De 55-59;141
Napo;Carlos Julio Arosemena Tola;De 60-64;143
Napo;Carlos Julio Arosemena Tola;De 65-69;110
Napo;Carlos Julio Arosemena Tola;De 70-74;76
Napo;Carlos Julio Arosemena Tola;De 75-79;60
Napo;Carlos Julio Arosemena Tola;De 80-84;37
Napo;Carlos Julio Arosemena Tola;85 o más;41
Pastaza;Total Pastaza;Total Pastaza;111.915
Pastaza;Total Pastaza;De 0-4;12.158
Pastaza;Total Pastaza;De 5-9;12.005
Pastaza;Total Pastaza;De 10-14;12.881
Pastaza;Total Pastaza;De 15-19;11.119
Pastaza;Total Pastaza;De 20-24;9.632
Pastaza;Total Pastaza;De 25-29;8.805
Pastaza;Total Pastaza;De 30-34;7.769
Pastaza;Total Pastaza;De 35-39;7.337
Pastaza;Total Pastaza;De 40-44;6.429
Pastaza;Total Pastaza;De 45-49;5.438
Pastaza;Total Pastaza;De 50-54;4.607
Pastaza;Total Pastaza;De 55-59;3.840
Pastaza;Total Pastaza;De 60-64;3.021
Pastaza;Total Pastaza;De 65-69;2.402
Pastaza;Total Pastaza;De 70-74;1.752
Pastaza;Total Pastaza;De 75-79;1.228
Pastaza;Total Pastaza;De 80-84;747
Pastaza;Total Pastaza;85 o más;745
Pastaza;Pastaza;Total Pastaza;82.754
Pastaza;Pastaza;De 0-4;8.757
Pastaza;Pastaza;De 5-9;8.781
Pastaza;Pastaza;De 10-14;9.348
Pastaza;Pastaza;De 15-19;8.065
Pastaza;Pastaza;De 20-24;7.079
Pastaza;Pastaza;De 25-29;6.561
Pastaza;Pastaza;De 30-34;5.809
Pastaza;Pastaza;De 35-39;5.462
Pastaza;Pastaza;De 40-44;4.838
Pastaza;Pastaza;De 45-49;4.131
Pastaza;Pastaza;De 50-54;3.473
Pastaza;Pastaza;De 55-59;2.891
Pastaza;Pastaza;De 60-64;2.292
Pastaza;Pastaza;De 65-69;1.838
Pastaza;Pastaza;De 70-74;1.338
Pastaza;Pastaza;De 75-79;949
Pastaza;Pastaza;De 80-84;584
Pastaza;Pastaza;85 o más;558
Pastaza;Pastaza;Total Puyo;39.473
Pastaza;Pastaza;De 0-4;3.193
Pastaza;Pastaza;De 5-9;3.330
Pastaza;Pastaza;De 10-14;3.830
Pastaza;Pastaza;De 15-19;3.487
Pastaza;Pastaza;De 20-24;3.533
Pastaza;Pastaza;De 25-29;3.591
Pastaza;Pastaza;De 30-34;3.115
Pastaza;Pastaza;De 35-39;2.898
Pastaza;Pastaza;De 40-44;2.601
Pastaza;Pastaza;De 45-49;2.155
Pastaza;Pastaza;De 50-54;1.856
Pastaza;Pastaza;De 55-59;1.672
Pastaza;Pastaza;De 60-64;1.292
Pastaza;Pastaza;De 65-69;1.026
Pastaza;Pastaza;De 70-74;676
Pastaza;Pastaza;De 75-79;546
Pastaza;Pastaza;De 80-84;334
Pastaza;Pastaza;85 o más;338
Pastaza;Pastaza;Total Canelos;2.696
Pastaza;Pastaza;De 0-4;396
Pastaza;Pastaza;De 5-9;361
Pastaza;Pastaza;De 10-14;384
Pastaza;Pastaza;De 15-19;309
Pastaza;Pastaza;De 20-24;202
Pastaza;Pastaza;De 25-29;163
Pastaza;Pastaza;De 30-34;138
Pastaza;Pastaza;De 35-39;145
Pastaza;Pastaza;De 40-44;116
Pastaza;Pastaza;De 45-49;128
Pastaza;Pastaza;De 50-54;94
Pastaza;Pastaza;De 55-59;79
Pastaza;Pastaza;De 60-64;54
Pastaza;Pastaza;De 65-69;36
Pastaza;Pastaza;De 70-74;40
Pastaza;Pastaza;De 75-79;31
Pastaza;Pastaza;De 80-84;12
Pastaza;Pastaza;85 o más;8
Pastaza;Pastaza;Total Diez de Agosto;1.402
Pastaza;Pastaza;De 0-4;157
Pastaza;Pastaza;De 5-9;149
Pastaza;Pastaza;De 10-14;156
Pastaza;Pastaza;De 15-19;139
Pastaza;Pastaza;De 20-24;120
Pastaza;Pastaza;De 25-29;115
Pastaza;Pastaza;De 30-34;94
Pastaza;Pastaza;De 35-39;63
Pastaza;Pastaza;De 40-44;74
Pastaza;Pastaza;De 45-49;66
Pastaza;Pastaza;De 50-54;55
Pastaza;Pastaza;De 55-59;47
Pastaza;Pastaza;De 60-64;50
Pastaza;Pastaza;De 65-69;30
Pastaza;Pastaza;De 70-74;40
Pastaza;Pastaza;De 75-79;22
Pastaza;Pastaza;De 80-84;15
Pastaza;Pastaza;85 o más;10
Pastaza;Pastaza;Total Fátima;1.645
Pastaza;Pastaza;De 0-4;156
Pastaza;Pastaza;De 5-9;142
Pastaza;Pastaza;De 10-14;140
Pastaza;Pastaza;De 15-19;156
Pastaza;Pastaza;De 20-24;135
Pastaza;Pastaza;De 25-29;155
Pastaza;Pastaza;De 30-34;108
Pastaza;Pastaza;De 35-39;117
Pastaza;Pastaza;De 40-44;100
Pastaza;Pastaza;De 45-49;79
Pastaza;Pastaza;De 50-54;72
Pastaza;Pastaza;De 55-59;69
Pastaza;Pastaza;De 60-64;49
Pastaza;Pastaza;De 65-69;44
Pastaza;Pastaza;De 70-74;53
Pastaza;Pastaza;De 75-79;30
Pastaza;Pastaza;De 80-84;19
Pastaza;Pastaza;85 o más;21
Pastaza;Pastaza;Total Montalvo;4.863
Pastaza;Pastaza;De 0-4;872
Pastaza;Pastaza;De 5-9;881
Pastaza;Pastaza;De 10-14;725
Pastaza;Pastaza;De 15-19;541
Pastaza;Pastaza;De 20-24;363
Pastaza;Pastaza;De 25-29;279
Pastaza;Pastaza;De 30-34;249
Pastaza;Pastaza;De 35-39;211
Pastaza;Pastaza;De 40-44;197
Pastaza;Pastaza;De 45-49;149
Pastaza;Pastaza;De 50-54;104
Pastaza;Pastaza;De 55-59;87
Pastaza;Pastaza;De 60-64;70
Pastaza;Pastaza;De 65-69;58
Pastaza;Pastaza;De 70-74;43
Pastaza;Pastaza;De 75-79;10
Pastaza;Pastaza;De 80-84;12
Pastaza;Pastaza;85 o más;12
Pastaza;Pastaza;Total Pomona;284
Pastaza;Pastaza;De 0-4;27
Pastaza;Pastaza;De 5-9;23
Pastaza;Pastaza;De 10-14;27
Pastaza;Pastaza;De 15-19;16
Pastaza;Pastaza;De 20-24;12
Pastaza;Pastaza;De 25-29;28
Pastaza;Pastaza;De 30-34;23
Pastaza;Pastaza;De 35-39;14
Pastaza;Pastaza;De 40-44;10
Pastaza;Pastaza;De 45-49;21
Pastaza;Pastaza;De 50-54;17
Pastaza;Pastaza;De 55-59;10
Pastaza;Pastaza;De 60-64;11
Pastaza;Pastaza;De 65-69;22
Pastaza;Pastaza;De 70-74;9
Pastaza;Pastaza;De 75-79;5
Pastaza;Pastaza;De 80-84;8
Pastaza;Pastaza;85 o más;1
Pastaza;Pastaza;Total Río Corrientes;457
Pastaza;Pastaza;De 0-4;96
Pastaza;Pastaza;De 5-9;75
Pastaza;Pastaza;De 10-14;65
Pastaza;Pastaza;De 15-19;53
Pastaza;Pastaza;De 20-24;38
Pastaza;Pastaza;De 25-29;27
Pastaza;Pastaza;De 30-34;20
Pastaza;Pastaza;De 35-39;24
Pastaza;Pastaza;De 40-44;16
Pastaza;Pastaza;De 45-49;11
Pastaza;Pastaza;De 50-54;11
Pastaza;Pastaza;De 55-59;5
Pastaza;Pastaza;De 60-64;4
Pastaza;Pastaza;De 65-69;3
Pastaza;Pastaza;De 70-74;6
Pastaza;Pastaza;De 75-79;2
Pastaza;Pastaza;De 80-84;1
Pastaza;Pastaza;85 o más;
Pastaza;Pastaza;Total Río Tigre;1.055
Pastaza;Pastaza;De 0-4;193
Pastaza;Pastaza;De 5-9;202
Pastaza;Pastaza;De 10-14;146
Pastaza;Pastaza;De 15-19;121
Pastaza;Pastaza;De 20-24;63
Pastaza;Pastaza;De 25-29;62
Pastaza;Pastaza;De 30-34;69
Pastaza;Pastaza;De 35-39;46
Pastaza;Pastaza;De 40-44;37
Pastaza;Pastaza;De 45-49;27
Pastaza;Pastaza;De 50-54;31
Pastaza;Pastaza;De 55-59;15
Pastaza;Pastaza;De 60-64;14
Pastaza;Pastaza;De 65-69;12
Pastaza;Pastaza;De 70-74;10
Pastaza;Pastaza;De 75-79;2
Pastaza;Pastaza;De 80-84;2
Pastaza;Pastaza;85 o más;3
Pastaza;Pastaza;Total Sarayacu;4.072
Pastaza;Pastaza;De 0-4;713
Pastaza;Pastaza;De 5-9;662
Pastaza;Pastaza;De 10-14;675
Pastaza;Pastaza;De 15-19;460
Pastaza;Pastaza;De 20-24;274
Pastaza;Pastaza;De 25-29;224
Pastaza;Pastaza;De 30-34;206
Pastaza;Pastaza;De 35-39;177
Pastaza;Pastaza;De 40-44;160
Pastaza;Pastaza;De 45-49;130
Pastaza;Pastaza;De 50-54;96
Pastaza;Pastaza;De 55-59;85
Pastaza;Pastaza;De 60-64;63
Pastaza;Pastaza;De 65-69;58
Pastaza;Pastaza;De 70-74;38
Pastaza;Pastaza;De 75-79;28
Pastaza;Pastaza;De 80-84;16
Pastaza;Pastaza;85 o más;7
Pastaza;Pastaza;Total Simón Bolívar;7.689
Pastaza;Pastaza;De 0-4;1.208
Pastaza;Pastaza;De 5-9;1.097
Pastaza;Pastaza;De 10-14;1.118
Pastaza;Pastaza;De 15-19;859
Pastaza;Pastaza;De 20-24;626
Pastaza;Pastaza;De 25-29;533
Pastaza;Pastaza;De 30-34;444
Pastaza;Pastaza;De 35-39;391
Pastaza;Pastaza;De 40-44;321
Pastaza;Pastaza;De 45-49;291
Pastaza;Pastaza;De 50-54;200
Pastaza;Pastaza;De 55-59;154
Pastaza;Pastaza;De 60-64;145
Pastaza;Pastaza;De 65-69;128
Pastaza;Pastaza;De 70-74;88
Pastaza;Pastaza;De 75-79;42
Pastaza;Pastaza;De 80-84;21
Pastaza;Pastaza;85 o más;23
Pastaza;Pastaza;Total Tarqui;14.242
Pastaza;Pastaza;De 0-4;1.333
Pastaza;Pastaza;De 5-9;1.435
Pastaza;Pastaza;De 10-14;1.546
Pastaza;Pastaza;De 15-19;1.440
Pastaza;Pastaza;De 20-24;1.281
Pastaza;Pastaza;De 25-29;1.058
Pastaza;Pastaza;De 30-34;1.043
Pastaza;Pastaza;De 35-39;1.067
Pastaza;Pastaza;De 40-44;936
Pastaza;Pastaza;De 45-49;809
Pastaza;Pastaza;De 50-54;691
Pastaza;Pastaza;De 55-59;483
Pastaza;Pastaza;De 60-64;375
Pastaza;Pastaza;De 65-69;272
Pastaza;Pastaza;De 70-74;175
Pastaza;Pastaza;De 75-79;146
Pastaza;Pastaza;De 80-84;75
Pastaza;Pastaza;85 o más;77
Pastaza;Pastaza;Total Teniente Hugo Ortiz;1.187
Pastaza;Pastaza;De 0-4;106
Pastaza;Pastaza;De 5-9;114
Pastaza;Pastaza;De 10-14;136
Pastaza;Pastaza;De 15-19;123
Pastaza;Pastaza;De 20-24;104
Pastaza;Pastaza;De 25-29;74
Pastaza;Pastaza;De 30-34;82
Pastaza;Pastaza;De 35-39;78
Pastaza;Pastaza;De 40-44;54
Pastaza;Pastaza;De 45-49;68
Pastaza;Pastaza;De 50-54;45
Pastaza;Pastaza;De 55-59;43
Pastaza;Pastaza;De 60-64;44
Pastaza;Pastaza;De 65-69;30
Pastaza;Pastaza;De 70-74;37
Pastaza;Pastaza;De 75-79;22
Pastaza;Pastaza;De 80-84;16
Pastaza;Pastaza;85 o más;11
Pastaza;Pastaza;Total Veracruz;2.361
Pastaza;Pastaza;De 0-4;178
Pastaza;Pastaza;De 5-9;199
Pastaza;Pastaza;De 10-14;244
Pastaza;Pastaza;De 15-19;238
Pastaza;Pastaza;De 20-24;204
Pastaza;Pastaza;De 25-29;167
Pastaza;Pastaza;De 30-34;138
Pastaza;Pastaza;De 35-39;144
Pastaza;Pastaza;De 40-44;143
Pastaza;Pastaza;De 45-49;120
Pastaza;Pastaza;De 50-54;132
Pastaza;Pastaza;De 55-59;97
Pastaza;Pastaza;De 60-64;80
Pastaza;Pastaza;De 65-69;81
Pastaza;Pastaza;De 70-74;79
Pastaza;Pastaza;De 75-79;47
Pastaza;Pastaza;De 80-84;33
Pastaza;Pastaza;85 o más;37
Pastaza;Pastaza;Total El Triunfo;1.328
Pastaza;Pastaza;De 0-4;129
Pastaza;Pastaza;De 5-9;111
Pastaza;Pastaza;De 10-14;156
Pastaza;Pastaza;De 15-19;123
Pastaza;Pastaza;De 20-24;124
Pastaza;Pastaza;De 25-29;85
Pastaza;Pastaza;De 30-34;80
Pastaza;Pastaza;De 35-39;87
Pastaza;Pastaza;De 40-44;73
Pastaza;Pastaza;De 45-49;77
Pastaza;Pastaza;De 50-54;69
Pastaza;Pastaza;De 55-59;45
Pastaza;Pastaza;De 60-64;41
Pastaza;Pastaza;De 65-69;38
Pastaza;Pastaza;De 70-74;44
Pastaza;Pastaza;De 75-79;16
Pastaza;Pastaza;De 80-84;20
Pastaza;Pastaza;85 o más;10
Pastaza;Mera;Total Mera;15.087
Pastaza;Mera;De 0-4;1.569
Pastaza;Mera;De 5-9;1.554
Pastaza;Mera;De 10-14;1.686
Pastaza;Mera;De 15-19;1.508
Pastaza;Mera;De 20-24;1.331
Pastaza;Mera;De 25-29;1.197
Pastaza;Mera;De 30-34;1.045
Pastaza;Mera;De 35-39;1.057
Pastaza;Mera;De 40-44;943
Pastaza;Mera;De 45-49;734
Pastaza;Mera;De 50-54;600
Pastaza;Mera;De 55-59;522
Pastaza;Mera;De 60-64;423
Pastaza;Mera;De 65-69;316
Pastaza;Mera;De 70-74;233
Pastaza;Mera;De 75-79;160
Pastaza;Mera;De 80-84;101
Pastaza;Mera;85 o más;108
Pastaza;Mera;Total Mera;1.909
Pastaza;Mera;De 0-4;128
Pastaza;Mera;De 5-9;146
Pastaza;Mera;De 10-14;156
Pastaza;Mera;De 15-19;199
Pastaza;Mera;De 20-24;167
Pastaza;Mera;De 25-29;144
Pastaza;Mera;De 30-34;120
Pastaza;Mera;De 35-39;114
Pastaza;Mera;De 40-44;110
Pastaza;Mera;De 45-49;127
Pastaza;Mera;De 50-54;115
Pastaza;Mera;De 55-59;101
Pastaza;Mera;De 60-64;73
Pastaza;Mera;De 65-69;68
Pastaza;Mera;De 70-74;46
Pastaza;Mera;De 75-79;37
Pastaza;Mera;De 80-84;22
Pastaza;Mera;85 o más;36
Pastaza;Mera;Total Madre Tierra;3.684
Pastaza;Mera;De 0-4;472
Pastaza;Mera;De 5-9;434
Pastaza;Mera;De 10-14;437
Pastaza;Mera;De 15-19;382
Pastaza;Mera;De 20-24;306
Pastaza;Mera;De 25-29;276
Pastaza;Mera;De 30-34;220
Pastaza;Mera;De 35-39;227
Pastaza;Mera;De 40-44;195
Pastaza;Mera;De 45-49;154
Pastaza;Mera;De 50-54;139
Pastaza;Mera;De 55-59;130
Pastaza;Mera;De 60-64;98
Pastaza;Mera;De 65-69;76
Pastaza;Mera;De 70-74;61
Pastaza;Mera;De 75-79;39
Pastaza;Mera;De 80-84;19
Pastaza;Mera;85 o más;19
Pastaza;Mera;Total Shell;9.494
Pastaza;Mera;De 0-4;969
Pastaza;Mera;De 5-9;974
Pastaza;Mera;De 10-14;1.093
Pastaza;Mera;De 15-19;927
Pastaza;Mera;De 20-24;858
Pastaza;Mera;De 25-29;777
Pastaza;Mera;De 30-34;705
Pastaza;Mera;De 35-39;716
Pastaza;Mera;De 40-44;638
Pastaza;Mera;De 45-49;453
Pastaza;Mera;De 50-54;346
Pastaza;Mera;De 55-59;291
Pastaza;Mera;De 60-64;252
Pastaza;Mera;De 65-69;172
Pastaza;Mera;De 70-74;126
Pastaza;Mera;De 75-79;84
Pastaza;Mera;De 80-84;60
Pastaza;Mera;85 o más;53
Pastaza;Santa Clara;Total Santa Clara;4.521
Pastaza;Santa Clara;De 0-4;433
Pastaza;Santa Clara;De 5-9;412
Pastaza;Santa Clara;De 10-14;466
Pastaza;Santa Clara;De 15-19;472
Pastaza;Santa Clara;De 20-24;398
Pastaza;Santa Clara;De 25-29;363
Pastaza;Santa Clara;De 30-34;313
Pastaza;Santa Clara;De 35-39;289
Pastaza;Santa Clara;De 40-44;239
Pastaza;Santa Clara;De 45-49;238
Pastaza;Santa Clara;De 50-54;225
Pastaza;Santa Clara;De 55-59;186
Pastaza;Santa Clara;De 60-64;134
Pastaza;Santa Clara;De 65-69;118
Pastaza;Santa Clara;De 70-74;84
Pastaza;Santa Clara;De 75-79;67
Pastaza;Santa Clara;De 80-84;28
Pastaza;Santa Clara;85 o más;56
Pastaza;Santa Clara;Total Santa Clara;3.642
Pastaza;Santa Clara;De 0-4;348
Pastaza;Santa Clara;De 5-9;316
Pastaza;Santa Clara;De 10-14;386
Pastaza;Santa Clara;De 15-19;371
Pastaza;Santa Clara;De 20-24;315
Pastaza;Santa Clara;De 25-29;311
Pastaza;Santa Clara;De 30-34;248
Pastaza;Santa Clara;De 35-39;238
Pastaza;Santa Clara;De 40-44;199
Pastaza;Santa Clara;De 45-49;190
Pastaza;Santa Clara;De 50-54;183
Pastaza;Santa Clara;De 55-59;156
Pastaza;Santa Clara;De 60-64;108
Pastaza;Santa Clara;De 65-69;98
Pastaza;Santa Clara;De 70-74;61
Pastaza;Santa Clara;De 75-79;47
Pastaza;Santa Clara;De 80-84;22
Pastaza;Santa Clara;85 o más;45
Pastaza;Santa Clara;Total San José;879
Pastaza;Santa Clara;De 0-4;85
Pastaza;Santa Clara;De 5-9;96
Pastaza;Santa Clara;De 10-14;80
Pastaza;Santa Clara;De 15-19;101
Pastaza;Santa Clara;De 20-24;83
Pastaza;Santa Clara;De 25-29;52
Pastaza;Santa Clara;De 30-34;65
Pastaza;Santa Clara;De 35-39;51
Pastaza;Santa Clara;De 40-44;40
Pastaza;Santa Clara;De 45-49;48
Pastaza;Santa Clara;De 50-54;42
Pastaza;Santa Clara;De 55-59;30
Pastaza;Santa Clara;De 60-64;26
Pastaza;Santa Clara;De 65-69;20
Pastaza;Santa Clara;De 70-74;23
Pastaza;Santa Clara;De 75-79;20
Pastaza;Santa Clara;De 80-84;6
Pastaza;Santa Clara;85 o más;11
Pastaza;Arajuno;Total Arajuno;9.553
Pastaza;Arajuno;De 0-4;1.399
Pastaza;Arajuno;De 5-9;1.258
Pastaza;Arajuno;De 10-14;1.381
Pastaza;Arajuno;De 15-19;1.074
Pastaza;Arajuno;De 20-24;824
Pastaza;Arajuno;De 25-29;684
Pastaza;Arajuno;De 30-34;602
Pastaza;Arajuno;De 35-39;529
Pastaza;Arajuno;De 40-44;409
Pastaza;Arajuno;De 45-49;335
Pastaza;Arajuno;De 50-54;309
Pastaza;Arajuno;De 55-59;241
Pastaza;Arajuno;De 60-64;172
Pastaza;Arajuno;De 65-69;130
Pastaza;Arajuno;De 70-74;97
Pastaza;Arajuno;De 75-79;52
Pastaza;Arajuno;De 80-84;34
Pastaza;Arajuno;85 o más;23
Pastaza;Arajuno;Total Arajuno;5.690
Pastaza;Arajuno;De 0-4;789
Pastaza;Arajuno;De 5-9;697
Pastaza;Arajuno;De 10-14;764
Pastaza;Arajuno;De 15-19;631
Pastaza;Arajuno;De 20-24;501
Pastaza;Arajuno;De 25-29;448
Pastaza;Arajuno;De 30-34;377
Pastaza;Arajuno;De 35-39;332
Pastaza;Arajuno;De 40-44;269
Pastaza;Arajuno;De 45-49;225
Pastaza;Arajuno;De 50-54;198
Pastaza;Arajuno;De 55-59;149
Pastaza;Arajuno;De 60-64;104
Pastaza;Arajuno;De 65-69;76
Pastaza;Arajuno;De 70-74;66
Pastaza;Arajuno;De 75-79;31
Pastaza;Arajuno;De 80-84;20
Pastaza;Arajuno;85 o más;13
Pastaza;Arajuno;Total Curaray;3.863
Pastaza;Arajuno;De 0-4;610
Pastaza;Arajuno;De 5-9;561
Pastaza;Arajuno;De 10-14;617
Pastaza;Arajuno;De 15-19;443
Pastaza;Arajuno;De 20-24;323
Pastaza;Arajuno;De 25-29;236
Pastaza;Arajuno;De 30-34;225
Pastaza;Arajuno;De 35-39;197
Pastaza;Arajuno;De 40-44;140
Pastaza;Arajuno;De 45-49;110
Pastaza;Arajuno;De 50-54;111
Pastaza;Arajuno;De 55-59;92
Pastaza;Arajuno;De 60-64;68
Pastaza;Arajuno;De 65-69;54
Pastaza;Arajuno;De 70-74;31
Pastaza;Arajuno;De 75-79;21
Pastaza;Arajuno;De 80-84;14
Pastaza;Arajuno;85 o más;10
Pichincha;Total Pichincha;Total Pichincha;3.089.473
Pichincha;Total Pichincha;De 0-4;184.640
Pichincha;Total Pichincha;De 5-9;228.467
Pichincha;Total Pichincha;De 10-14;256.098
Pichincha;Total Pichincha;De 15-19;259.250
Pichincha;Total Pichincha;De 20-24;263.314
Pichincha;Total Pichincha;De 25-29;257.620
Pichincha;Total Pichincha;De 30-34;248.229
Pichincha;Total Pichincha;De 35-39;243.665
Pichincha;Total Pichincha;De 40-44;224.436
Pichincha;Total Pichincha;De 45-49;189.079
Pichincha;Total Pichincha;De 50-54;166.761
Pichincha;Total Pichincha;De 55-59;146.047
Pichincha;Total Pichincha;De 60-64;125.355
Pichincha;Total Pichincha;De 65-69;101.515
Pichincha;Total Pichincha;De 70-74;74.123
Pichincha;Total Pichincha;De 75-79;52.575
Pichincha;Total Pichincha;De 80-84;34.713
Pichincha;Total Pichincha;85 o más;33.586
Pichincha;Distrito Metropolitano de Quito;Total Distrito Metropolitano de Quito;2.679.722
Pichincha;Distrito Metropolitano de Quito;De 0-4;155.606
Pichincha;Distrito Metropolitano de Quito;De 5-9;195.613
Pichincha;Distrito Metropolitano de Quito;De 10-14;218.312
Pichincha;Distrito Metropolitano de Quito;De 15-19;220.364
Pichincha;Distrito Metropolitano de Quito;De 20-24;225.396
Pichincha;Distrito Metropolitano de Quito;De 25-29;223.108
Pichincha;Distrito Metropolitano de Quito;De 30-34;217.349
Pichincha;Distrito Metropolitano de Quito;De 35-39;213.803
Pichincha;Distrito Metropolitano de Quito;De 40-44;196.437
Pichincha;Distrito Metropolitano de Quito;De 45-49;165.334
Pichincha;Distrito Metropolitano de Quito;De 50-54;146.375
Pichincha;Distrito Metropolitano de Quito;De 55-59;128.891
Pichincha;Distrito Metropolitano de Quito;De 60-64;111.104
Pichincha;Distrito Metropolitano de Quito;De 65-69;89.935
Pichincha;Distrito Metropolitano de Quito;De 70-74;65.805
Pichincha;Distrito Metropolitano de Quito;De 75-79;46.342
Pichincha;Distrito Metropolitano de Quito;De 80-84;30.462
Pichincha;Distrito Metropolitano de Quito;85 o más;29.486
Pichincha;Distrito Metropolitano de Quito;Total Quito;1.776.364
Pichincha;Distrito Metropolitano de Quito;De 0-4;101.166
Pichincha;Distrito Metropolitano de Quito;De 5-9;126.151
Pichincha;Distrito Metropolitano de Quito;De 10-14;141.296
Pichincha;Distrito Metropolitano de Quito;De 15-19;142.981
Pichincha;Distrito Metropolitano de Quito;De 20-24;149.268
Pichincha;Distrito Metropolitano de Quito;De 25-29;150.298
Pichincha;Distrito Metropolitano de Quito;De 30-34;147.194
Pichincha;Distrito Metropolitano de Quito;De 35-39;141.668
Pichincha;Distrito Metropolitano de Quito;De 40-44;128.769
Pichincha;Distrito Metropolitano de Quito;De 45-49;107.899
Pichincha;Distrito Metropolitano de Quito;De 50-54;97.164
Pichincha;Distrito Metropolitano de Quito;De 55-59;86.450
Pichincha;Distrito Metropolitano de Quito;De 60-64;75.573
Pichincha;Distrito Metropolitano de Quito;De 65-69;61.458
Pichincha;Distrito Metropolitano de Quito;De 70-74;45.667
Pichincha;Distrito Metropolitano de Quito;De 75-79;31.910
Pichincha;Distrito Metropolitano de Quito;De 80-84;21.169
Pichincha;Distrito Metropolitano de Quito;85 o más;20.283
Pichincha;Distrito Metropolitano de Quito;Total Alangasí;34.655
Pichincha;Distrito Metropolitano de Quito;De 0-4;1.814
Pichincha;Distrito Metropolitano de Quito;De 5-9;2.471
Pichincha;Distrito Metropolitano de Quito;De 10-14;2.711
Pichincha;Distrito Metropolitano de Quito;De 15-19;2.679
Pichincha;Distrito Metropolitano de Quito;De 20-24;2.734
Pichincha;Distrito Metropolitano de Quito;De 25-29;2.618
Pichincha;Distrito Metropolitano de Quito;De 30-34;2.593
Pichincha;Distrito Metropolitano de Quito;De 35-39;2.684
Pichincha;Distrito Metropolitano de Quito;De 40-44;2.694
Pichincha;Distrito Metropolitano de Quito;De 45-49;2.315
Pichincha;Distrito Metropolitano de Quito;De 50-54;2.028
Pichincha;Distrito Metropolitano de Quito;De 55-59;1.842
Pichincha;Distrito Metropolitano de Quito;De 60-64;1.653
Pichincha;Distrito Metropolitano de Quito;De 65-69;1.323
Pichincha;Distrito Metropolitano de Quito;De 70-74;934
Pichincha;Distrito Metropolitano de Quito;De 75-79;627
Pichincha;Distrito Metropolitano de Quito;De 80-84;461
Pichincha;Distrito Metropolitano de Quito;85 o más;474
Pichincha;Distrito Metropolitano de Quito;Total Amaguaña;43.235
Pichincha;Distrito Metropolitano de Quito;De 0-4;2.757
Pichincha;Distrito Metropolitano de Quito;De 5-9;3.393
Pichincha;Distrito Metropolitano de Quito;De 10-14;3.734
Pichincha;Distrito Metropolitano de Quito;De 15-19;3.903
Pichincha;Distrito Metropolitano de Quito;De 20-24;3.721
Pichincha;Distrito Metropolitano de Quito;De 25-29;3.593
Pichincha;Distrito Metropolitano de Quito;De 30-34;3.409
Pichincha;Distrito Metropolitano de Quito;De 35-39;3.427
Pichincha;Distrito Metropolitano de Quito;De 40-44;3.203
Pichincha;Distrito Metropolitano de Quito;De 45-49;2.628
Pichincha;Distrito Metropolitano de Quito;De 50-54;2.333
Pichincha;Distrito Metropolitano de Quito;De 55-59;2.005
Pichincha;Distrito Metropolitano de Quito;De 60-64;1.583
Pichincha;Distrito Metropolitano de Quito;De 65-69;1.212
Pichincha;Distrito Metropolitano de Quito;De 70-74;761
Pichincha;Distrito Metropolitano de Quito;De 75-79;657
Pichincha;Distrito Metropolitano de Quito;De 80-84;473
Pichincha;Distrito Metropolitano de Quito;85 o más;443
Pichincha;Distrito Metropolitano de Quito;Total Atahualpa;1.446
Pichincha;Distrito Metropolitano de Quito;De 0-4;68
Pichincha;Distrito Metropolitano de Quito;De 5-9;84
Pichincha;Distrito Metropolitano de Quito;De 10-14;124
Pichincha;Distrito Metropolitano de Quito;De 15-19;116
Pichincha;Distrito Metropolitano de Quito;De 20-24;90
Pichincha;Distrito Metropolitano de Quito;De 25-29;79
Pichincha;Distrito Metropolitano de Quito;De 30-34;82
Pichincha;Distrito Metropolitano de Quito;De 35-39;89
Pichincha;Distrito Metropolitano de Quito;De 40-44;87
Pichincha;Distrito Metropolitano de Quito;De 45-49;89
Pichincha;Distrito Metropolitano de Quito;De 50-54;75
Pichincha;Distrito Metropolitano de Quito;De 55-59;77
Pichincha;Distrito Metropolitano de Quito;De 60-64;94
Pichincha;Distrito Metropolitano de Quito;De 65-69;93
Pichincha;Distrito Metropolitano de Quito;De 70-74;58
Pichincha;Distrito Metropolitano de Quito;De 75-79;54
Pichincha;Distrito Metropolitano de Quito;De 80-84;46
Pichincha;Distrito Metropolitano de Quito;85 o más;41
Pichincha;Distrito Metropolitano de Quito;Total Calacalí;4.964
Pichincha;Distrito Metropolitano de Quito;De 0-4;311
Pichincha;Distrito Metropolitano de Quito;De 5-9;381
Pichincha;Distrito Metropolitano de Quito;De 10-14;411
Pichincha;Distrito Metropolitano de Quito;De 15-19;454
Pichincha;Distrito Metropolitano de Quito;De 20-24;453
Pichincha;Distrito Metropolitano de Quito;De 25-29;405
Pichincha;Distrito Metropolitano de Quito;De 30-34;372
Pichincha;Distrito Metropolitano de Quito;De 35-39;320
Pichincha;Distrito Metropolitano de Quito;De 40-44;330
Pichincha;Distrito Metropolitano de Quito;De 45-49;292
Pichincha;Distrito Metropolitano de Quito;De 50-54;293
Pichincha;Distrito Metropolitano de Quito;De 55-59;199
Pichincha;Distrito Metropolitano de Quito;De 60-64;186
Pichincha;Distrito Metropolitano de Quito;De 65-69;158
Pichincha;Distrito Metropolitano de Quito;De 70-74;123
Pichincha;Distrito Metropolitano de Quito;De 75-79;107
Pichincha;Distrito Metropolitano de Quito;De 80-84;85
Pichincha;Distrito Metropolitano de Quito;85 o más;84
Pichincha;Distrito Metropolitano de Quito;Total Calderón;250.877
Pichincha;Distrito Metropolitano de Quito;De 0-4;15.650
Pichincha;Distrito Metropolitano de Quito;De 5-9;20.146
Pichincha;Distrito Metropolitano de Quito;De 10-14;22.583
Pichincha;Distrito Metropolitano de Quito;De 15-19;22.188
Pichincha;Distrito Metropolitano de Quito;De 20-24;22.088
Pichincha;Distrito Metropolitano de Quito;De 25-29;21.229
Pichincha;Distrito Metropolitano de Quito;De 30-34;20.628
Pichincha;Distrito Metropolitano de Quito;De 35-39;20.934
Pichincha;Distrito Metropolitano de Quito;De 40-44;18.981
Pichincha;Distrito Metropolitano de Quito;De 45-49;15.620
Pichincha;Distrito Metropolitano de Quito;De 50-54;13.184
Pichincha;Distrito Metropolitano de Quito;De 55-59;11.034
Pichincha;Distrito Metropolitano de Quito;De 60-64;9.034
Pichincha;Distrito Metropolitano de Quito;De 65-69;6.712
Pichincha;Distrito Metropolitano de Quito;De 70-74;4.405
Pichincha;Distrito Metropolitano de Quito;De 75-79;2.893
Pichincha;Distrito Metropolitano de Quito;De 80-84;1.810
Pichincha;Distrito Metropolitano de Quito;85 o más;1.758
Pichincha;Distrito Metropolitano de Quito;Total Conocoto;127.815
Pichincha;Distrito Metropolitano de Quito;De 0-4;6.568
Pichincha;Distrito Metropolitano de Quito;De 5-9;8.862
Pichincha;Distrito Metropolitano de Quito;De 10-14;9.819
Pichincha;Distrito Metropolitano de Quito;De 15-19;9.978
Pichincha;Distrito Metropolitano de Quito;De 20-24;9.886
Pichincha;Distrito Metropolitano de Quito;De 25-29;9.820
Pichincha;Distrito Metropolitano de Quito;De 30-34;9.835
Pichincha;Distrito Metropolitano de Quito;De 35-39;10.507
Pichincha;Distrito Metropolitano de Quito;De 40-44;10.149
Pichincha;Distrito Metropolitano de Quito;De 45-49;8.605
Pichincha;Distrito Metropolitano de Quito;De 50-54;7.429
Pichincha;Distrito Metropolitano de Quito;De 55-59;7.015
Pichincha;Distrito Metropolitano de Quito;De 60-64;6.023
Pichincha;Distrito Metropolitano de Quito;De 65-69;4.796
Pichincha;Distrito Metropolitano de Quito;De 70-74;3.434
Pichincha;Distrito Metropolitano de Quito;De 75-79;2.286
Pichincha;Distrito Metropolitano de Quito;De 80-84;1.418
Pichincha;Distrito Metropolitano de Quito;85 o más;1.385
Pichincha;Distrito Metropolitano de Quito;Total Cumbayá;41.819
Pichincha;Distrito Metropolitano de Quito;De 0-4;1.836
Pichincha;Distrito Metropolitano de Quito;De 5-9;2.540
Pichincha;Distrito Metropolitano de Quito;De 10-14;2.929
Pichincha;Distrito Metropolitano de Quito;De 15-19;3.064
Pichincha;Distrito Metropolitano de Quito;De 20-24;3.175
Pichincha;Distrito Metropolitano de Quito;De 25-29;2.863
Pichincha;Distrito Metropolitano de Quito;De 30-34;2.864
Pichincha;Distrito Metropolitano de Quito;De 35-39;3.054
Pichincha;Distrito Metropolitano de Quito;De 40-44;3.194
Pichincha;Distrito Metropolitano de Quito;De 45-49;3.151
Pichincha;Distrito Metropolitano de Quito;De 50-54;2.904
Pichincha;Distrito Metropolitano de Quito;De 55-59;2.466
Pichincha;Distrito Metropolitano de Quito;De 60-64;2.219
Pichincha;Distrito Metropolitano de Quito;De 65-69;1.910
Pichincha;Distrito Metropolitano de Quito;De 70-74;1.395
Pichincha;Distrito Metropolitano de Quito;De 75-79;991
Pichincha;Distrito Metropolitano de Quito;De 80-84;617
Pichincha;Distrito Metropolitano de Quito;85 o más;647
Pichincha;Distrito Metropolitano de Quito;Total Chavezpamba;579
Pichincha;Distrito Metropolitano de Quito;De 0-4;29
Pichincha;Distrito Metropolitano de Quito;De 5-9;30
Pichincha;Distrito Metropolitano de Quito;De 10-14;46
Pichincha;Distrito Metropolitano de Quito;De 15-19;62
Pichincha;Distrito Metropolitano de Quito;De 20-24;39
Pichincha;Distrito Metropolitano de Quito;De 25-29;29
Pichincha;Distrito Metropolitano de Quito;De 30-34;30
Pichincha;Distrito Metropolitano de Quito;De 35-39;27
Pichincha;Distrito Metropolitano de Quito;De 40-44;22
Pichincha;Distrito Metropolitano de Quito;De 45-49;44
Pichincha;Distrito Metropolitano de Quito;De 50-54;27
Pichincha;Distrito Metropolitano de Quito;De 55-59;34
Pichincha;Distrito Metropolitano de Quito;De 60-64;28
Pichincha;Distrito Metropolitano de Quito;De 65-69;33
Pichincha;Distrito Metropolitano de Quito;De 70-74;25
Pichincha;Distrito Metropolitano de Quito;De 75-79;17
Pichincha;Distrito Metropolitano de Quito;De 80-84;26
Pichincha;Distrito Metropolitano de Quito;85 o más;31
Pichincha;Distrito Metropolitano de Quito;Total Checa;11.492
Pichincha;Distrito Metropolitano de Quito;De 0-4;831
Pichincha;Distrito Metropolitano de Quito;De 5-9;942
Pichincha;Distrito Metropolitano de Quito;De 10-14;1.020
Pichincha;Distrito Metropolitano de Quito;De 15-19;1.049
Pichincha;Distrito Metropolitano de Quito;De 20-24;1.107
Pichincha;Distrito Metropolitano de Quito;De 25-29;1.072
Pichincha;Distrito Metropolitano de Quito;De 30-34;895
Pichincha;Distrito Metropolitano de Quito;De 35-39;857
Pichincha;Distrito Metropolitano de Quito;De 40-44;756
Pichincha;Distrito Metropolitano de Quito;De 45-49;667
Pichincha;Distrito Metropolitano de Quito;De 50-54;573
Pichincha;Distrito Metropolitano de Quito;De 55-59;421
Pichincha;Distrito Metropolitano de Quito;De 60-64;344
Pichincha;Distrito Metropolitano de Quito;De 65-69;304
Pichincha;Distrito Metropolitano de Quito;De 70-74;224
Pichincha;Distrito Metropolitano de Quito;De 75-79;190
Pichincha;Distrito Metropolitano de Quito;De 80-84;121
Pichincha;Distrito Metropolitano de Quito;85 o más;119
Pichincha;Distrito Metropolitano de Quito;Total El Quinche;18.485
Pichincha;Distrito Metropolitano de Quito;De 0-4;1.357
Pichincha;Distrito Metropolitano de Quito;De 5-9;1.581
Pichincha;Distrito Metropolitano de Quito;De 10-14;1.567
Pichincha;Distrito Metropolitano de Quito;De 15-19;1.733
Pichincha;Distrito Metropolitano de Quito;De 20-24;1.843
Pichincha;Distrito Metropolitano de Quito;De 25-29;1.735
Pichincha;Distrito Metropolitano de Quito;De 30-34;1.405
Pichincha;Distrito Metropolitano de Quito;De 35-39;1.346
Pichincha;Distrito Metropolitano de Quito;De 40-44;1.248
Pichincha;Distrito Metropolitano de Quito;De 45-49;1.096
Pichincha;Distrito Metropolitano de Quito;De 50-54;893
Pichincha;Distrito Metropolitano de Quito;De 55-59;653
Pichincha;Distrito Metropolitano de Quito;De 60-64;581
Pichincha;Distrito Metropolitano de Quito;De 65-69;452
Pichincha;Distrito Metropolitano de Quito;De 70-74;366
Pichincha;Distrito Metropolitano de Quito;De 75-79;271
Pichincha;Distrito Metropolitano de Quito;De 80-84;186
Pichincha;Distrito Metropolitano de Quito;85 o más;172
Pichincha;Distrito Metropolitano de Quito;Total Gualea;1.704
Pichincha;Distrito Metropolitano de Quito;De 0-4;117
Pichincha;Distrito Metropolitano de Quito;De 5-9;125
Pichincha;Distrito Metropolitano de Quito;De 10-14;150
Pichincha;Distrito Metropolitano de Quito;De 15-19;154
Pichincha;Distrito Metropolitano de Quito;De 20-24;131
Pichincha;Distrito Metropolitano de Quito;De 25-29;115
Pichincha;Distrito Metropolitano de Quito;De 30-34;81
Pichincha;Distrito Metropolitano de Quito;De 35-39;98
Pichincha;Distrito Metropolitano de Quito;De 40-44;88
Pichincha;Distrito Metropolitano de Quito;De 45-49;94
Pichincha;Distrito Metropolitano de Quito;De 50-54;109
Pichincha;Distrito Metropolitano de Quito;De 55-59;77
Pichincha;Distrito Metropolitano de Quito;De 60-64;86
Pichincha;Distrito Metropolitano de Quito;De 65-69;74
Pichincha;Distrito Metropolitano de Quito;De 70-74;63
Pichincha;Distrito Metropolitano de Quito;De 75-79;52
Pichincha;Distrito Metropolitano de Quito;De 80-84;52
Pichincha;Distrito Metropolitano de Quito;85 o más;38
Pichincha;Distrito Metropolitano de Quito;Total Guangopolo;4.336
Pichincha;Distrito Metropolitano de Quito;De 0-4;292
Pichincha;Distrito Metropolitano de Quito;De 5-9;328
Pichincha;Distrito Metropolitano de Quito;De 10-14;396
Pichincha;Distrito Metropolitano de Quito;De 15-19;440
Pichincha;Distrito Metropolitano de Quito;De 20-24;356
Pichincha;Distrito Metropolitano de Quito;De 25-29;401
Pichincha;Distrito Metropolitano de Quito;De 30-34;361
Pichincha;Distrito Metropolitano de Quito;De 35-39;316
Pichincha;Distrito Metropolitano de Quito;De 40-44;305
Pichincha;Distrito Metropolitano de Quito;De 45-49;239
Pichincha;Distrito Metropolitano de Quito;De 50-54;228
Pichincha;Distrito Metropolitano de Quito;De 55-59;203
Pichincha;Distrito Metropolitano de Quito;De 60-64;158
Pichincha;Distrito Metropolitano de Quito;De 65-69;112
Pichincha;Distrito Metropolitano de Quito;De 70-74;79
Pichincha;Distrito Metropolitano de Quito;De 75-79;51
Pichincha;Distrito Metropolitano de Quito;De 80-84;31
Pichincha;Distrito Metropolitano de Quito;85 o más;40
Pichincha;Distrito Metropolitano de Quito;Total Guayllabamba;20.584
Pichincha;Distrito Metropolitano de Quito;De 0-4;1.426
Pichincha;Distrito Metropolitano de Quito;De 5-9;1.547
Pichincha;Distrito Metropolitano de Quito;De 10-14;1.775
Pichincha;Distrito Metropolitano de Quito;De 15-19;1.819
Pichincha;Distrito Metropolitano de Quito;De 20-24;1.956
Pichincha;Distrito Metropolitano de Quito;De 25-29;1.840
Pichincha;Distrito Metropolitano de Quito;De 30-34;1.563
Pichincha;Distrito Metropolitano de Quito;De 35-39;1.574
Pichincha;Distrito Metropolitano de Quito;De 40-44;1.393
Pichincha;Distrito Metropolitano de Quito;De 45-49;1.200
Pichincha;Distrito Metropolitano de Quito;De 50-54;1.036
Pichincha;Distrito Metropolitano de Quito;De 55-59;871
Pichincha;Distrito Metropolitano de Quito;De 60-64;703
Pichincha;Distrito Metropolitano de Quito;De 65-69;618
Pichincha;Distrito Metropolitano de Quito;De 70-74;455
Pichincha;Distrito Metropolitano de Quito;De 75-79;368
Pichincha;Distrito Metropolitano de Quito;De 80-84;207
Pichincha;Distrito Metropolitano de Quito;85 o más;233
Pichincha;Distrito Metropolitano de Quito;Total La Merced;11.438
Pichincha;Distrito Metropolitano de Quito;De 0-4;774
Pichincha;Distrito Metropolitano de Quito;De 5-9;821
Pichincha;Distrito Metropolitano de Quito;De 10-14;1.057
Pichincha;Distrito Metropolitano de Quito;De 15-19;1.060
Pichincha;Distrito Metropolitano de Quito;De 20-24;974
Pichincha;Distrito Metropolitano de Quito;De 25-29;983
Pichincha;Distrito Metropolitano de Quito;De 30-34;891
Pichincha;Distrito Metropolitano de Quito;De 35-39;931
Pichincha;Distrito Metropolitano de Quito;De 40-44;831
Pichincha;Distrito Metropolitano de Quito;De 45-49;665
Pichincha;Distrito Metropolitano de Quito;De 50-54;544
Pichincha;Distrito Metropolitano de Quito;De 55-59;487
Pichincha;Distrito Metropolitano de Quito;De 60-64;397
Pichincha;Distrito Metropolitano de Quito;De 65-69;375
Pichincha;Distrito Metropolitano de Quito;De 70-74;254
Pichincha;Distrito Metropolitano de Quito;De 75-79;172
Pichincha;Distrito Metropolitano de Quito;De 80-84;119
Pichincha;Distrito Metropolitano de Quito;85 o más;103
Pichincha;Distrito Metropolitano de Quito;Total Llano Chico;15.113
Pichincha;Distrito Metropolitano de Quito;De 0-4;966
Pichincha;Distrito Metropolitano de Quito;De 5-9;1.279
Pichincha;Distrito Metropolitano de Quito;De 10-14;1.433
Pichincha;Distrito Metropolitano de Quito;De 15-19;1.409
Pichincha;Distrito Metropolitano de Quito;De 20-24;1.256
Pichincha;Distrito Metropolitano de Quito;De 25-29;1.288
Pichincha;Distrito Metropolitano de Quito;De 30-34;1.253
Pichincha;Distrito Metropolitano de Quito;De 35-39;1.248
Pichincha;Distrito Metropolitano de Quito;De 40-44;1.176
Pichincha;Distrito Metropolitano de Quito;De 45-49;904
Pichincha;Distrito Metropolitano de Quito;De 50-54;791
Pichincha;Distrito Metropolitano de Quito;De 55-59;638
Pichincha;Distrito Metropolitano de Quito;De 60-64;497
Pichincha;Distrito Metropolitano de Quito;De 65-69;301
Pichincha;Distrito Metropolitano de Quito;De 70-74;251
Pichincha;Distrito Metropolitano de Quito;De 75-79;174
Pichincha;Distrito Metropolitano de Quito;De 80-84;127
Pichincha;Distrito Metropolitano de Quito;85 o más;122
Pichincha;Distrito Metropolitano de Quito;Total Lloa;1.959
Pichincha;Distrito Metropolitano de Quito;De 0-4;160
Pichincha;Distrito Metropolitano de Quito;De 5-9;150
Pichincha;Distrito Metropolitano de Quito;De 10-14;150
Pichincha;Distrito Metropolitano de Quito;De 15-19;178
Pichincha;Distrito Metropolitano de Quito;De 20-24;154
Pichincha;Distrito Metropolitano de Quito;De 25-29;186
Pichincha;Distrito Metropolitano de Quito;De 30-34;130
Pichincha;Distrito Metropolitano de Quito;De 35-39;115
Pichincha;Distrito Metropolitano de Quito;De 40-44;116
Pichincha;Distrito Metropolitano de Quito;De 45-49;98
Pichincha;Distrito Metropolitano de Quito;De 50-54;117
Pichincha;Distrito Metropolitano de Quito;De 55-59;90
Pichincha;Distrito Metropolitano de Quito;De 60-64;85
Pichincha;Distrito Metropolitano de Quito;De 65-69;77
Pichincha;Distrito Metropolitano de Quito;De 70-74;48
Pichincha;Distrito Metropolitano de Quito;De 75-79;35
Pichincha;Distrito Metropolitano de Quito;De 80-84;27
Pichincha;Distrito Metropolitano de Quito;85 o más;43
Pichincha;Distrito Metropolitano de Quito;Total Nanegal;2.959
Pichincha;Distrito Metropolitano de Quito;De 0-4;211
Pichincha;Distrito Metropolitano de Quito;De 5-9;232
Pichincha;Distrito Metropolitano de Quito;De 10-14;245
Pichincha;Distrito Metropolitano de Quito;De 15-19;252
Pichincha;Distrito Metropolitano de Quito;De 20-24;227
Pichincha;Distrito Metropolitano de Quito;De 25-29;195
Pichincha;Distrito Metropolitano de Quito;De 30-34;232
Pichincha;Distrito Metropolitano de Quito;De 35-39;219
Pichincha;Distrito Metropolitano de Quito;De 40-44;144
Pichincha;Distrito Metropolitano de Quito;De 45-49;131
Pichincha;Distrito Metropolitano de Quito;De 50-54;160
Pichincha;Distrito Metropolitano de Quito;De 55-59;135
Pichincha;Distrito Metropolitano de Quito;De 60-64;119
Pichincha;Distrito Metropolitano de Quito;De 65-69;134
Pichincha;Distrito Metropolitano de Quito;De 70-74;96
Pichincha;Distrito Metropolitano de Quito;De 75-79;99
Pichincha;Distrito Metropolitano de Quito;De 80-84;51
Pichincha;Distrito Metropolitano de Quito;85 o más;77
Pichincha;Distrito Metropolitano de Quito;Total Nanegalito;2.776
Pichincha;Distrito Metropolitano de Quito;De 0-4;190
Pichincha;Distrito Metropolitano de Quito;De 5-9;238
Pichincha;Distrito Metropolitano de Quito;De 10-14;221
Pichincha;Distrito Metropolitano de Quito;De 15-19;255
Pichincha;Distrito Metropolitano de Quito;De 20-24;217
Pichincha;Distrito Metropolitano de Quito;De 25-29;265
Pichincha;Distrito Metropolitano de Quito;De 30-34;191
Pichincha;Distrito Metropolitano de Quito;De 35-39;170
Pichincha;Distrito Metropolitano de Quito;De 40-44;162
Pichincha;Distrito Metropolitano de Quito;De 45-49;162
Pichincha;Distrito Metropolitano de Quito;De 50-54;160
Pichincha;Distrito Metropolitano de Quito;De 55-59;113
Pichincha;Distrito Metropolitano de Quito;De 60-64;98
Pichincha;Distrito Metropolitano de Quito;De 65-69;96
Pichincha;Distrito Metropolitano de Quito;De 70-74;76
Pichincha;Distrito Metropolitano de Quito;De 75-79;74
Pichincha;Distrito Metropolitano de Quito;De 80-84;44
Pichincha;Distrito Metropolitano de Quito;85 o más;44
Pichincha;Distrito Metropolitano de Quito;Total Nayón;22.065
Pichincha;Distrito Metropolitano de Quito;De 0-4;1.088
Pichincha;Distrito Metropolitano de Quito;De 5-9;1.522
Pichincha;Distrito Metropolitano de Quito;De 10-14;1.769
Pichincha;Distrito Metropolitano de Quito;De 15-19;1.758
Pichincha;Distrito Metropolitano de Quito;De 20-24;1.712
Pichincha;Distrito Metropolitano de Quito;De 25-29;1.547
Pichincha;Distrito Metropolitano de Quito;De 30-34;1.457
Pichincha;Distrito Metropolitano de Quito;De 35-39;1.630
Pichincha;Distrito Metropolitano de Quito;De 40-44;1.652
Pichincha;Distrito Metropolitano de Quito;De 45-49;1.571
Pichincha;Distrito Metropolitano de Quito;De 50-54;1.456
Pichincha;Distrito Metropolitano de Quito;De 55-59;1.346
Pichincha;Distrito Metropolitano de Quito;De 60-64;994
Pichincha;Distrito Metropolitano de Quito;De 65-69;897
Pichincha;Distrito Metropolitano de Quito;De 70-74;633
Pichincha;Distrito Metropolitano de Quito;De 75-79;519
Pichincha;Distrito Metropolitano de Quito;De 80-84;271
Pichincha;Distrito Metropolitano de Quito;85 o más;243
Pichincha;Distrito Metropolitano de Quito;Total Nono;2.938
Pichincha;Distrito Metropolitano de Quito;De 0-4;186
Pichincha;Distrito Metropolitano de Quito;De 5-9;265
Pichincha;Distrito Metropolitano de Quito;De 10-14;268
Pichincha;Distrito Metropolitano de Quito;De 15-19;298
Pichincha;Distrito Metropolitano de Quito;De 20-24;278
Pichincha;Distrito Metropolitano de Quito;De 25-29;184
Pichincha;Distrito Metropolitano de Quito;De 30-34;189
Pichincha;Distrito Metropolitano de Quito;De 35-39;244
Pichincha;Distrito Metropolitano de Quito;De 40-44;203
Pichincha;Distrito Metropolitano de Quito;De 45-49;163
Pichincha;Distrito Metropolitano de Quito;De 50-54;140
Pichincha;Distrito Metropolitano de Quito;De 55-59;127
Pichincha;Distrito Metropolitano de Quito;De 60-64;88
Pichincha;Distrito Metropolitano de Quito;De 65-69;79
Pichincha;Distrito Metropolitano de Quito;De 70-74;72
Pichincha;Distrito Metropolitano de Quito;De 75-79;51
Pichincha;Distrito Metropolitano de Quito;De 80-84;37
Pichincha;Distrito Metropolitano de Quito;85 o más;66
Pichincha;Distrito Metropolitano de Quito;Total Pacto;3.898
Pichincha;Distrito Metropolitano de Quito;De 0-4;291
Pichincha;Distrito Metropolitano de Quito;De 5-9;304
Pichincha;Distrito Metropolitano de Quito;De 10-14;371
Pichincha;Distrito Metropolitano de Quito;De 15-19;317
Pichincha;Distrito Metropolitano de Quito;De 20-24;260
Pichincha;Distrito Metropolitano de Quito;De 25-29;272
Pichincha;Distrito Metropolitano de Quito;De 30-34;269
Pichincha;Distrito Metropolitano de Quito;De 35-39;255
Pichincha;Distrito Metropolitano de Quito;De 40-44;217
Pichincha;Distrito Metropolitano de Quito;De 45-49;216
Pichincha;Distrito Metropolitano de Quito;De 50-54;234
Pichincha;Distrito Metropolitano de Quito;De 55-59;203
Pichincha;Distrito Metropolitano de Quito;De 60-64;144
Pichincha;Distrito Metropolitano de Quito;De 65-69;149
Pichincha;Distrito Metropolitano de Quito;De 70-74;116
Pichincha;Distrito Metropolitano de Quito;De 75-79;109
Pichincha;Distrito Metropolitano de Quito;De 80-84;76
Pichincha;Distrito Metropolitano de Quito;85 o más;95
Pichincha;Distrito Metropolitano de Quito;Total Perucho;704
Pichincha;Distrito Metropolitano de Quito;De 0-4;38
Pichincha;Distrito Metropolitano de Quito;De 5-9;29
Pichincha;Distrito Metropolitano de Quito;De 10-14;53
Pichincha;Distrito Metropolitano de Quito;De 15-19;51
Pichincha;Distrito Metropolitano de Quito;De 20-24;53
Pichincha;Distrito Metropolitano de Quito;De 25-29;46
Pichincha;Distrito Metropolitano de Quito;De 30-34;44
Pichincha;Distrito Metropolitano de Quito;De 35-39;35
Pichincha;Distrito Metropolitano de Quito;De 40-44;27
Pichincha;Distrito Metropolitano de Quito;De 45-49;39
Pichincha;Distrito Metropolitano de Quito;De 50-54;42
Pichincha;Distrito Metropolitano de Quito;De 55-59;37
Pichincha;Distrito Metropolitano de Quito;De 60-64;33
Pichincha;Distrito Metropolitano de Quito;De 65-69;58
Pichincha;Distrito Metropolitano de Quito;De 70-74;40
Pichincha;Distrito Metropolitano de Quito;De 75-79;29
Pichincha;Distrito Metropolitano de Quito;De 80-84;24
Pichincha;Distrito Metropolitano de Quito;85 o más;26
Pichincha;Distrito Metropolitano de Quito;Total Pifo;23.202
Pichincha;Distrito Metropolitano de Quito;De 0-4;1.734
Pichincha;Distrito Metropolitano de Quito;De 5-9;2.064
Pichincha;Distrito Metropolitano de Quito;De 10-14;2.212
Pichincha;Distrito Metropolitano de Quito;De 15-19;2.092
Pichincha;Distrito Metropolitano de Quito;De 20-24;2.218
Pichincha;Distrito Metropolitano de Quito;De 25-29;2.096
Pichincha;Distrito Metropolitano de Quito;De 30-34;1.914
Pichincha;Distrito Metropolitano de Quito;De 35-39;1.770
Pichincha;Distrito Metropolitano de Quito;De 40-44;1.609
Pichincha;Distrito Metropolitano de Quito;De 45-49;1.284
Pichincha;Distrito Metropolitano de Quito;De 50-54;1.093
Pichincha;Distrito Metropolitano de Quito;De 55-59;833
Pichincha;Distrito Metropolitano de Quito;De 60-64;716
Pichincha;Distrito Metropolitano de Quito;De 65-69;507
Pichincha;Distrito Metropolitano de Quito;De 70-74;342
Pichincha;Distrito Metropolitano de Quito;De 75-79;298
Pichincha;Distrito Metropolitano de Quito;De 80-84;208
Pichincha;Distrito Metropolitano de Quito;85 o más;212
Pichincha;Distrito Metropolitano de Quito;Total Píntag;23.240
Pichincha;Distrito Metropolitano de Quito;De 0-4;1.674
Pichincha;Distrito Metropolitano de Quito;De 5-9;2.010
Pichincha;Distrito Metropolitano de Quito;De 10-14;2.181
Pichincha;Distrito Metropolitano de Quito;De 15-19;2.188
Pichincha;Distrito Metropolitano de Quito;De 20-24;2.094
Pichincha;Distrito Metropolitano de Quito;De 25-29;1.893
Pichincha;Distrito Metropolitano de Quito;De 30-34;1.759
Pichincha;Distrito Metropolitano de Quito;De 35-39;1.657
Pichincha;Distrito Metropolitano de Quito;De 40-44;1.599
Pichincha;Distrito Metropolitano de Quito;De 45-49;1.324
Pichincha;Distrito Metropolitano de Quito;De 50-54;1.094
Pichincha;Distrito Metropolitano de Quito;De 55-59;1.014
Pichincha;Distrito Metropolitano de Quito;De 60-64;782
Pichincha;Distrito Metropolitano de Quito;De 65-69;628
Pichincha;Distrito Metropolitano de Quito;De 70-74;452
Pichincha;Distrito Metropolitano de Quito;De 75-79;378
Pichincha;Distrito Metropolitano de Quito;De 80-84;292
Pichincha;Distrito Metropolitano de Quito;85 o más;221
Pichincha;Distrito Metropolitano de Quito;Total Pomasqui;36.883
Pichincha;Distrito Metropolitano de Quito;De 0-4;1.888
Pichincha;Distrito Metropolitano de Quito;De 5-9;2.699
Pichincha;Distrito Metropolitano de Quito;De 10-14;3.046
Pichincha;Distrito Metropolitano de Quito;De 15-19;3.002
Pichincha;Distrito Metropolitano de Quito;De 20-24;2.690
Pichincha;Distrito Metropolitano de Quito;De 25-29;2.674
Pichincha;Distrito Metropolitano de Quito;De 30-34;2.867
Pichincha;Distrito Metropolitano de Quito;De 35-39;2.977
Pichincha;Distrito Metropolitano de Quito;De 40-44;2.963
Pichincha;Distrito Metropolitano de Quito;De 45-49;2.465
Pichincha;Distrito Metropolitano de Quito;De 50-54;2.040
Pichincha;Distrito Metropolitano de Quito;De 55-59;1.897
Pichincha;Distrito Metropolitano de Quito;De 60-64;1.660
Pichincha;Distrito Metropolitano de Quito;De 65-69;1.514
Pichincha;Distrito Metropolitano de Quito;De 70-74;1.043
Pichincha;Distrito Metropolitano de Quito;De 75-79;679
Pichincha;Distrito Metropolitano de Quito;De 80-84;393
Pichincha;Distrito Metropolitano de Quito;85 o más;386
Pichincha;Distrito Metropolitano de Quito;Total Puéllaro;5.155
Pichincha;Distrito Metropolitano de Quito;De 0-4;340
Pichincha;Distrito Metropolitano de Quito;De 5-9;359
Pichincha;Distrito Metropolitano de Quito;De 10-14;396
Pichincha;Distrito Metropolitano de Quito;De 15-19;386
Pichincha;Distrito Metropolitano de Quito;De 20-24;425
Pichincha;Distrito Metropolitano de Quito;De 25-29;358
Pichincha;Distrito Metropolitano de Quito;De 30-34;316
Pichincha;Distrito Metropolitano de Quito;De 35-39;351
Pichincha;Distrito Metropolitano de Quito;De 40-44;306
Pichincha;Distrito Metropolitano de Quito;De 45-49;291
Pichincha;Distrito Metropolitano de Quito;De 50-54;292
Pichincha;Distrito Metropolitano de Quito;De 55-59;273
Pichincha;Distrito Metropolitano de Quito;De 60-64;244
Pichincha;Distrito Metropolitano de Quito;De 65-69;223
Pichincha;Distrito Metropolitano de Quito;De 70-74;201
Pichincha;Distrito Metropolitano de Quito;De 75-79;167
Pichincha;Distrito Metropolitano de Quito;De 80-84;125
Pichincha;Distrito Metropolitano de Quito;85 o más;102
Pichincha;Distrito Metropolitano de Quito;Total Puembo;17.780
Pichincha;Distrito Metropolitano de Quito;De 0-4;1.043
Pichincha;Distrito Metropolitano de Quito;De 5-9;1.448
Pichincha;Distrito Metropolitano de Quito;De 10-14;1.560
Pichincha;Distrito Metropolitano de Quito;De 15-19;1.594
Pichincha;Distrito Metropolitano de Quito;De 20-24;1.596
Pichincha;Distrito Metropolitano de Quito;De 25-29;1.364
Pichincha;Distrito Metropolitano de Quito;De 30-34;1.319
Pichincha;Distrito Metropolitano de Quito;De 35-39;1.359
Pichincha;Distrito Metropolitano de Quito;De 40-44;1.336
Pichincha;Distrito Metropolitano de Quito;De 45-49;1.168
Pichincha;Distrito Metropolitano de Quito;De 50-54;913
Pichincha;Distrito Metropolitano de Quito;De 55-59;776
Pichincha;Distrito Metropolitano de Quito;De 60-64;723
Pichincha;Distrito Metropolitano de Quito;De 65-69;546
Pichincha;Distrito Metropolitano de Quito;De 70-74;392
Pichincha;Distrito Metropolitano de Quito;De 75-79;279
Pichincha;Distrito Metropolitano de Quito;De 80-84;185
Pichincha;Distrito Metropolitano de Quito;85 o más;179
Pichincha;Distrito Metropolitano de Quito;Total San Antonio;49.984
Pichincha;Distrito Metropolitano de Quito;De 0-4;3.120
Pichincha;Distrito Metropolitano de Quito;De 5-9;3.950
Pichincha;Distrito Metropolitano de Quito;De 10-14;4.531
Pichincha;Distrito Metropolitano de Quito;De 15-19;4.559
Pichincha;Distrito Metropolitano de Quito;De 20-24;4.203
Pichincha;Distrito Metropolitano de Quito;De 25-29;4.006
Pichincha;Distrito Metropolitano de Quito;De 30-34;3.865
Pichincha;Distrito Metropolitano de Quito;De 35-39;4.138
Pichincha;Distrito Metropolitano de Quito;De 40-44;3.738
Pichincha;Distrito Metropolitano de Quito;De 45-49;3.004
Pichincha;Distrito Metropolitano de Quito;De 50-54;2.504
Pichincha;Distrito Metropolitano de Quito;De 55-59;2.221
Pichincha;Distrito Metropolitano de Quito;De 60-64;1.895
Pichincha;Distrito Metropolitano de Quito;De 65-69;1.495
Pichincha;Distrito Metropolitano de Quito;De 70-74;1.141
Pichincha;Distrito Metropolitano de Quito;De 75-79;751
Pichincha;Distrito Metropolitano de Quito;De 80-84;433
Pichincha;Distrito Metropolitano de Quito;85 o más;430
Pichincha;Distrito Metropolitano de Quito;Total San José de Minas;5.589
Pichincha;Distrito Metropolitano de Quito;De 0-4;325
Pichincha;Distrito Metropolitano de Quito;De 5-9;431
Pichincha;Distrito Metropolitano de Quito;De 10-14;492
Pichincha;Distrito Metropolitano de Quito;De 15-19;476
Pichincha;Distrito Metropolitano de Quito;De 20-24;423
Pichincha;Distrito Metropolitano de Quito;De 25-29;350
Pichincha;Distrito Metropolitano de Quito;De 30-34;299
Pichincha;Distrito Metropolitano de Quito;De 35-39;366
Pichincha;Distrito Metropolitano de Quito;De 40-44;347
Pichincha;Distrito Metropolitano de Quito;De 45-49;294
Pichincha;Distrito Metropolitano de Quito;De 50-54;270
Pichincha;Distrito Metropolitano de Quito;De 55-59;283
Pichincha;Distrito Metropolitano de Quito;De 60-64;251
Pichincha;Distrito Metropolitano de Quito;De 65-69;280
Pichincha;Distrito Metropolitano de Quito;De 70-74;181
Pichincha;Distrito Metropolitano de Quito;De 75-79;218
Pichincha;Distrito Metropolitano de Quito;De 80-84;160
Pichincha;Distrito Metropolitano de Quito;85 o más;143
Pichincha;Distrito Metropolitano de Quito;Total Tababela;3.851
Pichincha;Distrito Metropolitano de Quito;De 0-4;210
Pichincha;Distrito Metropolitano de Quito;De 5-9;297
Pichincha;Distrito Metropolitano de Quito;De 10-14;320
Pichincha;Distrito Metropolitano de Quito;De 15-19;317
Pichincha;Distrito Metropolitano de Quito;De 20-24;373
Pichincha;Distrito Metropolitano de Quito;De 25-29;315
Pichincha;Distrito Metropolitano de Quito;De 30-34;275
Pichincha;Distrito Metropolitano de Quito;De 35-39;338
Pichincha;Distrito Metropolitano de Quito;De 40-44;244
Pichincha;Distrito Metropolitano de Quito;De 45-49;261
Pichincha;Distrito Metropolitano de Quito;De 50-54;189
Pichincha;Distrito Metropolitano de Quito;De 55-59;172
Pichincha;Distrito Metropolitano de Quito;De 60-64;133
Pichincha;Distrito Metropolitano de Quito;De 65-69;142
Pichincha;Distrito Metropolitano de Quito;De 70-74;95
Pichincha;Distrito Metropolitano de Quito;De 75-79;66
Pichincha;Distrito Metropolitano de Quito;De 80-84;61
Pichincha;Distrito Metropolitano de Quito;85 o más;43
Pichincha;Distrito Metropolitano de Quito;Total Tumbaco;79.109
Pichincha;Distrito Metropolitano de Quito;De 0-4;4.875
Pichincha;Distrito Metropolitano de Quito;De 5-9;6.237
Pichincha;Distrito Metropolitano de Quito;De 10-14;6.488
Pichincha;Distrito Metropolitano de Quito;De 15-19;6.550
Pichincha;Distrito Metropolitano de Quito;De 20-24;6.399
Pichincha;Distrito Metropolitano de Quito;De 25-29;6.135
Pichincha;Distrito Metropolitano de Quito;De 30-34;6.256
Pichincha;Distrito Metropolitano de Quito;De 35-39;6.611
Pichincha;Distrito Metropolitano de Quito;De 40-44;6.249
Pichincha;Distrito Metropolitano de Quito;De 45-49;5.412
Pichincha;Distrito Metropolitano de Quito;De 50-54;4.332
Pichincha;Distrito Metropolitano de Quito;De 55-59;3.525
Pichincha;Distrito Metropolitano de Quito;De 60-64;2.907
Pichincha;Distrito Metropolitano de Quito;De 65-69;2.379
Pichincha;Distrito Metropolitano de Quito;De 70-74;1.799
Pichincha;Distrito Metropolitano de Quito;De 75-79;1.324
Pichincha;Distrito Metropolitano de Quito;De 80-84;780
Pichincha;Distrito Metropolitano de Quito;85 o más;851
Pichincha;Distrito Metropolitano de Quito;Total Yaruquí;26.564
Pichincha;Distrito Metropolitano de Quito;De 0-4;1.880
Pichincha;Distrito Metropolitano de Quito;De 5-9;2.229
Pichincha;Distrito Metropolitano de Quito;De 10-14;2.418
Pichincha;Distrito Metropolitano de Quito;De 15-19;2.483
Pichincha;Distrito Metropolitano de Quito;De 20-24;2.438
Pichincha;Distrito Metropolitano de Quito;De 25-29;2.346
Pichincha;Distrito Metropolitano de Quito;De 30-34;2.088
Pichincha;Distrito Metropolitano de Quito;De 35-39;2.009
Pichincha;Distrito Metropolitano de Quito;De 40-44;1.854
Pichincha;Distrito Metropolitano de Quito;De 45-49;1.561
Pichincha;Distrito Metropolitano de Quito;De 50-54;1.366
Pichincha;Distrito Metropolitano de Quito;De 55-59;1.064
Pichincha;Distrito Metropolitano de Quito;De 60-64;832
Pichincha;Distrito Metropolitano de Quito;De 65-69;615
Pichincha;Distrito Metropolitano de Quito;De 70-74;462
Pichincha;Distrito Metropolitano de Quito;De 75-79;349
Pichincha;Distrito Metropolitano de Quito;De 80-84;277
Pichincha;Distrito Metropolitano de Quito;85 o más;293
Pichincha;Distrito Metropolitano de Quito;Total Zámbiza;6.160
Pichincha;Distrito Metropolitano de Quito;De 0-4;391
Pichincha;Distrito Metropolitano de Quito;De 5-9;468
Pichincha;Distrito Metropolitano de Quito;De 10-14;540
Pichincha;Distrito Metropolitano de Quito;De 15-19;519
Pichincha;Distrito Metropolitano de Quito;De 20-24;559
Pichincha;Distrito Metropolitano de Quito;De 25-29;508
Pichincha;Distrito Metropolitano de Quito;De 30-34;423
Pichincha;Distrito Metropolitano de Quito;De 35-39;479
Pichincha;Distrito Metropolitano de Quito;De 40-44;445
Pichincha;Distrito Metropolitano de Quito;De 45-49;382
Pichincha;Distrito Metropolitano de Quito;De 50-54;362
Pichincha;Distrito Metropolitano de Quito;De 55-59;310
Pichincha;Distrito Metropolitano de Quito;De 60-64;241
Pichincha;Distrito Metropolitano de Quito;De 65-69;185
Pichincha;Distrito Metropolitano de Quito;De 70-74;122
Pichincha;Distrito Metropolitano de Quito;De 75-79;97
Pichincha;Distrito Metropolitano de Quito;De 80-84;70
Pichincha;Distrito Metropolitano de Quito;85 o más;59
Pichincha;Cayambe;Total Cayambe;105.267
Pichincha;Cayambe;De 0-4;7.709
Pichincha;Cayambe;De 5-9;8.619
Pichincha;Cayambe;De 10-14;10.092
Pichincha;Cayambe;De 15-19;10.822
Pichincha;Cayambe;De 20-24;10.700
Pichincha;Cayambe;De 25-29;9.298
Pichincha;Cayambe;De 30-34;7.848
Pichincha;Cayambe;De 35-39;7.476
Pichincha;Cayambe;De 40-44;7.166
Pichincha;Cayambe;De 45-49;6.132
Pichincha;Cayambe;De 50-54;4.911
Pichincha;Cayambe;De 55-59;3.895
Pichincha;Cayambe;De 60-64;2.955
Pichincha;Cayambe;De 65-69;2.545
Pichincha;Cayambe;De 70-74;1.780
Pichincha;Cayambe;De 75-79;1.389
Pichincha;Cayambe;De 80-84;1.019
Pichincha;Cayambe;85 o más;911
Pichincha;Cayambe;Total Cayambe;49.308
Pichincha;Cayambe;De 0-4;3.515
Pichincha;Cayambe;De 5-9;3.977
Pichincha;Cayambe;De 10-14;4.487
Pichincha;Cayambe;De 15-19;4.905
Pichincha;Cayambe;De 20-24;5.169
Pichincha;Cayambe;De 25-29;4.544
Pichincha;Cayambe;De 30-34;3.832
Pichincha;Cayambe;De 35-39;3.654
Pichincha;Cayambe;De 40-44;3.434
Pichincha;Cayambe;De 45-49;2.942
Pichincha;Cayambe;De 50-54;2.314
Pichincha;Cayambe;De 55-59;1.893
Pichincha;Cayambe;De 60-64;1.343
Pichincha;Cayambe;De 65-69;1.125
Pichincha;Cayambe;De 70-74;818
Pichincha;Cayambe;De 75-79;534
Pichincha;Cayambe;De 80-84;415
Pichincha;Cayambe;85 o más;407
Pichincha;Cayambe;Total Ascázubi;7.851
Pichincha;Cayambe;De 0-4;589
Pichincha;Cayambe;De 5-9;650
Pichincha;Cayambe;De 10-14;762
Pichincha;Cayambe;De 15-19;694
Pichincha;Cayambe;De 20-24;756
Pichincha;Cayambe;De 25-29;721
Pichincha;Cayambe;De 30-34;628
Pichincha;Cayambe;De 35-39;551
Pichincha;Cayambe;De 40-44;551
Pichincha;Cayambe;De 45-49;477
Pichincha;Cayambe;De 50-54;401
Pichincha;Cayambe;De 55-59;281
Pichincha;Cayambe;De 60-64;206
Pichincha;Cayambe;De 65-69;172
Pichincha;Cayambe;De 70-74;130
Pichincha;Cayambe;De 75-79;123
Pichincha;Cayambe;De 80-84;88
Pichincha;Cayambe;85 o más;71
Pichincha;Cayambe;Total Cangahua;18.037
Pichincha;Cayambe;De 0-4;1.452
Pichincha;Cayambe;De 5-9;1.564
Pichincha;Cayambe;De 10-14;1.983
Pichincha;Cayambe;De 15-19;2.104
Pichincha;Cayambe;De 20-24;1.862
Pichincha;Cayambe;De 25-29;1.491
Pichincha;Cayambe;De 30-34;1.269
Pichincha;Cayambe;De 35-39;1.187
Pichincha;Cayambe;De 40-44;1.128
Pichincha;Cayambe;De 45-49;945
Pichincha;Cayambe;De 50-54;755
Pichincha;Cayambe;De 55-59;602
Pichincha;Cayambe;De 60-64;489
Pichincha;Cayambe;De 65-69;424
Pichincha;Cayambe;De 70-74;283
Pichincha;Cayambe;De 75-79;242
Pichincha;Cayambe;De 80-84;128
Pichincha;Cayambe;85 o más;129
Pichincha;Cayambe;Total Olmedo;6.515
Pichincha;Cayambe;De 0-4;422
Pichincha;Cayambe;De 5-9;455
Pichincha;Cayambe;De 10-14;586
Pichincha;Cayambe;De 15-19;689
Pichincha;Cayambe;De 20-24;581
Pichincha;Cayambe;De 25-29;451
Pichincha;Cayambe;De 30-34;415
Pichincha;Cayambe;De 35-39;383
Pichincha;Cayambe;De 40-44;412
Pichincha;Cayambe;De 45-49;372
Pichincha;Cayambe;De 50-54;347
Pichincha;Cayambe;De 55-59;277
Pichincha;Cayambe;De 60-64;262
Pichincha;Cayambe;De 65-69;279
Pichincha;Cayambe;De 70-74;172
Pichincha;Cayambe;De 75-79;166
Pichincha;Cayambe;De 80-84;118
Pichincha;Cayambe;85 o más;128
Pichincha;Cayambe;Total Otón;3.167
Pichincha;Cayambe;De 0-4;250
Pichincha;Cayambe;De 5-9;273
Pichincha;Cayambe;De 10-14;358
Pichincha;Cayambe;De 15-19;345
Pichincha;Cayambe;De 20-24;295
Pichincha;Cayambe;De 25-29;242
Pichincha;Cayambe;De 30-34;223
Pichincha;Cayambe;De 35-39;266
Pichincha;Cayambe;De 40-44;224
Pichincha;Cayambe;De 45-49;176
Pichincha;Cayambe;De 50-54;126
Pichincha;Cayambe;De 55-59;119
Pichincha;Cayambe;De 60-64;96
Pichincha;Cayambe;De 65-69;76
Pichincha;Cayambe;De 70-74;30
Pichincha;Cayambe;De 75-79;32
Pichincha;Cayambe;De 80-84;22
Pichincha;Cayambe;85 o más;14
Pichincha;Cayambe;Total Santa Rosa de Cuzubamba;5.996
Pichincha;Cayambe;De 0-4;456
Pichincha;Cayambe;De 5-9;519
Pichincha;Cayambe;De 10-14;548
Pichincha;Cayambe;De 15-19;591
Pichincha;Cayambe;De 20-24;609
Pichincha;Cayambe;De 25-29;539
Pichincha;Cayambe;De 30-34;444
Pichincha;Cayambe;De 35-39;390
Pichincha;Cayambe;De 40-44;445
Pichincha;Cayambe;De 45-49;346
Pichincha;Cayambe;De 50-54;301
Pichincha;Cayambe;De 55-59;196
Pichincha;Cayambe;De 60-64;168
Pichincha;Cayambe;De 65-69;149
Pichincha;Cayambe;De 70-74;86
Pichincha;Cayambe;De 75-79;78
Pichincha;Cayambe;De 80-84;83
Pichincha;Cayambe;85 o más;48
Pichincha;Cayambe;Total San José de Ayora;14.393
Pichincha;Cayambe;De 0-4;1.025
Pichincha;Cayambe;De 5-9;1.181
Pichincha;Cayambe;De 10-14;1.368
Pichincha;Cayambe;De 15-19;1.494
Pichincha;Cayambe;De 20-24;1.428
Pichincha;Cayambe;De 25-29;1.310
Pichincha;Cayambe;De 30-34;1.037
Pichincha;Cayambe;De 35-39;1.045
Pichincha;Cayambe;De 40-44;972
Pichincha;Cayambe;De 45-49;874
Pichincha;Cayambe;De 50-54;667
Pichincha;Cayambe;De 55-59;527
Pichincha;Cayambe;De 60-64;391
Pichincha;Cayambe;De 65-69;320
Pichincha;Cayambe;De 70-74;261
Pichincha;Cayambe;De 75-79;214
Pichincha;Cayambe;De 80-84;165
Pichincha;Cayambe;85 o más;114
Pichincha;Mejía;Total Mejía;101.894
Pichincha;Mejía;De 0-4;7.519
Pichincha;Mejía;De 5-9;8.304
Pichincha;Mejía;De 10-14;9.605
Pichincha;Mejía;De 15-19;9.653
Pichincha;Mejía;De 20-24;9.279
Pichincha;Mejía;De 25-29;8.407
Pichincha;Mejía;De 30-34;7.717
Pichincha;Mejía;De 35-39;7.630
Pichincha;Mejía;De 40-44;7.018
Pichincha;Mejía;De 45-49;5.737
Pichincha;Mejía;De 50-54;5.068
Pichincha;Mejía;De 55-59;4.335
Pichincha;Mejía;De 60-64;3.406
Pichincha;Mejía;De 65-69;2.688
Pichincha;Mejía;De 70-74;1.900
Pichincha;Mejía;De 75-79;1.594
Pichincha;Mejía;De 80-84;1.039
Pichincha;Mejía;85 o más;995
Pichincha;Mejía;Total Machachi;32.814
Pichincha;Mejía;De 0-4;2.214
Pichincha;Mejía;De 5-9;2.564
Pichincha;Mejía;De 10-14;2.834
Pichincha;Mejía;De 15-19;2.852
Pichincha;Mejía;De 20-24;2.869
Pichincha;Mejía;De 25-29;2.751
Pichincha;Mejía;De 30-34;2.541
Pichincha;Mejía;De 35-39;2.592
Pichincha;Mejía;De 40-44;2.383
Pichincha;Mejía;De 45-49;1.894
Pichincha;Mejía;De 50-54;1.776
Pichincha;Mejía;De 55-59;1.560
Pichincha;Mejía;De 60-64;1.180
Pichincha;Mejía;De 65-69;880
Pichincha;Mejía;De 70-74;623
Pichincha;Mejía;De 75-79;578
Pichincha;Mejía;De 80-84;376
Pichincha;Mejía;85 o más;347
Pichincha;Mejía;Total Aloag;10.319
Pichincha;Mejía;De 0-4;793
Pichincha;Mejía;De 5-9;832
Pichincha;Mejía;De 10-14;997
Pichincha;Mejía;De 15-19;941
Pichincha;Mejía;De 20-24;888
Pichincha;Mejía;De 25-29;835
Pichincha;Mejía;De 30-34;842
Pichincha;Mejía;De 35-39;809
Pichincha;Mejía;De 40-44;659
Pichincha;Mejía;De 45-49;575
Pichincha;Mejía;De 50-54;522
Pichincha;Mejía;De 55-59;448
Pichincha;Mejía;De 60-64;340
Pichincha;Mejía;De 65-69;251
Pichincha;Mejía;De 70-74;201
Pichincha;Mejía;De 75-79;161
Pichincha;Mejía;De 80-84;114
Pichincha;Mejía;85 o más;111
Pichincha;Mejía;Total Aloasí;12.530
Pichincha;Mejía;De 0-4;1.007
Pichincha;Mejía;De 5-9;1.035
Pichincha;Mejía;De 10-14;1.306
Pichincha;Mejía;De 15-19;1.285
Pichincha;Mejía;De 20-24;1.223
Pichincha;Mejía;De 25-29;1.023
Pichincha;Mejía;De 30-34;947
Pichincha;Mejía;De 35-39;921
Pichincha;Mejía;De 40-44;805
Pichincha;Mejía;De 45-49;693
Pichincha;Mejía;De 50-54;585
Pichincha;Mejía;De 55-59;435
Pichincha;Mejía;De 60-64;351
Pichincha;Mejía;De 65-69;249
Pichincha;Mejía;De 70-74;216
Pichincha;Mejía;De 75-79;210
Pichincha;Mejía;De 80-84;128
Pichincha;Mejía;85 o más;111
Pichincha;Mejía;Total Cutuglahua;25.422
Pichincha;Mejía;De 0-4;2.037
Pichincha;Mejía;De 5-9;2.223
Pichincha;Mejía;De 10-14;2.595
Pichincha;Mejía;De 15-19;2.703
Pichincha;Mejía;De 20-24;2.470
Pichincha;Mejía;De 25-29;2.149
Pichincha;Mejía;De 30-34;1.865
Pichincha;Mejía;De 35-39;1.884
Pichincha;Mejía;De 40-44;1.727
Pichincha;Mejía;De 45-49;1.396
Pichincha;Mejía;De 50-54;1.121
Pichincha;Mejía;De 55-59;945
Pichincha;Mejía;De 60-64;755
Pichincha;Mejía;De 65-69;580
Pichincha;Mejía;De 70-74;390
Pichincha;Mejía;De 75-79;261
Pichincha;Mejía;De 80-84;167
Pichincha;Mejía;85 o más;154
Pichincha;Mejía;Total El Chaupi;1.425
Pichincha;Mejía;De 0-4;99
Pichincha;Mejía;De 5-9;108
Pichincha;Mejía;De 10-14;134
Pichincha;Mejía;De 15-19;127
Pichincha;Mejía;De 20-24;133
Pichincha;Mejía;De 25-29;106
Pichincha;Mejía;De 30-34;88
Pichincha;Mejía;De 35-39;92
Pichincha;Mejía;De 40-44;96
Pichincha;Mejía;De 45-49;86
Pichincha;Mejía;De 50-54;80
Pichincha;Mejía;De 55-59;54
Pichincha;Mejía;De 60-64;60
Pichincha;Mejía;De 65-69;53
Pichincha;Mejía;De 70-74;40
Pichincha;Mejía;De 75-79;30
Pichincha;Mejía;De 80-84;22
Pichincha;Mejía;85 o más;17
Pichincha;Mejía;Total Manuel Cornejo Astorga;3.341
Pichincha;Mejía;De 0-4;294
Pichincha;Mejía;De 5-9;281
Pichincha;Mejía;De 10-14;366
Pichincha;Mejía;De 15-19;332
Pichincha;Mejía;De 20-24;280
Pichincha;Mejía;De 25-29;235
Pichincha;Mejía;De 30-34;225
Pichincha;Mejía;De 35-39;210
Pichincha;Mejía;De 40-44;207
Pichincha;Mejía;De 45-49;176
Pichincha;Mejía;De 50-54;145
Pichincha;Mejía;De 55-59;138
Pichincha;Mejía;De 60-64;111
Pichincha;Mejía;De 65-69;115
Pichincha;Mejía;De 70-74;75
Pichincha;Mejía;De 75-79;60
Pichincha;Mejía;De 80-84;49
Pichincha;Mejía;85 o más;42
Pichincha;Mejía;Total Tambillo;9.851
Pichincha;Mejía;De 0-4;705
Pichincha;Mejía;De 5-9;763
Pichincha;Mejía;De 10-14;885
Pichincha;Mejía;De 15-19;895
Pichincha;Mejía;De 20-24;853
Pichincha;Mejía;De 25-29;846
Pichincha;Mejía;De 30-34;741
Pichincha;Mejía;De 35-39;674
Pichincha;Mejía;De 40-44;665
Pichincha;Mejía;De 45-49;555
Pichincha;Mejía;De 50-54;513
Pichincha;Mejía;De 55-59;447
Pichincha;Mejía;De 60-64;368
Pichincha;Mejía;De 65-69;332
Pichincha;Mejía;De 70-74;224
Pichincha;Mejía;De 75-79;181
Pichincha;Mejía;De 80-84;101
Pichincha;Mejía;85 o más;103
Pichincha;Mejía;Total Uyumbicho;6.192
Pichincha;Mejía;De 0-4;370
Pichincha;Mejía;De 5-9;498
Pichincha;Mejía;De 10-14;488
Pichincha;Mejía;De 15-19;518
Pichincha;Mejía;De 20-24;563
Pichincha;Mejía;De 25-29;462
Pichincha;Mejía;De 30-34;468
Pichincha;Mejía;De 35-39;448
Pichincha;Mejía;De 40-44;476
Pichincha;Mejía;De 45-49;362
Pichincha;Mejía;De 50-54;326
Pichincha;Mejía;De 55-59;308
Pichincha;Mejía;De 60-64;241
Pichincha;Mejía;De 65-69;228
Pichincha;Mejía;De 70-74;131
Pichincha;Mejía;De 75-79;113
Pichincha;Mejía;De 80-84;82
Pichincha;Mejía;85 o más;110
Pichincha;Pedro Moncayo;Total Pedro Moncayo;40.483
Pichincha;Pedro Moncayo;De 0-4;3.341
Pichincha;Pedro Moncayo;De 5-9;3.584
Pichincha;Pedro Moncayo;De 10-14;3.906
Pichincha;Pedro Moncayo;De 15-19;4.310
Pichincha;Pedro Moncayo;De 20-24;4.377
Pichincha;Pedro Moncayo;De 25-29;3.777
Pichincha;Pedro Moncayo;De 30-34;3.015
Pichincha;Pedro Moncayo;De 35-39;2.784
Pichincha;Pedro Moncayo;De 40-44;2.568
Pichincha;Pedro Moncayo;De 45-49;2.106
Pichincha;Pedro Moncayo;De 50-54;1.711
Pichincha;Pedro Moncayo;De 55-59;1.264
Pichincha;Pedro Moncayo;De 60-64;971
Pichincha;Pedro Moncayo;De 65-69;805
Pichincha;Pedro Moncayo;De 70-74;631
Pichincha;Pedro Moncayo;De 75-79;550
Pichincha;Pedro Moncayo;De 80-84;414
Pichincha;Pedro Moncayo;85 o más;369
Pichincha;Pedro Moncayo;Total Tabacundo;21.157
Pichincha;Pedro Moncayo;De 0-4;1.854
Pichincha;Pedro Moncayo;De 5-9;1.947
Pichincha;Pedro Moncayo;De 10-14;2.111
Pichincha;Pedro Moncayo;De 15-19;2.216
Pichincha;Pedro Moncayo;De 20-24;2.360
Pichincha;Pedro Moncayo;De 25-29;2.076
Pichincha;Pedro Moncayo;De 30-34;1.624
Pichincha;Pedro Moncayo;De 35-39;1.470
Pichincha;Pedro Moncayo;De 40-44;1.309
Pichincha;Pedro Moncayo;De 45-49;1.100
Pichincha;Pedro Moncayo;De 50-54;848
Pichincha;Pedro Moncayo;De 55-59;609
Pichincha;Pedro Moncayo;De 60-64;439
Pichincha;Pedro Moncayo;De 65-69;359
Pichincha;Pedro Moncayo;De 70-74;281
Pichincha;Pedro Moncayo;De 75-79;236
Pichincha;Pedro Moncayo;De 80-84;155
Pichincha;Pedro Moncayo;85 o más;163
Pichincha;Pedro Moncayo;Total La Esperanza;4.701
Pichincha;Pedro Moncayo;De 0-4;335
Pichincha;Pedro Moncayo;De 5-9;407
Pichincha;Pedro Moncayo;De 10-14;442
Pichincha;Pedro Moncayo;De 15-19;513
Pichincha;Pedro Moncayo;De 20-24;486
Pichincha;Pedro Moncayo;De 25-29;393
Pichincha;Pedro Moncayo;De 30-34;338
Pichincha;Pedro Moncayo;De 35-39;330
Pichincha;Pedro Moncayo;De 40-44;284
Pichincha;Pedro Moncayo;De 45-49;282
Pichincha;Pedro Moncayo;De 50-54;241
Pichincha;Pedro Moncayo;De 55-59;186
Pichincha;Pedro Moncayo;De 60-64;134
Pichincha;Pedro Moncayo;De 65-69;84
Pichincha;Pedro Moncayo;De 70-74;79
Pichincha;Pedro Moncayo;De 75-79;60
Pichincha;Pedro Moncayo;De 80-84;55
Pichincha;Pedro Moncayo;85 o más;52
Pichincha;Pedro Moncayo;Total Malchinguí;6.307
Pichincha;Pedro Moncayo;De 0-4;535
Pichincha;Pedro Moncayo;De 5-9;535
Pichincha;Pedro Moncayo;De 10-14;548
Pichincha;Pedro Moncayo;De 15-19;633
Pichincha;Pedro Moncayo;De 20-24;696
Pichincha;Pedro Moncayo;De 25-29;571
Pichincha;Pedro Moncayo;De 30-34;418
Pichincha;Pedro Moncayo;De 35-39;427
Pichincha;Pedro Moncayo;De 40-44;413
Pichincha;Pedro Moncayo;De 45-49;303
Pichincha;Pedro Moncayo;De 50-54;263
Pichincha;Pedro Moncayo;De 55-59;208
Pichincha;Pedro Moncayo;De 60-64;178
Pichincha;Pedro Moncayo;De 65-69;185
Pichincha;Pedro Moncayo;De 70-74;122
Pichincha;Pedro Moncayo;De 75-79;89
Pichincha;Pedro Moncayo;De 80-84;100
Pichincha;Pedro Moncayo;85 o más;83
Pichincha;Pedro Moncayo;Total Tocachi;2.028
Pichincha;Pedro Moncayo;De 0-4;137
Pichincha;Pedro Moncayo;De 5-9;162
Pichincha;Pedro Moncayo;De 10-14;176
Pichincha;Pedro Moncayo;De 15-19;202
Pichincha;Pedro Moncayo;De 20-24;198
Pichincha;Pedro Moncayo;De 25-29;171
Pichincha;Pedro Moncayo;De 30-34;130
Pichincha;Pedro Moncayo;De 35-39;106
Pichincha;Pedro Moncayo;De 40-44;145
Pichincha;Pedro Moncayo;De 45-49;101
Pichincha;Pedro Moncayo;De 50-54;107
Pichincha;Pedro Moncayo;De 55-59;77
Pichincha;Pedro Moncayo;De 60-64;55
Pichincha;Pedro Moncayo;De 65-69;54
Pichincha;Pedro Moncayo;De 70-74;59
Pichincha;Pedro Moncayo;De 75-79;75
Pichincha;Pedro Moncayo;De 80-84;38
Pichincha;Pedro Moncayo;85 o más;35
Pichincha;Pedro Moncayo;Total Tupigachi;6.290
Pichincha;Pedro Moncayo;De 0-4;480
Pichincha;Pedro Moncayo;De 5-9;533
Pichincha;Pedro Moncayo;De 10-14;629
Pichincha;Pedro Moncayo;De 15-19;746
Pichincha;Pedro Moncayo;De 20-24;637
Pichincha;Pedro Moncayo;De 25-29;566
Pichincha;Pedro Moncayo;De 30-34;505
Pichincha;Pedro Moncayo;De 35-39;451
Pichincha;Pedro Moncayo;De 40-44;417
Pichincha;Pedro Moncayo;De 45-49;320
Pichincha;Pedro Moncayo;De 50-54;252
Pichincha;Pedro Moncayo;De 55-59;184
Pichincha;Pedro Moncayo;De 60-64;165
Pichincha;Pedro Moncayo;De 65-69;123
Pichincha;Pedro Moncayo;De 70-74;90
Pichincha;Pedro Moncayo;De 75-79;90
Pichincha;Pedro Moncayo;De 80-84;66
Pichincha;Pedro Moncayo;85 o más;36
Pichincha;Rumiñahui;Total Rumiñahui;107.904
Pichincha;Rumiñahui;De 0-4;5.741
Pichincha;Rumiñahui;De 5-9;7.258
Pichincha;Rumiñahui;De 10-14;8.406
Pichincha;Rumiñahui;De 15-19;8.641
Pichincha;Rumiñahui;De 20-24;8.770
Pichincha;Rumiñahui;De 25-29;8.816
Pichincha;Rumiñahui;De 30-34;8.266
Pichincha;Rumiñahui;De 35-39;8.280
Pichincha;Rumiñahui;De 40-44;7.939
Pichincha;Rumiñahui;De 45-49;7.026
Pichincha;Rumiñahui;De 50-54;6.338
Pichincha;Rumiñahui;De 55-59;5.716
Pichincha;Rumiñahui;De 60-64;5.161
Pichincha;Rumiñahui;De 65-69;4.055
Pichincha;Rumiñahui;De 70-74;2.934
Pichincha;Rumiñahui;De 75-79;1.908
Pichincha;Rumiñahui;De 80-84;1.251
Pichincha;Rumiñahui;85 o más;1.398
Pichincha;Rumiñahui;Total Sangolquí;102.863
Pichincha;Rumiñahui;De 0-4;5.414
Pichincha;Rumiñahui;De 5-9;6.912
Pichincha;Rumiñahui;De 10-14;7.974
Pichincha;Rumiñahui;De 15-19;8.199
Pichincha;Rumiñahui;De 20-24;8.320
Pichincha;Rumiñahui;De 25-29;8.387
Pichincha;Rumiñahui;De 30-34;7.884
Pichincha;Rumiñahui;De 35-39;7.893
Pichincha;Rumiñahui;De 40-44;7.595
Pichincha;Rumiñahui;De 45-49;6.715
Pichincha;Rumiñahui;De 50-54;6.072
Pichincha;Rumiñahui;De 55-59;5.461
Pichincha;Rumiñahui;De 60-64;4.970
Pichincha;Rumiñahui;De 65-69;3.900
Pichincha;Rumiñahui;De 70-74;2.826
Pichincha;Rumiñahui;De 75-79;1.825
Pichincha;Rumiñahui;De 80-84;1.181
Pichincha;Rumiñahui;85 o más;1.335
Pichincha;Rumiñahui;Total Cotogchoa;4.384
Pichincha;Rumiñahui;De 0-4;272
Pichincha;Rumiñahui;De 5-9;304
Pichincha;Rumiñahui;De 10-14;366
Pichincha;Rumiñahui;De 15-19;370
Pichincha;Rumiñahui;De 20-24;398
Pichincha;Rumiñahui;De 25-29;372
Pichincha;Rumiñahui;De 30-34;322
Pichincha;Rumiñahui;De 35-39;349
Pichincha;Rumiñahui;De 40-44;299
Pichincha;Rumiñahui;De 45-49;274
Pichincha;Rumiñahui;De 50-54;238
Pichincha;Rumiñahui;De 55-59;221
Pichincha;Rumiñahui;De 60-64;174
Pichincha;Rumiñahui;De 65-69;143
Pichincha;Rumiñahui;De 70-74;96
Pichincha;Rumiñahui;De 75-79;70
Pichincha;Rumiñahui;De 80-84;63
Pichincha;Rumiñahui;85 o más;53
Pichincha;Rumiñahui;Total Rumipamba;657
Pichincha;Rumiñahui;De 0-4;55
Pichincha;Rumiñahui;De 5-9;42
Pichincha;Rumiñahui;De 10-14;66
Pichincha;Rumiñahui;De 15-19;72
Pichincha;Rumiñahui;De 20-24;52
Pichincha;Rumiñahui;De 25-29;57
Pichincha;Rumiñahui;De 30-34;60
Pichincha;Rumiñahui;De 35-39;38
Pichincha;Rumiñahui;De 40-44;45
Pichincha;Rumiñahui;De 45-49;37
Pichincha;Rumiñahui;De 50-54;28
Pichincha;Rumiñahui;De 55-59;34
Pichincha;Rumiñahui;De 60-64;17
Pichincha;Rumiñahui;De 65-69;12
Pichincha;Rumiñahui;De 70-74;12
Pichincha;Rumiñahui;De 75-79;13
Pichincha;Rumiñahui;De 80-84;7
Pichincha;Rumiñahui;85 o más;10
Pichincha;San Miguel de los Bancos;Total San Miguel de los Bancos;13.661
Pichincha;San Miguel de los Bancos;De 0-4;1.075
Pichincha;San Miguel de los Bancos;De 5-9;1.222
Pichincha;San Miguel de los Bancos;De 10-14;1.441
Pichincha;San Miguel de los Bancos;De 15-19;1.423
Pichincha;San Miguel de los Bancos;De 20-24;1.191
Pichincha;San Miguel de los Bancos;De 25-29;1.055
Pichincha;San Miguel de los Bancos;De 30-34;1.060
Pichincha;San Miguel de los Bancos;De 35-39;958
Pichincha;San Miguel de los Bancos;De 40-44;889
Pichincha;San Miguel de los Bancos;De 45-49;708
Pichincha;San Miguel de los Bancos;De 50-54;593
Pichincha;San Miguel de los Bancos;De 55-59;465
Pichincha;San Miguel de los Bancos;De 60-64;447
Pichincha;San Miguel de los Bancos;De 65-69;391
Pichincha;San Miguel de los Bancos;De 70-74;264
Pichincha;San Miguel de los Bancos;De 75-79;225
Pichincha;San Miguel de los Bancos;De 80-84;134
Pichincha;San Miguel de los Bancos;85 o más;120
Pichincha;San Miguel de los Bancos;Total San Miguel de los Bancos;10.708
Pichincha;San Miguel de los Bancos;De 0-4;876
Pichincha;San Miguel de los Bancos;De 5-9;994
Pichincha;San Miguel de los Bancos;De 10-14;1.163
Pichincha;San Miguel de los Bancos;De 15-19;1.118
Pichincha;San Miguel de los Bancos;De 20-24;902
Pichincha;San Miguel de los Bancos;De 25-29;806
Pichincha;San Miguel de los Bancos;De 30-34;834
Pichincha;San Miguel de los Bancos;De 35-39;737
Pichincha;San Miguel de los Bancos;De 40-44;706
Pichincha;San Miguel de los Bancos;De 45-49;547
Pichincha;San Miguel de los Bancos;De 50-54;481
Pichincha;San Miguel de los Bancos;De 55-59;362
Pichincha;San Miguel de los Bancos;De 60-64;340
Pichincha;San Miguel de los Bancos;De 65-69;294
Pichincha;San Miguel de los Bancos;De 70-74;198
Pichincha;San Miguel de los Bancos;De 75-79;173
Pichincha;San Miguel de los Bancos;De 80-84;98
Pichincha;San Miguel de los Bancos;85 o más;79
Pichincha;San Miguel de los Bancos;Total Mindo;2.953
Pichincha;San Miguel de los Bancos;De 0-4;199
Pichincha;San Miguel de los Bancos;De 5-9;228
Pichincha;San Miguel de los Bancos;De 10-14;278
Pichincha;San Miguel de los Bancos;De 15-19;305
Pichincha;San Miguel de los Bancos;De 20-24;289
Pichincha;San Miguel de los Bancos;De 25-29;249
Pichincha;San Miguel de los Bancos;De 30-34;226
Pichincha;San Miguel de los Bancos;De 35-39;221
Pichincha;San Miguel de los Bancos;De 40-44;183
Pichincha;San Miguel de los Bancos;De 45-49;161
Pichincha;San Miguel de los Bancos;De 50-54;112
Pichincha;San Miguel de los Bancos;De 55-59;103
Pichincha;San Miguel de los Bancos;De 60-64;107
Pichincha;San Miguel de los Bancos;De 65-69;97
Pichincha;San Miguel de los Bancos;De 70-74;66
Pichincha;San Miguel de los Bancos;De 75-79;52
Pichincha;San Miguel de los Bancos;De 80-84;36
Pichincha;San Miguel de los Bancos;85 o más;41
Pichincha;Pedro Vicente Maldonado;Total Pedro Vicente Maldonado;15.475
Pichincha;Pedro Vicente Maldonado;De 0-4;1.503
Pichincha;Pedro Vicente Maldonado;De 5-9;1.532
Pichincha;Pedro Vicente Maldonado;De 10-14;1.649
Pichincha;Pedro Vicente Maldonado;De 15-19;1.549
Pichincha;Pedro Vicente Maldonado;De 20-24;1.402
Pichincha;Pedro Vicente Maldonado;De 25-29;1.231
Pichincha;Pedro Vicente Maldonado;De 30-34;1.195
Pichincha;Pedro Vicente Maldonado;De 35-39;1.010
Pichincha;Pedro Vicente Maldonado;De 40-44;934
Pichincha;Pedro Vicente Maldonado;De 45-49;746
Pichincha;Pedro Vicente Maldonado;De 50-54;631
Pichincha;Pedro Vicente Maldonado;De 55-59;544
Pichincha;Pedro Vicente Maldonado;De 60-64;458
Pichincha;Pedro Vicente Maldonado;De 65-69;364
Pichincha;Pedro Vicente Maldonado;De 70-74;284
Pichincha;Pedro Vicente Maldonado;De 75-79;204
Pichincha;Pedro Vicente Maldonado;De 80-84;133
Pichincha;Pedro Vicente Maldonado;85 o más;106
Pichincha;Pedro Vicente Maldonado;Total Pedro Vicente Maldonado;15.475
Pichincha;Pedro Vicente Maldonado;De 0-4;1.503
Pichincha;Pedro Vicente Maldonado;De 5-9;1.532
Pichincha;Pedro Vicente Maldonado;De 10-14;1.649
Pichincha;Pedro Vicente Maldonado;De 15-19;1.549
Pichincha;Pedro Vicente Maldonado;De 20-24;1.402
Pichincha;Pedro Vicente Maldonado;De 25-29;1.231
Pichincha;Pedro Vicente Maldonado;De 30-34;1.195
Pichincha;Pedro Vicente Maldonado;De 35-39;1.010
Pichincha;Pedro Vicente Maldonado;De 40-44;934
Pichincha;Pedro Vicente Maldonado;De 45-49;746
Pichincha;Pedro Vicente Maldonado;De 50-54;631
Pichincha;Pedro Vicente Maldonado;De 55-59;544
Pichincha;Pedro Vicente Maldonado;De 60-64;458
Pichincha;Pedro Vicente Maldonado;De 65-69;364
Pichincha;Pedro Vicente Maldonado;De 70-74;284
Pichincha;Pedro Vicente Maldonado;De 75-79;204
Pichincha;Pedro Vicente Maldonado;De 80-84;133
Pichincha;Pedro Vicente Maldonado;85 o más;106
Pichincha;Puerto Quito;Total Puerto Quito;25.067
Pichincha;Puerto Quito;De 0-4;2.146
Pichincha;Puerto Quito;De 5-9;2.335
Pichincha;Puerto Quito;De 10-14;2.687
Pichincha;Puerto Quito;De 15-19;2.488
Pichincha;Puerto Quito;De 20-24;2.199
Pichincha;Puerto Quito;De 25-29;1.928
Pichincha;Puerto Quito;De 30-34;1.779
Pichincha;Puerto Quito;De 35-39;1.724
Pichincha;Puerto Quito;De 40-44;1.485
Pichincha;Puerto Quito;De 45-49;1.290
Pichincha;Puerto Quito;De 50-54;1.134
Pichincha;Puerto Quito;De 55-59;937
Pichincha;Puerto Quito;De 60-64;853
Pichincha;Puerto Quito;De 65-69;732
Pichincha;Puerto Quito;De 70-74;525
Pichincha;Puerto Quito;De 75-79;363
Pichincha;Puerto Quito;De 80-84;261
Pichincha;Puerto Quito;85 o más;201
Pichincha;Puerto Quito;Total Puerto Quito;25.067
Pichincha;Puerto Quito;De 0-4;2.146
Pichincha;Puerto Quito;De 5-9;2.335
Pichincha;Puerto Quito;De 10-14;2.687
Pichincha;Puerto Quito;De 15-19;2.488
Pichincha;Puerto Quito;De 20-24;2.199
Pichincha;Puerto Quito;De 25-29;1.928
Pichincha;Puerto Quito;De 30-34;1.779
Pichincha;Puerto Quito;De 35-39;1.724
Pichincha;Puerto Quito;De 40-44;1.485
Pichincha;Puerto Quito;De 45-49;1.290
Pichincha;Puerto Quito;De 50-54;1.134
Pichincha;Puerto Quito;De 55-59;937
Pichincha;Puerto Quito;De 60-64;853
Pichincha;Puerto Quito;De 65-69;732
Pichincha;Puerto Quito;De 70-74;525
Pichincha;Puerto Quito;De 75-79;363
Pichincha;Puerto Quito;De 80-84;261
Pichincha;Puerto Quito;85 o más;201
Tungurahua;Total Tungurahua;Total Tungurahua;563.532
Tungurahua;Total Tungurahua;De 0-4;38.016
Tungurahua;Total Tungurahua;De 5-9;43.689
Tungurahua;Total Tungurahua;De 10-14;47.526
Tungurahua;Total Tungurahua;De 15-19;48.004
Tungurahua;Total Tungurahua;De 20-24;47.394
Tungurahua;Total Tungurahua;De 25-29;44.990
Tungurahua;Total Tungurahua;De 30-34;42.185
Tungurahua;Total Tungurahua;De 35-39;40.159
Tungurahua;Total Tungurahua;De 40-44;37.968
Tungurahua;Total Tungurahua;De 45-49;33.385
Tungurahua;Total Tungurahua;De 50-54;30.127
Tungurahua;Total Tungurahua;De 55-59;26.959
Tungurahua;Total Tungurahua;De 60-64;22.687
Tungurahua;Total Tungurahua;De 65-69;18.766
Tungurahua;Total Tungurahua;De 70-74;14.352
Tungurahua;Total Tungurahua;De 75-79;11.558
Tungurahua;Total Tungurahua;De 80-84;8.042
Tungurahua;Total Tungurahua;85 o más;7.725
Tungurahua;Ambato;Total Ambato;370.664
Tungurahua;Ambato;De 0-4;25.023
Tungurahua;Ambato;De 5-9;28.712
Tungurahua;Ambato;De 10-14;31.100
Tungurahua;Ambato;De 15-19;31.814
Tungurahua;Ambato;De 20-24;31.672
Tungurahua;Ambato;De 25-29;29.905
Tungurahua;Ambato;De 30-34;27.613
Tungurahua;Ambato;De 35-39;26.351
Tungurahua;Ambato;De 40-44;24.999
Tungurahua;Ambato;De 45-49;21.996
Tungurahua;Ambato;De 50-54;19.653
Tungurahua;Ambato;De 55-59;17.983
Tungurahua;Ambato;De 60-64;15.092
Tungurahua;Ambato;De 65-69;12.462
Tungurahua;Ambato;De 70-74;9.297
Tungurahua;Ambato;De 75-79;7.327
Tungurahua;Ambato;De 80-84;4.929
Tungurahua;Ambato;85 o más;4.736
Tungurahua;Ambato;Total Ambato;188.338
Tungurahua;Ambato;De 0-4;11.461
Tungurahua;Ambato;De 5-9;13.663
Tungurahua;Ambato;De 10-14;14.643
Tungurahua;Ambato;De 15-19;14.799
Tungurahua;Ambato;De 20-24;15.881
Tungurahua;Ambato;De 25-29;15.677
Tungurahua;Ambato;De 30-34;14.310
Tungurahua;Ambato;De 35-39;13.435
Tungurahua;Ambato;De 40-44;12.834
Tungurahua;Ambato;De 45-49;11.634
Tungurahua;Ambato;De 50-54;10.623
Tungurahua;Ambato;De 55-59;9.853
Tungurahua;Ambato;De 60-64;8.396
Tungurahua;Ambato;De 65-69;6.865
Tungurahua;Ambato;De 70-74;5.176
Tungurahua;Ambato;De 75-79;3.857
Tungurahua;Ambato;De 80-84;2.595
Tungurahua;Ambato;85 o más;2.636
Tungurahua;Ambato;Total Ambatillo;5.281
Tungurahua;Ambato;De 0-4;377
Tungurahua;Ambato;De 5-9;418
Tungurahua;Ambato;De 10-14;508
Tungurahua;Ambato;De 15-19;541
Tungurahua;Ambato;De 20-24;434
Tungurahua;Ambato;De 25-29;363
Tungurahua;Ambato;De 30-34;342
Tungurahua;Ambato;De 35-39;366
Tungurahua;Ambato;De 40-44;348
Tungurahua;Ambato;De 45-49;297
Tungurahua;Ambato;De 50-54;270
Tungurahua;Ambato;De 55-59;260
Tungurahua;Ambato;De 60-64;212
Tungurahua;Ambato;De 65-69;157
Tungurahua;Ambato;De 70-74;135
Tungurahua;Ambato;De 75-79;108
Tungurahua;Ambato;De 80-84;90
Tungurahua;Ambato;85 o más;55
Tungurahua;Ambato;Total Atahualpa;14.231
Tungurahua;Ambato;De 0-4;1.052
Tungurahua;Ambato;De 5-9;1.112
Tungurahua;Ambato;De 10-14;1.248
Tungurahua;Ambato;De 15-19;1.256
Tungurahua;Ambato;De 20-24;1.176
Tungurahua;Ambato;De 25-29;1.169
Tungurahua;Ambato;De 30-34;1.098
Tungurahua;Ambato;De 35-39;1.029
Tungurahua;Ambato;De 40-44;1.062
Tungurahua;Ambato;De 45-49;883
Tungurahua;Ambato;De 50-54;799
Tungurahua;Ambato;De 55-59;662
Tungurahua;Ambato;De 60-64;500
Tungurahua;Ambato;De 65-69;417
Tungurahua;Ambato;De 70-74;275
Tungurahua;Ambato;De 75-79;220
Tungurahua;Ambato;De 80-84;135
Tungurahua;Ambato;85 o más;138
Tungurahua;Ambato;Total Augusto N. Martínez;8.474
Tungurahua;Ambato;De 0-4;571
Tungurahua;Ambato;De 5-9;689
Tungurahua;Ambato;De 10-14;746
Tungurahua;Ambato;De 15-19;764
Tungurahua;Ambato;De 20-24;690
Tungurahua;Ambato;De 25-29;650
Tungurahua;Ambato;De 30-34;619
Tungurahua;Ambato;De 35-39;513
Tungurahua;Ambato;De 40-44;522
Tungurahua;Ambato;De 45-49;444
Tungurahua;Ambato;De 50-54;439
Tungurahua;Ambato;De 55-59;419
Tungurahua;Ambato;De 60-64;369
Tungurahua;Ambato;De 65-69;331
Tungurahua;Ambato;De 70-74;216
Tungurahua;Ambato;De 75-79;211
Tungurahua;Ambato;De 80-84;140
Tungurahua;Ambato;85 o más;141
Tungurahua;Ambato;Total Constantino Fernández;3.931
Tungurahua;Ambato;De 0-4;252
Tungurahua;Ambato;De 5-9;294
Tungurahua;Ambato;De 10-14;322
Tungurahua;Ambato;De 15-19;327
Tungurahua;Ambato;De 20-24;327
Tungurahua;Ambato;De 25-29;291
Tungurahua;Ambato;De 30-34;251
Tungurahua;Ambato;De 35-39;274
Tungurahua;Ambato;De 40-44;265
Tungurahua;Ambato;De 45-49;241
Tungurahua;Ambato;De 50-54;192
Tungurahua;Ambato;De 55-59;171
Tungurahua;Ambato;De 60-64;150
Tungurahua;Ambato;De 65-69;166
Tungurahua;Ambato;De 70-74;163
Tungurahua;Ambato;De 75-79;104
Tungurahua;Ambato;De 80-84;81
Tungurahua;Ambato;85 o más;60
Tungurahua;Ambato;Total Huachi Grande;15.782
Tungurahua;Ambato;De 0-4;1.242
Tungurahua;Ambato;De 5-9;1.325
Tungurahua;Ambato;De 10-14;1.480
Tungurahua;Ambato;De 15-19;1.423
Tungurahua;Ambato;De 20-24;1.397
Tungurahua;Ambato;De 25-29;1.328
Tungurahua;Ambato;De 30-34;1.249
Tungurahua;Ambato;De 35-39;1.139
Tungurahua;Ambato;De 40-44;1.074
Tungurahua;Ambato;De 45-49;986
Tungurahua;Ambato;De 50-54;750
Tungurahua;Ambato;De 55-59;643
Tungurahua;Ambato;De 60-64;540
Tungurahua;Ambato;De 65-69;427
Tungurahua;Ambato;De 70-74;277
Tungurahua;Ambato;De 75-79;213
Tungurahua;Ambato;De 80-84;146
Tungurahua;Ambato;85 o más;143
Tungurahua;Ambato;Total Izamba;22.218
Tungurahua;Ambato;De 0-4;1.497
Tungurahua;Ambato;De 5-9;1.874
Tungurahua;Ambato;De 10-14;1.887
Tungurahua;Ambato;De 15-19;2.248
Tungurahua;Ambato;De 20-24;2.218
Tungurahua;Ambato;De 25-29;1.723
Tungurahua;Ambato;De 30-34;1.670
Tungurahua;Ambato;De 35-39;1.583
Tungurahua;Ambato;De 40-44;1.526
Tungurahua;Ambato;De 45-49;1.399
Tungurahua;Ambato;De 50-54;1.170
Tungurahua;Ambato;De 55-59;1.036
Tungurahua;Ambato;De 60-64;749
Tungurahua;Ambato;De 65-69;556
Tungurahua;Ambato;De 70-74;392
Tungurahua;Ambato;De 75-79;318
Tungurahua;Ambato;De 80-84;207
Tungurahua;Ambato;85 o más;165
Tungurahua;Ambato;Total Juan Benigno Vela;7.523
Tungurahua;Ambato;De 0-4;493
Tungurahua;Ambato;De 5-9;594
Tungurahua;Ambato;De 10-14;627
Tungurahua;Ambato;De 15-19;627
Tungurahua;Ambato;De 20-24;615
Tungurahua;Ambato;De 25-29;571
Tungurahua;Ambato;De 30-34;534
Tungurahua;Ambato;De 35-39;512
Tungurahua;Ambato;De 40-44;483
Tungurahua;Ambato;De 45-49;412
Tungurahua;Ambato;De 50-54;385
Tungurahua;Ambato;De 55-59;377
Tungurahua;Ambato;De 60-64;306
Tungurahua;Ambato;De 65-69;262
Tungurahua;Ambato;De 70-74;234
Tungurahua;Ambato;De 75-79;237
Tungurahua;Ambato;De 80-84;142
Tungurahua;Ambato;85 o más;112
Tungurahua;Ambato;Total Montalvo;6.193
Tungurahua;Ambato;De 0-4;502
Tungurahua;Ambato;De 5-9;518
Tungurahua;Ambato;De 10-14;611
Tungurahua;Ambato;De 15-19;526
Tungurahua;Ambato;De 20-24;500
Tungurahua;Ambato;De 25-29;487
Tungurahua;Ambato;De 30-34;472
Tungurahua;Ambato;De 35-39;458
Tungurahua;Ambato;De 40-44;423
Tungurahua;Ambato;De 45-49;317
Tungurahua;Ambato;De 50-54;308
Tungurahua;Ambato;De 55-59;271
Tungurahua;Ambato;De 60-64;211
Tungurahua;Ambato;De 65-69;197
Tungurahua;Ambato;De 70-74;137
Tungurahua;Ambato;De 75-79;105
Tungurahua;Ambato;De 80-84;81
Tungurahua;Ambato;85 o más;69
Tungurahua;Ambato;Total Pasa;4.238
Tungurahua;Ambato;De 0-4;260
Tungurahua;Ambato;De 5-9;262
Tungurahua;Ambato;De 10-14;333
Tungurahua;Ambato;De 15-19;391
Tungurahua;Ambato;De 20-24;284
Tungurahua;Ambato;De 25-29;234
Tungurahua;Ambato;De 30-34;210
Tungurahua;Ambato;De 35-39;212
Tungurahua;Ambato;De 40-44;232
Tungurahua;Ambato;De 45-49;193
Tungurahua;Ambato;De 50-54;253
Tungurahua;Ambato;De 55-59;258
Tungurahua;Ambato;De 60-64;250
Tungurahua;Ambato;De 65-69;235
Tungurahua;Ambato;De 70-74;179
Tungurahua;Ambato;De 75-79;192
Tungurahua;Ambato;De 80-84;121
Tungurahua;Ambato;85 o más;139
Tungurahua;Ambato;Total Picaihua;10.382
Tungurahua;Ambato;De 0-4;705
Tungurahua;Ambato;De 5-9;864
Tungurahua;Ambato;De 10-14;846
Tungurahua;Ambato;De 15-19;834
Tungurahua;Ambato;De 20-24;839
Tungurahua;Ambato;De 25-29;767
Tungurahua;Ambato;De 30-34;809
Tungurahua;Ambato;De 35-39;872
Tungurahua;Ambato;De 40-44;752
Tungurahua;Ambato;De 45-49;651
Tungurahua;Ambato;De 50-54;578
Tungurahua;Ambato;De 55-59;485
Tungurahua;Ambato;De 60-64;369
Tungurahua;Ambato;De 65-69;351
Tungurahua;Ambato;De 70-74;226
Tungurahua;Ambato;De 75-79;179
Tungurahua;Ambato;De 80-84;119
Tungurahua;Ambato;85 o más;136
Tungurahua;Ambato;Total Pilagüín;11.450
Tungurahua;Ambato;De 0-4;871
Tungurahua;Ambato;De 5-9;972
Tungurahua;Ambato;De 10-14;1.058
Tungurahua;Ambato;De 15-19;1.137
Tungurahua;Ambato;De 20-24;986
Tungurahua;Ambato;De 25-29;904
Tungurahua;Ambato;De 30-34;863
Tungurahua;Ambato;De 35-39;852
Tungurahua;Ambato;De 40-44;770
Tungurahua;Ambato;De 45-49;633
Tungurahua;Ambato;De 50-54;478
Tungurahua;Ambato;De 55-59;418
Tungurahua;Ambato;De 60-64;423
Tungurahua;Ambato;De 65-69;367
Tungurahua;Ambato;De 70-74;267
Tungurahua;Ambato;De 75-79;222
Tungurahua;Ambato;De 80-84;146
Tungurahua;Ambato;85 o más;83
Tungurahua;Ambato;Total Quisapincha;10.777
Tungurahua;Ambato;De 0-4;724
Tungurahua;Ambato;De 5-9;871
Tungurahua;Ambato;De 10-14;1.076
Tungurahua;Ambato;De 15-19;1.124
Tungurahua;Ambato;De 20-24;803
Tungurahua;Ambato;De 25-29;697
Tungurahua;Ambato;De 30-34;638
Tungurahua;Ambato;De 35-39;628
Tungurahua;Ambato;De 40-44;652
Tungurahua;Ambato;De 45-49;588
Tungurahua;Ambato;De 50-54;518
Tungurahua;Ambato;De 55-59;588
Tungurahua;Ambato;De 60-64;533
Tungurahua;Ambato;De 65-69;431
Tungurahua;Ambato;De 70-74;320
Tungurahua;Ambato;De 75-79;279
Tungurahua;Ambato;De 80-84;152
Tungurahua;Ambato;85 o más;155
Tungurahua;Ambato;Total San Bartolomé de Pinllo;10.240
Tungurahua;Ambato;De 0-4;755
Tungurahua;Ambato;De 5-9;777
Tungurahua;Ambato;De 10-14;874
Tungurahua;Ambato;De 15-19;934
Tungurahua;Ambato;De 20-24;860
Tungurahua;Ambato;De 25-29;852
Tungurahua;Ambato;De 30-34;712
Tungurahua;Ambato;De 35-39;654
Tungurahua;Ambato;De 40-44;642
Tungurahua;Ambato;De 45-49;631
Tungurahua;Ambato;De 50-54;536
Tungurahua;Ambato;De 55-59;473
Tungurahua;Ambato;De 60-64;425
Tungurahua;Ambato;De 65-69;376
Tungurahua;Ambato;De 70-74;277
Tungurahua;Ambato;De 75-79;195
Tungurahua;Ambato;De 80-84;135
Tungurahua;Ambato;85 o más;132
Tungurahua;Ambato;Total San Fernando;2.035
Tungurahua;Ambato;De 0-4;174
Tungurahua;Ambato;De 5-9;143
Tungurahua;Ambato;De 10-14;192
Tungurahua;Ambato;De 15-19;227
Tungurahua;Ambato;De 20-24;162
Tungurahua;Ambato;De 25-29;143
Tungurahua;Ambato;De 30-34;100
Tungurahua;Ambato;De 35-39;87
Tungurahua;Ambato;De 40-44;105
Tungurahua;Ambato;De 45-49;91
Tungurahua;Ambato;De 50-54;85
Tungurahua;Ambato;De 55-59;99
Tungurahua;Ambato;De 60-64;81
Tungurahua;Ambato;De 65-69;98
Tungurahua;Ambato;De 70-74;62
Tungurahua;Ambato;De 75-79;93
Tungurahua;Ambato;De 80-84;45
Tungurahua;Ambato;85 o más;48
Tungurahua;Ambato;Total Santa Rosa;28.210
Tungurahua;Ambato;De 0-4;2.408
Tungurahua;Ambato;De 5-9;2.549
Tungurahua;Ambato;De 10-14;2.678
Tungurahua;Ambato;De 15-19;2.791
Tungurahua;Ambato;De 20-24;2.572
Tungurahua;Ambato;De 25-29;2.301
Tungurahua;Ambato;De 30-34;2.168
Tungurahua;Ambato;De 35-39;2.117
Tungurahua;Ambato;De 40-44;1.891
Tungurahua;Ambato;De 45-49;1.399
Tungurahua;Ambato;De 50-54;1.174
Tungurahua;Ambato;De 55-59;1.069
Tungurahua;Ambato;De 60-64;815
Tungurahua;Ambato;De 65-69;647
Tungurahua;Ambato;De 70-74;535
Tungurahua;Ambato;De 75-79;485
Tungurahua;Ambato;De 80-84;330
Tungurahua;Ambato;85 o más;281
Tungurahua;Ambato;Total Totoras;9.674
Tungurahua;Ambato;De 0-4;734
Tungurahua;Ambato;De 5-9;808
Tungurahua;Ambato;De 10-14;853
Tungurahua;Ambato;De 15-19;833
Tungurahua;Ambato;De 20-24;929
Tungurahua;Ambato;De 25-29;796
Tungurahua;Ambato;De 30-34;684
Tungurahua;Ambato;De 35-39;743
Tungurahua;Ambato;De 40-44;630
Tungurahua;Ambato;De 45-49;536
Tungurahua;Ambato;De 50-54;508
Tungurahua;Ambato;De 55-59;422
Tungurahua;Ambato;De 60-64;385
Tungurahua;Ambato;De 65-69;270
Tungurahua;Ambato;De 70-74;192
Tungurahua;Ambato;De 75-79;125
Tungurahua;Ambato;De 80-84;112
Tungurahua;Ambato;85 o más;114
Tungurahua;Ambato;Total Cunchibamba;5.546
Tungurahua;Ambato;De 0-4;424
Tungurahua;Ambato;De 5-9;449
Tungurahua;Ambato;De 10-14;509
Tungurahua;Ambato;De 15-19;491
Tungurahua;Ambato;De 20-24;479
Tungurahua;Ambato;De 25-29;436
Tungurahua;Ambato;De 30-34;411
Tungurahua;Ambato;De 35-39;399
Tungurahua;Ambato;De 40-44;399
Tungurahua;Ambato;De 45-49;332
Tungurahua;Ambato;De 50-54;295
Tungurahua;Ambato;De 55-59;221
Tungurahua;Ambato;De 60-64;188
Tungurahua;Ambato;De 65-69;147
Tungurahua;Ambato;De 70-74;116
Tungurahua;Ambato;De 75-79;103
Tungurahua;Ambato;De 80-84;74
Tungurahua;Ambato;85 o más;73
Tungurahua;Ambato;Total Unamuncho;6.141
Tungurahua;Ambato;De 0-4;521
Tungurahua;Ambato;De 5-9;530
Tungurahua;Ambato;De 10-14;609
Tungurahua;Ambato;De 15-19;541
Tungurahua;Ambato;De 20-24;520
Tungurahua;Ambato;De 25-29;516
Tungurahua;Ambato;De 30-34;473
Tungurahua;Ambato;De 35-39;478
Tungurahua;Ambato;De 40-44;389
Tungurahua;Ambato;De 45-49;329
Tungurahua;Ambato;De 50-54;292
Tungurahua;Ambato;De 55-59;258
Tungurahua;Ambato;De 60-64;190
Tungurahua;Ambato;De 65-69;162
Tungurahua;Ambato;De 70-74;118
Tungurahua;Ambato;De 75-79;81
Tungurahua;Ambato;De 80-84;78
Tungurahua;Ambato;85 o más;56
Tungurahua;Baños de Agua Santa;Total Baños de Agua Santa;21.908
Tungurahua;Baños de Agua Santa;De 0-4;1.332
Tungurahua;Baños de Agua Santa;De 5-9;1.567
Tungurahua;Baños de Agua Santa;De 10-14;1.715
Tungurahua;Baños de Agua Santa;De 15-19;1.821
Tungurahua;Baños de Agua Santa;De 20-24;1.829
Tungurahua;Baños de Agua Santa;De 25-29;1.870
Tungurahua;Baños de Agua Santa;De 30-34;1.668
Tungurahua;Baños de Agua Santa;De 35-39;1.576
Tungurahua;Baños de Agua Santa;De 40-44;1.469
Tungurahua;Baños de Agua Santa;De 45-49;1.403
Tungurahua;Baños de Agua Santa;De 50-54;1.286
Tungurahua;Baños de Agua Santa;De 55-59;1.103
Tungurahua;Baños de Agua Santa;De 60-64;895
Tungurahua;Baños de Agua Santa;De 65-69;730
Tungurahua;Baños de Agua Santa;De 70-74;533
Tungurahua;Baños de Agua Santa;De 75-79;457
Tungurahua;Baños de Agua Santa;De 80-84;334
Tungurahua;Baños de Agua Santa;85 o más;320
Tungurahua;Baños de Agua Santa;Total Baños;16.121
Tungurahua;Baños de Agua Santa;De 0-4;982
Tungurahua;Baños de Agua Santa;De 5-9;1.172
Tungurahua;Baños de Agua Santa;De 10-14;1.271
Tungurahua;Baños de Agua Santa;De 15-19;1.316
Tungurahua;Baños de Agua Santa;De 20-24;1.321
Tungurahua;Baños de Agua Santa;De 25-29;1.416
Tungurahua;Baños de Agua Santa;De 30-34;1.250
Tungurahua;Baños de Agua Santa;De 35-39;1.171
Tungurahua;Baños de Agua Santa;De 40-44;1.072
Tungurahua;Baños de Agua Santa;De 45-49;1.063
Tungurahua;Baños de Agua Santa;De 50-54;951
Tungurahua;Baños de Agua Santa;De 55-59;800
Tungurahua;Baños de Agua Santa;De 60-64;651
Tungurahua;Baños de Agua Santa;De 65-69;528
Tungurahua;Baños de Agua Santa;De 70-74;378
Tungurahua;Baños de Agua Santa;De 75-79;311
Tungurahua;Baños de Agua Santa;De 80-84;247
Tungurahua;Baños de Agua Santa;85 o más;221
Tungurahua;Baños de Agua Santa;Total Lligua;343
Tungurahua;Baños de Agua Santa;De 0-4;9
Tungurahua;Baños de Agua Santa;De 5-9;21
Tungurahua;Baños de Agua Santa;De 10-14;25
Tungurahua;Baños de Agua Santa;De 15-19;23
Tungurahua;Baños de Agua Santa;De 20-24;19
Tungurahua;Baños de Agua Santa;De 25-29;30
Tungurahua;Baños de Agua Santa;De 30-34;18
Tungurahua;Baños de Agua Santa;De 35-39;22
Tungurahua;Baños de Agua Santa;De 40-44;23
Tungurahua;Baños de Agua Santa;De 45-49;23
Tungurahua;Baños de Agua Santa;De 50-54;21
Tungurahua;Baños de Agua Santa;De 55-59;19
Tungurahua;Baños de Agua Santa;De 60-64;22
Tungurahua;Baños de Agua Santa;De 65-69;21
Tungurahua;Baños de Agua Santa;De 70-74;19
Tungurahua;Baños de Agua Santa;De 75-79;14
Tungurahua;Baños de Agua Santa;De 80-84;7
Tungurahua;Baños de Agua Santa;85 o más;7
Tungurahua;Baños de Agua Santa;Total Río Negro;1.274
Tungurahua;Baños de Agua Santa;De 0-4;91
Tungurahua;Baños de Agua Santa;De 5-9;91
Tungurahua;Baños de Agua Santa;De 10-14;82
Tungurahua;Baños de Agua Santa;De 15-19;117
Tungurahua;Baños de Agua Santa;De 20-24;113
Tungurahua;Baños de Agua Santa;De 25-29;78
Tungurahua;Baños de Agua Santa;De 30-34;105
Tungurahua;Baños de Agua Santa;De 35-39;74
Tungurahua;Baños de Agua Santa;De 40-44;81
Tungurahua;Baños de Agua Santa;De 45-49;68
Tungurahua;Baños de Agua Santa;De 50-54;73
Tungurahua;Baños de Agua Santa;De 55-59;74
Tungurahua;Baños de Agua Santa;De 60-64;65
Tungurahua;Baños de Agua Santa;De 65-69;44
Tungurahua;Baños de Agua Santa;De 70-74;38
Tungurahua;Baños de Agua Santa;De 75-79;33
Tungurahua;Baños de Agua Santa;De 80-84;22
Tungurahua;Baños de Agua Santa;85 o más;25
Tungurahua;Baños de Agua Santa;Total Río Verde;1.337
Tungurahua;Baños de Agua Santa;De 0-4;95
Tungurahua;Baños de Agua Santa;De 5-9;99
Tungurahua;Baños de Agua Santa;De 10-14;102
Tungurahua;Baños de Agua Santa;De 15-19;119
Tungurahua;Baños de Agua Santa;De 20-24;135
Tungurahua;Baños de Agua Santa;De 25-29;120
Tungurahua;Baños de Agua Santa;De 30-34;83
Tungurahua;Baños de Agua Santa;De 35-39;112
Tungurahua;Baños de Agua Santa;De 40-44;89
Tungurahua;Baños de Agua Santa;De 45-49;64
Tungurahua;Baños de Agua Santa;De 50-54;72
Tungurahua;Baños de Agua Santa;De 55-59;72
Tungurahua;Baños de Agua Santa;De 60-64;43
Tungurahua;Baños de Agua Santa;De 65-69;40
Tungurahua;Baños de Agua Santa;De 70-74;25
Tungurahua;Baños de Agua Santa;De 75-79;24
Tungurahua;Baños de Agua Santa;De 80-84;18
Tungurahua;Baños de Agua Santa;85 o más;25
Tungurahua;Baños de Agua Santa;Total Ulba;2.833
Tungurahua;Baños de Agua Santa;De 0-4;155
Tungurahua;Baños de Agua Santa;De 5-9;184
Tungurahua;Baños de Agua Santa;De 10-14;235
Tungurahua;Baños de Agua Santa;De 15-19;246
Tungurahua;Baños de Agua Santa;De 20-24;241
Tungurahua;Baños de Agua Santa;De 25-29;226
Tungurahua;Baños de Agua Santa;De 30-34;212
Tungurahua;Baños de Agua Santa;De 35-39;197
Tungurahua;Baños de Agua Santa;De 40-44;204
Tungurahua;Baños de Agua Santa;De 45-49;185
Tungurahua;Baños de Agua Santa;De 50-54;169
Tungurahua;Baños de Agua Santa;De 55-59;138
Tungurahua;Baños de Agua Santa;De 60-64;114
Tungurahua;Baños de Agua Santa;De 65-69;97
Tungurahua;Baños de Agua Santa;De 70-74;73
Tungurahua;Baños de Agua Santa;De 75-79;75
Tungurahua;Baños de Agua Santa;De 80-84;40
Tungurahua;Baños de Agua Santa;85 o más;42
Tungurahua;Cevallos;Total Cevallos;10.433
Tungurahua;Cevallos;De 0-4;697
Tungurahua;Cevallos;De 5-9;830
Tungurahua;Cevallos;De 10-14;873
Tungurahua;Cevallos;De 15-19;822
Tungurahua;Cevallos;De 20-24;847
Tungurahua;Cevallos;De 25-29;787
Tungurahua;Cevallos;De 30-34;827
Tungurahua;Cevallos;De 35-39;722
Tungurahua;Cevallos;De 40-44;665
Tungurahua;Cevallos;De 45-49;616
Tungurahua;Cevallos;De 50-54;592
Tungurahua;Cevallos;De 55-59;511
Tungurahua;Cevallos;De 60-64;405
Tungurahua;Cevallos;De 65-69;358
Tungurahua;Cevallos;De 70-74;293
Tungurahua;Cevallos;De 75-79;256
Tungurahua;Cevallos;De 80-84;176
Tungurahua;Cevallos;85 o más;156
Tungurahua;Cevallos;Total Cevallos;10.433
Tungurahua;Cevallos;De 0-4;697
Tungurahua;Cevallos;De 5-9;830
Tungurahua;Cevallos;De 10-14;873
Tungurahua;Cevallos;De 15-19;822
Tungurahua;Cevallos;De 20-24;847
Tungurahua;Cevallos;De 25-29;787
Tungurahua;Cevallos;De 30-34;827
Tungurahua;Cevallos;De 35-39;722
Tungurahua;Cevallos;De 40-44;665
Tungurahua;Cevallos;De 45-49;616
Tungurahua;Cevallos;De 50-54;592
Tungurahua;Cevallos;De 55-59;511
Tungurahua;Cevallos;De 60-64;405
Tungurahua;Cevallos;De 65-69;358
Tungurahua;Cevallos;De 70-74;293
Tungurahua;Cevallos;De 75-79;256
Tungurahua;Cevallos;De 80-84;176
Tungurahua;Cevallos;85 o más;156
Tungurahua;Mocha;Total Mocha;7.260
Tungurahua;Mocha;De 0-4;432
Tungurahua;Mocha;De 5-9;534
Tungurahua;Mocha;De 10-14;592
Tungurahua;Mocha;De 15-19;570
Tungurahua;Mocha;De 20-24;535
Tungurahua;Mocha;De 25-29;519
Tungurahua;Mocha;De 30-34;481
Tungurahua;Mocha;De 35-39;482
Tungurahua;Mocha;De 40-44;491
Tungurahua;Mocha;De 45-49;438
Tungurahua;Mocha;De 50-54;444
Tungurahua;Mocha;De 55-59;385
Tungurahua;Mocha;De 60-64;345
Tungurahua;Mocha;De 65-69;252
Tungurahua;Mocha;De 70-74;216
Tungurahua;Mocha;De 75-79;223
Tungurahua;Mocha;De 80-84;176
Tungurahua;Mocha;85 o más;145
Tungurahua;Mocha;Total Mocha;5.820
Tungurahua;Mocha;De 0-4;341
Tungurahua;Mocha;De 5-9;434
Tungurahua;Mocha;De 10-14;478
Tungurahua;Mocha;De 15-19;467
Tungurahua;Mocha;De 20-24;409
Tungurahua;Mocha;De 25-29;428
Tungurahua;Mocha;De 30-34;385
Tungurahua;Mocha;De 35-39;383
Tungurahua;Mocha;De 40-44;389
Tungurahua;Mocha;De 45-49;356
Tungurahua;Mocha;De 50-54;368
Tungurahua;Mocha;De 55-59;305
Tungurahua;Mocha;De 60-64;279
Tungurahua;Mocha;De 65-69;201
Tungurahua;Mocha;De 70-74;172
Tungurahua;Mocha;De 75-79;174
Tungurahua;Mocha;De 80-84;131
Tungurahua;Mocha;85 o más;120
Tungurahua;Mocha;Total Pinguilí;1.440
Tungurahua;Mocha;De 0-4;91
Tungurahua;Mocha;De 5-9;100
Tungurahua;Mocha;De 10-14;114
Tungurahua;Mocha;De 15-19;103
Tungurahua;Mocha;De 20-24;126
Tungurahua;Mocha;De 25-29;91
Tungurahua;Mocha;De 30-34;96
Tungurahua;Mocha;De 35-39;99
Tungurahua;Mocha;De 40-44;102
Tungurahua;Mocha;De 45-49;82
Tungurahua;Mocha;De 50-54;76
Tungurahua;Mocha;De 55-59;80
Tungurahua;Mocha;De 60-64;66
Tungurahua;Mocha;De 65-69;51
Tungurahua;Mocha;De 70-74;44
Tungurahua;Mocha;De 75-79;49
Tungurahua;Mocha;De 80-84;45
Tungurahua;Mocha;85 o más;25
Tungurahua;Patate;Total Patate;13.879
Tungurahua;Patate;De 0-4;927
Tungurahua;Patate;De 5-9;1.096
Tungurahua;Patate;De 10-14;1.206
Tungurahua;Patate;De 15-19;1.236
Tungurahua;Patate;De 20-24;1.171
Tungurahua;Patate;De 25-29;1.008
Tungurahua;Patate;De 30-34;974
Tungurahua;Patate;De 35-39;959
Tungurahua;Patate;De 40-44;867
Tungurahua;Patate;De 45-49;793
Tungurahua;Patate;De 50-54;766
Tungurahua;Patate;De 55-59;650
Tungurahua;Patate;De 60-64;522
Tungurahua;Patate;De 65-69;447
Tungurahua;Patate;De 70-74;390
Tungurahua;Patate;De 75-79;344
Tungurahua;Patate;De 80-84;256
Tungurahua;Patate;85 o más;267
Tungurahua;Patate;Total Patate;8.743
Tungurahua;Patate;De 0-4;506
Tungurahua;Patate;De 5-9;649
Tungurahua;Patate;De 10-14;701
Tungurahua;Patate;De 15-19;727
Tungurahua;Patate;De 20-24;729
Tungurahua;Patate;De 25-29;598
Tungurahua;Patate;De 30-34;619
Tungurahua;Patate;De 35-39;631
Tungurahua;Patate;De 40-44;578
Tungurahua;Patate;De 45-49;550
Tungurahua;Patate;De 50-54;520
Tungurahua;Patate;De 55-59;437
Tungurahua;Patate;De 60-64;357
Tungurahua;Patate;De 65-69;292
Tungurahua;Patate;De 70-74;261
Tungurahua;Patate;De 75-79;224
Tungurahua;Patate;De 80-84;170
Tungurahua;Patate;85 o más;194
Tungurahua;Patate;Total El Triunfo;1.360
Tungurahua;Patate;De 0-4;97
Tungurahua;Patate;De 5-9;115
Tungurahua;Patate;De 10-14;128
Tungurahua;Patate;De 15-19;151
Tungurahua;Patate;De 20-24;133
Tungurahua;Patate;De 25-29;105
Tungurahua;Patate;De 30-34;83
Tungurahua;Patate;De 35-39;83
Tungurahua;Patate;De 40-44;89
Tungurahua;Patate;De 45-49;87
Tungurahua;Patate;De 50-54;65
Tungurahua;Patate;De 55-59;65
Tungurahua;Patate;De 60-64;43
Tungurahua;Patate;De 65-69;36
Tungurahua;Patate;De 70-74;22
Tungurahua;Patate;De 75-79;22
Tungurahua;Patate;De 80-84;19
Tungurahua;Patate;85 o más;17
Tungurahua;Patate;Total Los Andes;1.385
Tungurahua;Patate;De 0-4;111
Tungurahua;Patate;De 5-9;96
Tungurahua;Patate;De 10-14;137
Tungurahua;Patate;De 15-19;119
Tungurahua;Patate;De 20-24;105
Tungurahua;Patate;De 25-29;94
Tungurahua;Patate;De 30-34;96
Tungurahua;Patate;De 35-39;88
Tungurahua;Patate;De 40-44;78
Tungurahua;Patate;De 45-49;61
Tungurahua;Patate;De 50-54;72
Tungurahua;Patate;De 55-59;55
Tungurahua;Patate;De 60-64;58
Tungurahua;Patate;De 65-69;70
Tungurahua;Patate;De 70-74;50
Tungurahua;Patate;De 75-79;42
Tungurahua;Patate;De 80-84;23
Tungurahua;Patate;85 o más;30
Tungurahua;Patate;Total Sucre;2.391
Tungurahua;Patate;De 0-4;213
Tungurahua;Patate;De 5-9;236
Tungurahua;Patate;De 10-14;240
Tungurahua;Patate;De 15-19;239
Tungurahua;Patate;De 20-24;204
Tungurahua;Patate;De 25-29;211
Tungurahua;Patate;De 30-34;176
Tungurahua;Patate;De 35-39;157
Tungurahua;Patate;De 40-44;122
Tungurahua;Patate;De 45-49;95
Tungurahua;Patate;De 50-54;109
Tungurahua;Patate;De 55-59;93
Tungurahua;Patate;De 60-64;64
Tungurahua;Patate;De 65-69;49
Tungurahua;Patate;De 70-74;57
Tungurahua;Patate;De 75-79;56
Tungurahua;Patate;De 80-84;44
Tungurahua;Patate;85 o más;26
Tungurahua;Quero;Total Quero;19.084
Tungurahua;Quero;De 0-4;1.417
Tungurahua;Quero;De 5-9;1.459
Tungurahua;Quero;De 10-14;1.655
Tungurahua;Quero;De 15-19;1.599
Tungurahua;Quero;De 20-24;1.498
Tungurahua;Quero;De 25-29;1.527
Tungurahua;Quero;De 30-34;1.413
Tungurahua;Quero;De 35-39;1.384
Tungurahua;Quero;De 40-44;1.214
Tungurahua;Quero;De 45-49;1.032
Tungurahua;Quero;De 50-54;1.032
Tungurahua;Quero;De 55-59;886
Tungurahua;Quero;De 60-64;760
Tungurahua;Quero;De 65-69;605
Tungurahua;Quero;De 70-74;489
Tungurahua;Quero;De 75-79;474
Tungurahua;Quero;De 80-84;342
Tungurahua;Quero;85 o más;298
Tungurahua;Quero;Total Quero;14.431
Tungurahua;Quero;De 0-4;1.058
Tungurahua;Quero;De 5-9;1.135
Tungurahua;Quero;De 10-14;1.239
Tungurahua;Quero;De 15-19;1.220
Tungurahua;Quero;De 20-24;1.138
Tungurahua;Quero;De 25-29;1.158
Tungurahua;Quero;De 30-34;1.107
Tungurahua;Quero;De 35-39;1.060
Tungurahua;Quero;De 40-44;914
Tungurahua;Quero;De 45-49;789
Tungurahua;Quero;De 50-54;794
Tungurahua;Quero;De 55-59;648
Tungurahua;Quero;De 60-64;541
Tungurahua;Quero;De 65-69;437
Tungurahua;Quero;De 70-74;357
Tungurahua;Quero;De 75-79;353
Tungurahua;Quero;De 80-84;258
Tungurahua;Quero;85 o más;225
Tungurahua;Quero;Total Rumipamba;3.007
Tungurahua;Quero;De 0-4;250
Tungurahua;Quero;De 5-9;222
Tungurahua;Quero;De 10-14;274
Tungurahua;Quero;De 15-19;248
Tungurahua;Quero;De 20-24;230
Tungurahua;Quero;De 25-29;246
Tungurahua;Quero;De 30-34;208
Tungurahua;Quero;De 35-39;204
Tungurahua;Quero;De 40-44;190
Tungurahua;Quero;De 45-49;144
Tungurahua;Quero;De 50-54;143
Tungurahua;Quero;De 55-59;153
Tungurahua;Quero;De 60-64;138
Tungurahua;Quero;De 65-69;99
Tungurahua;Quero;De 70-74;82
Tungurahua;Quero;De 75-79;72
Tungurahua;Quero;De 80-84;55
Tungurahua;Quero;85 o más;49
Tungurahua;Quero;Total Yanayacu Mochapata;1.646
Tungurahua;Quero;De 0-4;109
Tungurahua;Quero;De 5-9;102
Tungurahua;Quero;De 10-14;142
Tungurahua;Quero;De 15-19;131
Tungurahua;Quero;De 20-24;130
Tungurahua;Quero;De 25-29;123
Tungurahua;Quero;De 30-34;98
Tungurahua;Quero;De 35-39;120
Tungurahua;Quero;De 40-44;110
Tungurahua;Quero;De 45-49;99
Tungurahua;Quero;De 50-54;95
Tungurahua;Quero;De 55-59;85
Tungurahua;Quero;De 60-64;81
Tungurahua;Quero;De 65-69;69
Tungurahua;Quero;De 70-74;50
Tungurahua;Quero;De 75-79;49
Tungurahua;Quero;De 80-84;29
Tungurahua;Quero;85 o más;24
Tungurahua;San Pedro de Pelileo;Total San Pedro de Pelileo;63.897
Tungurahua;San Pedro de Pelileo;De 0-4;4.440
Tungurahua;San Pedro de Pelileo;De 5-9;5.190
Tungurahua;San Pedro de Pelileo;De 10-14;5.721
Tungurahua;San Pedro de Pelileo;De 15-19;5.508
Tungurahua;San Pedro de Pelileo;De 20-24;5.563
Tungurahua;San Pedro de Pelileo;De 25-29;5.157
Tungurahua;San Pedro de Pelileo;De 30-34;4.839
Tungurahua;San Pedro de Pelileo;De 35-39;4.529
Tungurahua;San Pedro de Pelileo;De 40-44;4.307
Tungurahua;San Pedro de Pelileo;De 45-49;3.741
Tungurahua;San Pedro de Pelileo;De 50-54;3.339
Tungurahua;San Pedro de Pelileo;De 55-59;2.804
Tungurahua;San Pedro de Pelileo;De 60-64;2.374
Tungurahua;San Pedro de Pelileo;De 65-69;1.919
Tungurahua;San Pedro de Pelileo;De 70-74;1.510
Tungurahua;San Pedro de Pelileo;De 75-79;1.205
Tungurahua;San Pedro de Pelileo;De 80-84;873
Tungurahua;San Pedro de Pelileo;85 o más;878
Tungurahua;San Pedro de Pelileo;Total Pelileo;28.073
Tungurahua;San Pedro de Pelileo;De 0-4;1.886
Tungurahua;San Pedro de Pelileo;De 5-9;2.251
Tungurahua;San Pedro de Pelileo;De 10-14;2.498
Tungurahua;San Pedro de Pelileo;De 15-19;2.337
Tungurahua;San Pedro de Pelileo;De 20-24;2.427
Tungurahua;San Pedro de Pelileo;De 25-29;2.295
Tungurahua;San Pedro de Pelileo;De 30-34;2.179
Tungurahua;San Pedro de Pelileo;De 35-39;1.998
Tungurahua;San Pedro de Pelileo;De 40-44;1.959
Tungurahua;San Pedro de Pelileo;De 45-49;1.728
Tungurahua;San Pedro de Pelileo;De 50-54;1.542
Tungurahua;San Pedro de Pelileo;De 55-59;1.249
Tungurahua;San Pedro de Pelileo;De 60-64;1.059
Tungurahua;San Pedro de Pelileo;De 65-69;853
Tungurahua;San Pedro de Pelileo;De 70-74;633
Tungurahua;San Pedro de Pelileo;De 75-79;512
Tungurahua;San Pedro de Pelileo;De 80-84;335
Tungurahua;San Pedro de Pelileo;85 o más;332
Tungurahua;San Pedro de Pelileo;Total Benítez;2.626
Tungurahua;San Pedro de Pelileo;De 0-4;183
Tungurahua;San Pedro de Pelileo;De 5-9;212
Tungurahua;San Pedro de Pelileo;De 10-14;239
Tungurahua;San Pedro de Pelileo;De 15-19;222
Tungurahua;San Pedro de Pelileo;De 20-24;203
Tungurahua;San Pedro de Pelileo;De 25-29;196
Tungurahua;San Pedro de Pelileo;De 30-34;190
Tungurahua;San Pedro de Pelileo;De 35-39;189
Tungurahua;San Pedro de Pelileo;De 40-44;172
Tungurahua;San Pedro de Pelileo;De 45-49;135
Tungurahua;San Pedro de Pelileo;De 50-54;139
Tungurahua;San Pedro de Pelileo;De 55-59;129
Tungurahua;San Pedro de Pelileo;De 60-64;97
Tungurahua;San Pedro de Pelileo;De 65-69;97
Tungurahua;San Pedro de Pelileo;De 70-74;83
Tungurahua;San Pedro de Pelileo;De 75-79;62
Tungurahua;San Pedro de Pelileo;De 80-84;32
Tungurahua;San Pedro de Pelileo;85 o más;46
Tungurahua;San Pedro de Pelileo;Total Bolívar;2.925
Tungurahua;San Pedro de Pelileo;De 0-4;193
Tungurahua;San Pedro de Pelileo;De 5-9;224
Tungurahua;San Pedro de Pelileo;De 10-14;239
Tungurahua;San Pedro de Pelileo;De 15-19;232
Tungurahua;San Pedro de Pelileo;De 20-24;240
Tungurahua;San Pedro de Pelileo;De 25-29;264
Tungurahua;San Pedro de Pelileo;De 30-34;223
Tungurahua;San Pedro de Pelileo;De 35-39;215
Tungurahua;San Pedro de Pelileo;De 40-44;184
Tungurahua;San Pedro de Pelileo;De 45-49;172
Tungurahua;San Pedro de Pelileo;De 50-54;138
Tungurahua;San Pedro de Pelileo;De 55-59;125
Tungurahua;San Pedro de Pelileo;De 60-64;132
Tungurahua;San Pedro de Pelileo;De 65-69;126
Tungurahua;San Pedro de Pelileo;De 70-74;58
Tungurahua;San Pedro de Pelileo;De 75-79;55
Tungurahua;San Pedro de Pelileo;De 80-84;47
Tungurahua;San Pedro de Pelileo;85 o más;58
Tungurahua;San Pedro de Pelileo;Total Cotaló;2.186
Tungurahua;San Pedro de Pelileo;De 0-4;167
Tungurahua;San Pedro de Pelileo;De 5-9;186
Tungurahua;San Pedro de Pelileo;De 10-14;186
Tungurahua;San Pedro de Pelileo;De 15-19;205
Tungurahua;San Pedro de Pelileo;De 20-24;188
Tungurahua;San Pedro de Pelileo;De 25-29;168
Tungurahua;San Pedro de Pelileo;De 30-34;145
Tungurahua;San Pedro de Pelileo;De 35-39;151
Tungurahua;San Pedro de Pelileo;De 40-44;138
Tungurahua;San Pedro de Pelileo;De 45-49;128
Tungurahua;San Pedro de Pelileo;De 50-54;101
Tungurahua;San Pedro de Pelileo;De 55-59;108
Tungurahua;San Pedro de Pelileo;De 60-64;66
Tungurahua;San Pedro de Pelileo;De 65-69;60
Tungurahua;San Pedro de Pelileo;De 70-74;52
Tungurahua;San Pedro de Pelileo;De 75-79;46
Tungurahua;San Pedro de Pelileo;De 80-84;44
Tungurahua;San Pedro de Pelileo;85 o más;47
Tungurahua;San Pedro de Pelileo;Total Chiquicha;2.844
Tungurahua;San Pedro de Pelileo;De 0-4;248
Tungurahua;San Pedro de Pelileo;De 5-9;259
Tungurahua;San Pedro de Pelileo;De 10-14;283
Tungurahua;San Pedro de Pelileo;De 15-19;277
Tungurahua;San Pedro de Pelileo;De 20-24;289
Tungurahua;San Pedro de Pelileo;De 25-29;231
Tungurahua;San Pedro de Pelileo;De 30-34;204
Tungurahua;San Pedro de Pelileo;De 35-39;187
Tungurahua;San Pedro de Pelileo;De 40-44;170
Tungurahua;San Pedro de Pelileo;De 45-49;154
Tungurahua;San Pedro de Pelileo;De 50-54;130
Tungurahua;San Pedro de Pelileo;De 55-59;93
Tungurahua;San Pedro de Pelileo;De 60-64;80
Tungurahua;San Pedro de Pelileo;De 65-69;62
Tungurahua;San Pedro de Pelileo;De 70-74;60
Tungurahua;San Pedro de Pelileo;De 75-79;46
Tungurahua;San Pedro de Pelileo;De 80-84;33
Tungurahua;San Pedro de Pelileo;85 o más;38
Tungurahua;San Pedro de Pelileo;Total El Rosario;2.675
Tungurahua;San Pedro de Pelileo;De 0-4;238
Tungurahua;San Pedro de Pelileo;De 5-9;239
Tungurahua;San Pedro de Pelileo;De 10-14;276
Tungurahua;San Pedro de Pelileo;De 15-19;282
Tungurahua;San Pedro de Pelileo;De 20-24;245
Tungurahua;San Pedro de Pelileo;De 25-29;202
Tungurahua;San Pedro de Pelileo;De 30-34;190
Tungurahua;San Pedro de Pelileo;De 35-39;187
Tungurahua;San Pedro de Pelileo;De 40-44;166
Tungurahua;San Pedro de Pelileo;De 45-49;111
Tungurahua;San Pedro de Pelileo;De 50-54;107
Tungurahua;San Pedro de Pelileo;De 55-59;93
Tungurahua;San Pedro de Pelileo;De 60-64;75
Tungurahua;San Pedro de Pelileo;De 65-69;69
Tungurahua;San Pedro de Pelileo;De 70-74;63
Tungurahua;San Pedro de Pelileo;De 75-79;50
Tungurahua;San Pedro de Pelileo;De 80-84;51
Tungurahua;San Pedro de Pelileo;85 o más;31
Tungurahua;San Pedro de Pelileo;Total García Moreno;7.836
Tungurahua;San Pedro de Pelileo;De 0-4;539
Tungurahua;San Pedro de Pelileo;De 5-9;619
Tungurahua;San Pedro de Pelileo;De 10-14;744
Tungurahua;San Pedro de Pelileo;De 15-19;726
Tungurahua;San Pedro de Pelileo;De 20-24;730
Tungurahua;San Pedro de Pelileo;De 25-29;580
Tungurahua;San Pedro de Pelileo;De 30-34;572
Tungurahua;San Pedro de Pelileo;De 35-39;560
Tungurahua;San Pedro de Pelileo;De 40-44;537
Tungurahua;San Pedro de Pelileo;De 45-49;484
Tungurahua;San Pedro de Pelileo;De 50-54;389
Tungurahua;San Pedro de Pelileo;De 55-59;320
Tungurahua;San Pedro de Pelileo;De 60-64;287
Tungurahua;San Pedro de Pelileo;De 65-69;214
Tungurahua;San Pedro de Pelileo;De 70-74;193
Tungurahua;San Pedro de Pelileo;De 75-79;140
Tungurahua;San Pedro de Pelileo;De 80-84;105
Tungurahua;San Pedro de Pelileo;85 o más;97
Tungurahua;San Pedro de Pelileo;Total Guambaló;8.444
Tungurahua;San Pedro de Pelileo;De 0-4;566
Tungurahua;San Pedro de Pelileo;De 5-9;678
Tungurahua;San Pedro de Pelileo;De 10-14;770
Tungurahua;San Pedro de Pelileo;De 15-19;740
Tungurahua;San Pedro de Pelileo;De 20-24;683
Tungurahua;San Pedro de Pelileo;De 25-29;681
Tungurahua;San Pedro de Pelileo;De 30-34;656
Tungurahua;San Pedro de Pelileo;De 35-39;586
Tungurahua;San Pedro de Pelileo;De 40-44;556
Tungurahua;San Pedro de Pelileo;De 45-49;494
Tungurahua;San Pedro de Pelileo;De 50-54;447
Tungurahua;San Pedro de Pelileo;De 55-59;385
Tungurahua;San Pedro de Pelileo;De 60-64;320
Tungurahua;San Pedro de Pelileo;De 65-69;229
Tungurahua;San Pedro de Pelileo;De 70-74;202
Tungurahua;San Pedro de Pelileo;De 75-79;161
Tungurahua;San Pedro de Pelileo;De 80-84;149
Tungurahua;San Pedro de Pelileo;85 o más;141
Tungurahua;San Pedro de Pelileo;Total Salasaca;6.288
Tungurahua;San Pedro de Pelileo;De 0-4;420
Tungurahua;San Pedro de Pelileo;De 5-9;522
Tungurahua;San Pedro de Pelileo;De 10-14;486
Tungurahua;San Pedro de Pelileo;De 15-19;487
Tungurahua;San Pedro de Pelileo;De 20-24;558
Tungurahua;San Pedro de Pelileo;De 25-29;540
Tungurahua;San Pedro de Pelileo;De 30-34;480
Tungurahua;San Pedro de Pelileo;De 35-39;456
Tungurahua;San Pedro de Pelileo;De 40-44;425
Tungurahua;San Pedro de Pelileo;De 45-49;335
Tungurahua;San Pedro de Pelileo;De 50-54;346
Tungurahua;San Pedro de Pelileo;De 55-59;302
Tungurahua;San Pedro de Pelileo;De 60-64;258
Tungurahua;San Pedro de Pelileo;De 65-69;209
Tungurahua;San Pedro de Pelileo;De 70-74;166
Tungurahua;San Pedro de Pelileo;De 75-79;133
Tungurahua;San Pedro de Pelileo;De 80-84;77
Tungurahua;San Pedro de Pelileo;85 o más;88
Tungurahua;Santiago de Píllaro;Total Santiago de Píllaro;42.497
Tungurahua;Santiago de Píllaro;De 0-4;2.838
Tungurahua;Santiago de Píllaro;De 5-9;3.265
Tungurahua;Santiago de Píllaro;De 10-14;3.491
Tungurahua;Santiago de Píllaro;De 15-19;3.437
Tungurahua;Santiago de Píllaro;De 20-24;3.198
Tungurahua;Santiago de Píllaro;De 25-29;3.113
Tungurahua;Santiago de Píllaro;De 30-34;3.365
Tungurahua;Santiago de Píllaro;De 35-39;3.158
Tungurahua;Santiago de Píllaro;De 40-44;2.957
Tungurahua;Santiago de Píllaro;De 45-49;2.542
Tungurahua;Santiago de Píllaro;De 50-54;2.298
Tungurahua;Santiago de Píllaro;De 55-59;1.962
Tungurahua;Santiago de Píllaro;De 60-64;1.727
Tungurahua;Santiago de Píllaro;De 65-69;1.494
Tungurahua;Santiago de Píllaro;De 70-74;1.229
Tungurahua;Santiago de Píllaro;De 75-79;1.015
Tungurahua;Santiago de Píllaro;De 80-84;711
Tungurahua;Santiago de Píllaro;85 o más;697
Tungurahua;Santiago de Píllaro;Total Píllaro;16.012
Tungurahua;Santiago de Píllaro;De 0-4;1.073
Tungurahua;Santiago de Píllaro;De 5-9;1.253
Tungurahua;Santiago de Píllaro;De 10-14;1.271
Tungurahua;Santiago de Píllaro;De 15-19;1.252
Tungurahua;Santiago de Píllaro;De 20-24;1.135
Tungurahua;Santiago de Píllaro;De 25-29;1.134
Tungurahua;Santiago de Píllaro;De 30-34;1.307
Tungurahua;Santiago de Píllaro;De 35-39;1.222
Tungurahua;Santiago de Píllaro;De 40-44;1.146
Tungurahua;Santiago de Píllaro;De 45-49;1.026
Tungurahua;Santiago de Píllaro;De 50-54;898
Tungurahua;Santiago de Píllaro;De 55-59;734
Tungurahua;Santiago de Píllaro;De 60-64;661
Tungurahua;Santiago de Píllaro;De 65-69;607
Tungurahua;Santiago de Píllaro;De 70-74;436
Tungurahua;Santiago de Píllaro;De 75-79;357
Tungurahua;Santiago de Píllaro;De 80-84;249
Tungurahua;Santiago de Píllaro;85 o más;251
Tungurahua;Santiago de Píllaro;Total Baquerizo Moreno;239
Tungurahua;Santiago de Píllaro;De 0-4;15
Tungurahua;Santiago de Píllaro;De 5-9;13
Tungurahua;Santiago de Píllaro;De 10-14;12
Tungurahua;Santiago de Píllaro;De 15-19;12
Tungurahua;Santiago de Píllaro;De 20-24;23
Tungurahua;Santiago de Píllaro;De 25-29;13
Tungurahua;Santiago de Píllaro;De 30-34;12
Tungurahua;Santiago de Píllaro;De 35-39;15
Tungurahua;Santiago de Píllaro;De 40-44;14
Tungurahua;Santiago de Píllaro;De 45-49;14
Tungurahua;Santiago de Píllaro;De 50-54;13
Tungurahua;Santiago de Píllaro;De 55-59;11
Tungurahua;Santiago de Píllaro;De 60-64;15
Tungurahua;Santiago de Píllaro;De 65-69;14
Tungurahua;Santiago de Píllaro;De 70-74;14
Tungurahua;Santiago de Píllaro;De 75-79;9
Tungurahua;Santiago de Píllaro;De 80-84;8
Tungurahua;Santiago de Píllaro;85 o más;12
Tungurahua;Santiago de Píllaro;Total Emilio María Terán;1.531
Tungurahua;Santiago de Píllaro;De 0-4;130
Tungurahua;Santiago de Píllaro;De 5-9;120
Tungurahua;Santiago de Píllaro;De 10-14;126
Tungurahua;Santiago de Píllaro;De 15-19;125
Tungurahua;Santiago de Píllaro;De 20-24;115
Tungurahua;Santiago de Píllaro;De 25-29;110
Tungurahua;Santiago de Píllaro;De 30-34;119
Tungurahua;Santiago de Píllaro;De 35-39;109
Tungurahua;Santiago de Píllaro;De 40-44;97
Tungurahua;Santiago de Píllaro;De 45-49;77
Tungurahua;Santiago de Píllaro;De 50-54;79
Tungurahua;Santiago de Píllaro;De 55-59;66
Tungurahua;Santiago de Píllaro;De 60-64;62
Tungurahua;Santiago de Píllaro;De 65-69;49
Tungurahua;Santiago de Píllaro;De 70-74;39
Tungurahua;Santiago de Píllaro;De 75-79;41
Tungurahua;Santiago de Píllaro;De 80-84;29
Tungurahua;Santiago de Píllaro;85 o más;38
Tungurahua;Santiago de Píllaro;Total Marcos Espinel;2.266
Tungurahua;Santiago de Píllaro;De 0-4;126
Tungurahua;Santiago de Píllaro;De 5-9;142
Tungurahua;Santiago de Píllaro;De 10-14;163
Tungurahua;Santiago de Píllaro;De 15-19;172
Tungurahua;Santiago de Píllaro;De 20-24;132
Tungurahua;Santiago de Píllaro;De 25-29;158
Tungurahua;Santiago de Píllaro;De 30-34;155
Tungurahua;Santiago de Píllaro;De 35-39;151
Tungurahua;Santiago de Píllaro;De 40-44;140
Tungurahua;Santiago de Píllaro;De 45-49;148
Tungurahua;Santiago de Píllaro;De 50-54;157
Tungurahua;Santiago de Píllaro;De 55-59;157
Tungurahua;Santiago de Píllaro;De 60-64;112
Tungurahua;Santiago de Píllaro;De 65-69;93
Tungurahua;Santiago de Píllaro;De 70-74;90
Tungurahua;Santiago de Píllaro;De 75-79;77
Tungurahua;Santiago de Píllaro;De 80-84;44
Tungurahua;Santiago de Píllaro;85 o más;49
Tungurahua;Santiago de Píllaro;Total Presidente Urbina;3.265
Tungurahua;Santiago de Píllaro;De 0-4;196
Tungurahua;Santiago de Píllaro;De 5-9;253
Tungurahua;Santiago de Píllaro;De 10-14;282
Tungurahua;Santiago de Píllaro;De 15-19;263
Tungurahua;Santiago de Píllaro;De 20-24;272
Tungurahua;Santiago de Píllaro;De 25-29;235
Tungurahua;Santiago de Píllaro;De 30-34;268
Tungurahua;Santiago de Píllaro;De 35-39;219
Tungurahua;Santiago de Píllaro;De 40-44;223
Tungurahua;Santiago de Píllaro;De 45-49;173
Tungurahua;Santiago de Píllaro;De 50-54;162
Tungurahua;Santiago de Píllaro;De 55-59;164
Tungurahua;Santiago de Píllaro;De 60-64;138
Tungurahua;Santiago de Píllaro;De 65-69;115
Tungurahua;Santiago de Píllaro;De 70-74;106
Tungurahua;Santiago de Píllaro;De 75-79;77
Tungurahua;Santiago de Píllaro;De 80-84;61
Tungurahua;Santiago de Píllaro;85 o más;58
Tungurahua;Santiago de Píllaro;Total San Andrés;12.231
Tungurahua;Santiago de Píllaro;De 0-4;882
Tungurahua;Santiago de Píllaro;De 5-9;1.025
Tungurahua;Santiago de Píllaro;De 10-14;1.060
Tungurahua;Santiago de Píllaro;De 15-19;1.058
Tungurahua;Santiago de Píllaro;De 20-24;984
Tungurahua;Santiago de Píllaro;De 25-29;999
Tungurahua;Santiago de Píllaro;De 30-34;1.047
Tungurahua;Santiago de Píllaro;De 35-39;1.001
Tungurahua;Santiago de Píllaro;De 40-44;889
Tungurahua;Santiago de Píllaro;De 45-49;666
Tungurahua;Santiago de Píllaro;De 50-54;563
Tungurahua;Santiago de Píllaro;De 55-59;460
Tungurahua;Santiago de Píllaro;De 60-64;407
Tungurahua;Santiago de Píllaro;De 65-69;351
Tungurahua;Santiago de Píllaro;De 70-74;288
Tungurahua;Santiago de Píllaro;De 75-79;250
Tungurahua;Santiago de Píllaro;De 80-84;151
Tungurahua;Santiago de Píllaro;85 o más;150
Tungurahua;Santiago de Píllaro;Total San José de Poaló;1.807
Tungurahua;Santiago de Píllaro;De 0-4;92
Tungurahua;Santiago de Píllaro;De 5-9;108
Tungurahua;Santiago de Píllaro;De 10-14;148
Tungurahua;Santiago de Píllaro;De 15-19;139
Tungurahua;Santiago de Píllaro;De 20-24;125
Tungurahua;Santiago de Píllaro;De 25-29;115
Tungurahua;Santiago de Píllaro;De 30-34;119
Tungurahua;Santiago de Píllaro;De 35-39;113
Tungurahua;Santiago de Píllaro;De 40-44;97
Tungurahua;Santiago de Píllaro;De 45-49;120
Tungurahua;Santiago de Píllaro;De 50-54;128
Tungurahua;Santiago de Píllaro;De 55-59;120
Tungurahua;Santiago de Píllaro;De 60-64;110
Tungurahua;Santiago de Píllaro;De 65-69;72
Tungurahua;Santiago de Píllaro;De 70-74;68
Tungurahua;Santiago de Píllaro;De 75-79;50
Tungurahua;Santiago de Píllaro;De 80-84;45
Tungurahua;Santiago de Píllaro;85 o más;38
Tungurahua;Santiago de Píllaro;Total San Miguelito;5.146
Tungurahua;Santiago de Píllaro;De 0-4;324
Tungurahua;Santiago de Píllaro;De 5-9;351
Tungurahua;Santiago de Píllaro;De 10-14;429
Tungurahua;Santiago de Píllaro;De 15-19;416
Tungurahua;Santiago de Píllaro;De 20-24;412
Tungurahua;Santiago de Píllaro;De 25-29;349
Tungurahua;Santiago de Píllaro;De 30-34;338
Tungurahua;Santiago de Píllaro;De 35-39;328
Tungurahua;Santiago de Píllaro;De 40-44;351
Tungurahua;Santiago de Píllaro;De 45-49;318
Tungurahua;Santiago de Píllaro;De 50-54;298
Tungurahua;Santiago de Píllaro;De 55-59;250
Tungurahua;Santiago de Píllaro;De 60-64;222
Tungurahua;Santiago de Píllaro;De 65-69;193
Tungurahua;Santiago de Píllaro;De 70-74;188
Tungurahua;Santiago de Píllaro;De 75-79;154
Tungurahua;Santiago de Píllaro;De 80-84;124
Tungurahua;Santiago de Píllaro;85 o más;101
Tungurahua;Tisaleo;Total Tisaleo;13.910
Tungurahua;Tisaleo;De 0-4;910
Tungurahua;Tisaleo;De 5-9;1.036
Tungurahua;Tisaleo;De 10-14;1.173
Tungurahua;Tisaleo;De 15-19;1.197
Tungurahua;Tisaleo;De 20-24;1.081
Tungurahua;Tisaleo;De 25-29;1.104
Tungurahua;Tisaleo;De 30-34;1.005
Tungurahua;Tisaleo;De 35-39;998
Tungurahua;Tisaleo;De 40-44;999
Tungurahua;Tisaleo;De 45-49;824
Tungurahua;Tisaleo;De 50-54;717
Tungurahua;Tisaleo;De 55-59;675
Tungurahua;Tisaleo;De 60-64;567
Tungurahua;Tisaleo;De 65-69;499
Tungurahua;Tisaleo;De 70-74;395
Tungurahua;Tisaleo;De 75-79;257
Tungurahua;Tisaleo;De 80-84;245
Tungurahua;Tisaleo;85 o más;228
Tungurahua;Tisaleo;Total Tisaleo;12.676
Tungurahua;Tisaleo;De 0-4;851
Tungurahua;Tisaleo;De 5-9;964
Tungurahua;Tisaleo;De 10-14;1.097
Tungurahua;Tisaleo;De 15-19;1.127
Tungurahua;Tisaleo;De 20-24;1.000
Tungurahua;Tisaleo;De 25-29;1.006
Tungurahua;Tisaleo;De 30-34;913
Tungurahua;Tisaleo;De 35-39;922
Tungurahua;Tisaleo;De 40-44;918
Tungurahua;Tisaleo;De 45-49;746
Tungurahua;Tisaleo;De 50-54;648
Tungurahua;Tisaleo;De 55-59;591
Tungurahua;Tisaleo;De 60-64;493
Tungurahua;Tisaleo;De 65-69;429
Tungurahua;Tisaleo;De 70-74;346
Tungurahua;Tisaleo;De 75-79;219
Tungurahua;Tisaleo;De 80-84;209
Tungurahua;Tisaleo;85 o más;197
Tungurahua;Tisaleo;Total Quinchicoto;1.234
Tungurahua;Tisaleo;De 0-4;59
Tungurahua;Tisaleo;De 5-9;72
Tungurahua;Tisaleo;De 10-14;76
Tungurahua;Tisaleo;De 15-19;70
Tungurahua;Tisaleo;De 20-24;81
Tungurahua;Tisaleo;De 25-29;98
Tungurahua;Tisaleo;De 30-34;92
Tungurahua;Tisaleo;De 35-39;76
Tungurahua;Tisaleo;De 40-44;81
Tungurahua;Tisaleo;De 45-49;78
Tungurahua;Tisaleo;De 50-54;69
Tungurahua;Tisaleo;De 55-59;84
Tungurahua;Tisaleo;De 60-64;74
Tungurahua;Tisaleo;De 65-69;70
Tungurahua;Tisaleo;De 70-74;49
Tungurahua;Tisaleo;De 75-79;38
Tungurahua;Tisaleo;De 80-84;36
Tungurahua;Tisaleo;85 o más;31
Zamora Chinchipe;Total Zamora Chinchipe;Total Zamora Chinchipe;110.973
Zamora Chinchipe;Total Zamora Chinchipe;De 0-4;10.418
Zamora Chinchipe;Total Zamora Chinchipe;De 5-9;10.344
Zamora Chinchipe;Total Zamora Chinchipe;De 10-14;12.342
Zamora Chinchipe;Total Zamora Chinchipe;De 15-19;11.689
Zamora Chinchipe;Total Zamora Chinchipe;De 20-24;9.839
Zamora Chinchipe;Total Zamora Chinchipe;De 25-29;8.965
Zamora Chinchipe;Total Zamora Chinchipe;De 30-34;8.630
Zamora Chinchipe;Total Zamora Chinchipe;De 35-39;7.598
Zamora Chinchipe;Total Zamora Chinchipe;De 40-44;6.148
Zamora Chinchipe;Total Zamora Chinchipe;De 45-49;5.254
Zamora Chinchipe;Total Zamora Chinchipe;De 50-54;4.669
Zamora Chinchipe;Total Zamora Chinchipe;De 55-59;3.956
Zamora Chinchipe;Total Zamora Chinchipe;De 60-64;3.201
Zamora Chinchipe;Total Zamora Chinchipe;De 65-69;2.607
Zamora Chinchipe;Total Zamora Chinchipe;De 70-74;1.945
Zamora Chinchipe;Total Zamora Chinchipe;De 75-79;1.473
Zamora Chinchipe;Total Zamora Chinchipe;De 80-84;961
Zamora Chinchipe;Total Zamora Chinchipe;85 o más;934
Zamora Chinchipe;Zamora;Total Zamora;30.186
Zamora Chinchipe;Zamora;De 0-4;2.576
Zamora Chinchipe;Zamora;De 5-9;2.647
Zamora Chinchipe;Zamora;De 10-14;2.934
Zamora Chinchipe;Zamora;De 15-19;2.918
Zamora Chinchipe;Zamora;De 20-24;2.602
Zamora Chinchipe;Zamora;De 25-29;2.544
Zamora Chinchipe;Zamora;De 30-34;2.449
Zamora Chinchipe;Zamora;De 35-39;2.235
Zamora Chinchipe;Zamora;De 40-44;1.807
Zamora Chinchipe;Zamora;De 45-49;1.494
Zamora Chinchipe;Zamora;De 50-54;1.376
Zamora Chinchipe;Zamora;De 55-59;1.221
Zamora Chinchipe;Zamora;De 60-64;1.024
Zamora Chinchipe;Zamora;De 65-69;817
Zamora Chinchipe;Zamora;De 70-74;564
Zamora Chinchipe;Zamora;De 75-79;425
Zamora Chinchipe;Zamora;De 80-84;260
Zamora Chinchipe;Zamora;85 o más;293
Zamora Chinchipe;Zamora;Total Zamora;17.950
Zamora Chinchipe;Zamora;De 0-4;1.486
Zamora Chinchipe;Zamora;De 5-9;1.639
Zamora Chinchipe;Zamora;De 10-14;1.657
Zamora Chinchipe;Zamora;De 15-19;1.628
Zamora Chinchipe;Zamora;De 20-24;1.563
Zamora Chinchipe;Zamora;De 25-29;1.618
Zamora Chinchipe;Zamora;De 30-34;1.584
Zamora Chinchipe;Zamora;De 35-39;1.452
Zamora Chinchipe;Zamora;De 40-44;1.141
Zamora Chinchipe;Zamora;De 45-49;863
Zamora Chinchipe;Zamora;De 50-54;818
Zamora Chinchipe;Zamora;De 55-59;706
Zamora Chinchipe;Zamora;De 60-64;584
Zamora Chinchipe;Zamora;De 65-69;437
Zamora Chinchipe;Zamora;De 70-74;282
Zamora Chinchipe;Zamora;De 75-79;220
Zamora Chinchipe;Zamora;De 80-84;125
Zamora Chinchipe;Zamora;85 o más;147
Zamora Chinchipe;Zamora;Total Cumbaratza;3.617
Zamora Chinchipe;Zamora;De 0-4;316
Zamora Chinchipe;Zamora;De 5-9;263
Zamora Chinchipe;Zamora;De 10-14;352
Zamora Chinchipe;Zamora;De 15-19;385
Zamora Chinchipe;Zamora;De 20-24;299
Zamora Chinchipe;Zamora;De 25-29;272
Zamora Chinchipe;Zamora;De 30-34;267
Zamora Chinchipe;Zamora;De 35-39;238
Zamora Chinchipe;Zamora;De 40-44;215
Zamora Chinchipe;Zamora;De 45-49;191
Zamora Chinchipe;Zamora;De 50-54;168
Zamora Chinchipe;Zamora;De 55-59;172
Zamora Chinchipe;Zamora;De 60-64;110
Zamora Chinchipe;Zamora;De 65-69;114
Zamora Chinchipe;Zamora;De 70-74;86
Zamora Chinchipe;Zamora;De 75-79;71
Zamora Chinchipe;Zamora;De 80-84;48
Zamora Chinchipe;Zamora;85 o más;50
Zamora Chinchipe;Zamora;Total Guadalupe;3.477
Zamora Chinchipe;Zamora;De 0-4;316
Zamora Chinchipe;Zamora;De 5-9;311
Zamora Chinchipe;Zamora;De 10-14;359
Zamora Chinchipe;Zamora;De 15-19;383
Zamora Chinchipe;Zamora;De 20-24;308
Zamora Chinchipe;Zamora;De 25-29;270
Zamora Chinchipe;Zamora;De 30-34;238
Zamora Chinchipe;Zamora;De 35-39;238
Zamora Chinchipe;Zamora;De 40-44;181
Zamora Chinchipe;Zamora;De 45-49;184
Zamora Chinchipe;Zamora;De 50-54;128
Zamora Chinchipe;Zamora;De 55-59;132
Zamora Chinchipe;Zamora;De 60-64;120
Zamora Chinchipe;Zamora;De 65-69;95
Zamora Chinchipe;Zamora;De 70-74;76
Zamora Chinchipe;Zamora;De 75-79;56
Zamora Chinchipe;Zamora;De 80-84;40
Zamora Chinchipe;Zamora;85 o más;42
Zamora Chinchipe;Zamora;Total Imbana;874
Zamora Chinchipe;Zamora;De 0-4;79
Zamora Chinchipe;Zamora;De 5-9;73
Zamora Chinchipe;Zamora;De 10-14;124
Zamora Chinchipe;Zamora;De 15-19;85
Zamora Chinchipe;Zamora;De 20-24;57
Zamora Chinchipe;Zamora;De 25-29;52
Zamora Chinchipe;Zamora;De 30-34;60
Zamora Chinchipe;Zamora;De 35-39;35
Zamora Chinchipe;Zamora;De 40-44;38
Zamora Chinchipe;Zamora;De 45-49;48
Zamora Chinchipe;Zamora;De 50-54;46
Zamora Chinchipe;Zamora;De 55-59;33
Zamora Chinchipe;Zamora;De 60-64;37
Zamora Chinchipe;Zamora;De 65-69;33
Zamora Chinchipe;Zamora;De 70-74;31
Zamora Chinchipe;Zamora;De 75-79;19
Zamora Chinchipe;Zamora;De 80-84;10
Zamora Chinchipe;Zamora;85 o más;14
Zamora Chinchipe;Zamora;Total Sabanilla;621
Zamora Chinchipe;Zamora;De 0-4;63
Zamora Chinchipe;Zamora;De 5-9;54
Zamora Chinchipe;Zamora;De 10-14;73
Zamora Chinchipe;Zamora;De 15-19;78
Zamora Chinchipe;Zamora;De 20-24;63
Zamora Chinchipe;Zamora;De 25-29;37
Zamora Chinchipe;Zamora;De 30-34;45
Zamora Chinchipe;Zamora;De 35-39;32
Zamora Chinchipe;Zamora;De 40-44;34
Zamora Chinchipe;Zamora;De 45-49;28
Zamora Chinchipe;Zamora;De 50-54;24
Zamora Chinchipe;Zamora;De 55-59;19
Zamora Chinchipe;Zamora;De 60-64;20
Zamora Chinchipe;Zamora;De 65-69;16
Zamora Chinchipe;Zamora;De 70-74;12
Zamora Chinchipe;Zamora;De 75-79;10
Zamora Chinchipe;Zamora;De 80-84;6
Zamora Chinchipe;Zamora;85 o más;7
Zamora Chinchipe;Zamora;Total Timbara;1.705
Zamora Chinchipe;Zamora;De 0-4;159
Zamora Chinchipe;Zamora;De 5-9;149
Zamora Chinchipe;Zamora;De 10-14;179
Zamora Chinchipe;Zamora;De 15-19;159
Zamora Chinchipe;Zamora;De 20-24;137
Zamora Chinchipe;Zamora;De 25-29;133
Zamora Chinchipe;Zamora;De 30-34;109
Zamora Chinchipe;Zamora;De 35-39;96
Zamora Chinchipe;Zamora;De 40-44;102
Zamora Chinchipe;Zamora;De 45-49;100
Zamora Chinchipe;Zamora;De 50-54;80
Zamora Chinchipe;Zamora;De 55-59;61
Zamora Chinchipe;Zamora;De 60-64;77
Zamora Chinchipe;Zamora;De 65-69;59
Zamora Chinchipe;Zamora;De 70-74;43
Zamora Chinchipe;Zamora;De 75-79;24
Zamora Chinchipe;Zamora;De 80-84;21
Zamora Chinchipe;Zamora;85 o más;17
Zamora Chinchipe;Zamora;Total San Carlos de las Minas;1.942
Zamora Chinchipe;Zamora;De 0-4;157
Zamora Chinchipe;Zamora;De 5-9;158
Zamora Chinchipe;Zamora;De 10-14;190
Zamora Chinchipe;Zamora;De 15-19;200
Zamora Chinchipe;Zamora;De 20-24;175
Zamora Chinchipe;Zamora;De 25-29;162
Zamora Chinchipe;Zamora;De 30-34;146
Zamora Chinchipe;Zamora;De 35-39;144
Zamora Chinchipe;Zamora;De 40-44;96
Zamora Chinchipe;Zamora;De 45-49;80
Zamora Chinchipe;Zamora;De 50-54;112
Zamora Chinchipe;Zamora;De 55-59;98
Zamora Chinchipe;Zamora;De 60-64;76
Zamora Chinchipe;Zamora;De 65-69;63
Zamora Chinchipe;Zamora;De 70-74;34
Zamora Chinchipe;Zamora;De 75-79;25
Zamora Chinchipe;Zamora;De 80-84;10
Zamora Chinchipe;Zamora;85 o más;16
Zamora Chinchipe;Chinchipe;Total Chinchipe;10.337
Zamora Chinchipe;Chinchipe;De 0-4;896
Zamora Chinchipe;Chinchipe;De 5-9;905
Zamora Chinchipe;Chinchipe;De 10-14;1.209
Zamora Chinchipe;Chinchipe;De 15-19;1.030
Zamora Chinchipe;Chinchipe;De 20-24;878
Zamora Chinchipe;Chinchipe;De 25-29;802
Zamora Chinchipe;Chinchipe;De 30-34;781
Zamora Chinchipe;Chinchipe;De 35-39;681
Zamora Chinchipe;Chinchipe;De 40-44;564
Zamora Chinchipe;Chinchipe;De 45-49;531
Zamora Chinchipe;Chinchipe;De 50-54;414
Zamora Chinchipe;Chinchipe;De 55-59;417
Zamora Chinchipe;Chinchipe;De 60-64;334
Zamora Chinchipe;Chinchipe;De 65-69;250
Zamora Chinchipe;Chinchipe;De 70-74;222
Zamora Chinchipe;Chinchipe;De 75-79;172
Zamora Chinchipe;Chinchipe;De 80-84;131
Zamora Chinchipe;Chinchipe;85 o más;120
Zamora Chinchipe;Chinchipe;Total Zumba;7.984
Zamora Chinchipe;Chinchipe;De 0-4;676
Zamora Chinchipe;Chinchipe;De 5-9;693
Zamora Chinchipe;Chinchipe;De 10-14;907
Zamora Chinchipe;Chinchipe;De 15-19;815
Zamora Chinchipe;Chinchipe;De 20-24;680
Zamora Chinchipe;Chinchipe;De 25-29;616
Zamora Chinchipe;Chinchipe;De 30-34;621
Zamora Chinchipe;Chinchipe;De 35-39;534
Zamora Chinchipe;Chinchipe;De 40-44;440
Zamora Chinchipe;Chinchipe;De 45-49;420
Zamora Chinchipe;Chinchipe;De 50-54;300
Zamora Chinchipe;Chinchipe;De 55-59;325
Zamora Chinchipe;Chinchipe;De 60-64;264
Zamora Chinchipe;Chinchipe;De 65-69;190
Zamora Chinchipe;Chinchipe;De 70-74;170
Zamora Chinchipe;Chinchipe;De 75-79;139
Zamora Chinchipe;Chinchipe;De 80-84;100
Zamora Chinchipe;Chinchipe;85 o más;94
Zamora Chinchipe;Chinchipe;Total Chito;1.499
Zamora Chinchipe;Chinchipe;De 0-4;167
Zamora Chinchipe;Chinchipe;De 5-9;145
Zamora Chinchipe;Chinchipe;De 10-14;219
Zamora Chinchipe;Chinchipe;De 15-19;136
Zamora Chinchipe;Chinchipe;De 20-24;131
Zamora Chinchipe;Chinchipe;De 25-29;117
Zamora Chinchipe;Chinchipe;De 30-34;101
Zamora Chinchipe;Chinchipe;De 35-39;96
Zamora Chinchipe;Chinchipe;De 40-44;82
Zamora Chinchipe;Chinchipe;De 45-49;69
Zamora Chinchipe;Chinchipe;De 50-54;61
Zamora Chinchipe;Chinchipe;De 55-59;54
Zamora Chinchipe;Chinchipe;De 60-64;33
Zamora Chinchipe;Chinchipe;De 65-69;27
Zamora Chinchipe;Chinchipe;De 70-74;23
Zamora Chinchipe;Chinchipe;De 75-79;14
Zamora Chinchipe;Chinchipe;De 80-84;15
Zamora Chinchipe;Chinchipe;85 o más;9
Zamora Chinchipe;Chinchipe;Total El Chorro;152
Zamora Chinchipe;Chinchipe;De 0-4;4
Zamora Chinchipe;Chinchipe;De 5-9;4
Zamora Chinchipe;Chinchipe;De 10-14;13
Zamora Chinchipe;Chinchipe;De 15-19;17
Zamora Chinchipe;Chinchipe;De 20-24;9
Zamora Chinchipe;Chinchipe;De 25-29;12
Zamora Chinchipe;Chinchipe;De 30-34;15
Zamora Chinchipe;Chinchipe;De 35-39;3
Zamora Chinchipe;Chinchipe;De 40-44;4
Zamora Chinchipe;Chinchipe;De 45-49;9
Zamora Chinchipe;Chinchipe;De 50-54;11
Zamora Chinchipe;Chinchipe;De 55-59;13
Zamora Chinchipe;Chinchipe;De 60-64;7
Zamora Chinchipe;Chinchipe;De 65-69;4
Zamora Chinchipe;Chinchipe;De 70-74;12
Zamora Chinchipe;Chinchipe;De 75-79;6
Zamora Chinchipe;Chinchipe;De 80-84;4
Zamora Chinchipe;Chinchipe;85 o más;5
Zamora Chinchipe;Chinchipe;Total La Chonta;241
Zamora Chinchipe;Chinchipe;De 0-4;17
Zamora Chinchipe;Chinchipe;De 5-9;24
Zamora Chinchipe;Chinchipe;De 10-14;25
Zamora Chinchipe;Chinchipe;De 15-19;16
Zamora Chinchipe;Chinchipe;De 20-24;13
Zamora Chinchipe;Chinchipe;De 25-29;25
Zamora Chinchipe;Chinchipe;De 30-34;13
Zamora Chinchipe;Chinchipe;De 35-39;17
Zamora Chinchipe;Chinchipe;De 40-44;10
Zamora Chinchipe;Chinchipe;De 45-49;11
Zamora Chinchipe;Chinchipe;De 50-54;15
Zamora Chinchipe;Chinchipe;De 55-59;8
Zamora Chinchipe;Chinchipe;De 60-64;14
Zamora Chinchipe;Chinchipe;De 65-69;11
Zamora Chinchipe;Chinchipe;De 70-74;7
Zamora Chinchipe;Chinchipe;De 75-79;6
Zamora Chinchipe;Chinchipe;De 80-84;3
Zamora Chinchipe;Chinchipe;85 o más;6
Zamora Chinchipe;Chinchipe;Total Pucapamba;104
Zamora Chinchipe;Chinchipe;De 0-4;7
Zamora Chinchipe;Chinchipe;De 5-9;7
Zamora Chinchipe;Chinchipe;De 10-14;8
Zamora Chinchipe;Chinchipe;De 15-19;9
Zamora Chinchipe;Chinchipe;De 20-24;16
Zamora Chinchipe;Chinchipe;De 25-29;5
Zamora Chinchipe;Chinchipe;De 30-34;5
Zamora Chinchipe;Chinchipe;De 35-39;6
Zamora Chinchipe;Chinchipe;De 40-44;6
Zamora Chinchipe;Chinchipe;De 45-49;3
Zamora Chinchipe;Chinchipe;De 50-54;5
Zamora Chinchipe;Chinchipe;De 55-59;4
Zamora Chinchipe;Chinchipe;De 60-64;5
Zamora Chinchipe;Chinchipe;De 65-69;7
Zamora Chinchipe;Chinchipe;De 70-74;5
Zamora Chinchipe;Chinchipe;De 75-79;3
Zamora Chinchipe;Chinchipe;De 80-84;2
Zamora Chinchipe;Chinchipe;85 o más;1
Zamora Chinchipe;Chinchipe;Total San Andrés;357
Zamora Chinchipe;Chinchipe;De 0-4;25
Zamora Chinchipe;Chinchipe;De 5-9;32
Zamora Chinchipe;Chinchipe;De 10-14;37
Zamora Chinchipe;Chinchipe;De 15-19;37
Zamora Chinchipe;Chinchipe;De 20-24;29
Zamora Chinchipe;Chinchipe;De 25-29;27
Zamora Chinchipe;Chinchipe;De 30-34;26
Zamora Chinchipe;Chinchipe;De 35-39;25
Zamora Chinchipe;Chinchipe;De 40-44;22
Zamora Chinchipe;Chinchipe;De 45-49;19
Zamora Chinchipe;Chinchipe;De 50-54;22
Zamora Chinchipe;Chinchipe;De 55-59;13
Zamora Chinchipe;Chinchipe;De 60-64;11
Zamora Chinchipe;Chinchipe;De 65-69;11
Zamora Chinchipe;Chinchipe;De 70-74;5
Zamora Chinchipe;Chinchipe;De 75-79;4
Zamora Chinchipe;Chinchipe;De 80-84;7
Zamora Chinchipe;Chinchipe;85 o más;5
Zamora Chinchipe;Nangaritza;Total Nangaritza;6.429
Zamora Chinchipe;Nangaritza;De 0-4;732
Zamora Chinchipe;Nangaritza;De 5-9;692
Zamora Chinchipe;Nangaritza;De 10-14;799
Zamora Chinchipe;Nangaritza;De 15-19;748
Zamora Chinchipe;Nangaritza;De 20-24;618
Zamora Chinchipe;Nangaritza;De 25-29;460
Zamora Chinchipe;Nangaritza;De 30-34;474
Zamora Chinchipe;Nangaritza;De 35-39;369
Zamora Chinchipe;Nangaritza;De 40-44;319
Zamora Chinchipe;Nangaritza;De 45-49;284
Zamora Chinchipe;Nangaritza;De 50-54;233
Zamora Chinchipe;Nangaritza;De 55-59;187
Zamora Chinchipe;Nangaritza;De 60-64;143
Zamora Chinchipe;Nangaritza;De 65-69;117
Zamora Chinchipe;Nangaritza;De 70-74;107
Zamora Chinchipe;Nangaritza;De 75-79;59
Zamora Chinchipe;Nangaritza;De 80-84;50
Zamora Chinchipe;Nangaritza;85 o más;38
Zamora Chinchipe;Nangaritza;Total Guayzimi;3.158
Zamora Chinchipe;Nangaritza;De 0-4;325
Zamora Chinchipe;Nangaritza;De 5-9;320
Zamora Chinchipe;Nangaritza;De 10-14;361
Zamora Chinchipe;Nangaritza;De 15-19;344
Zamora Chinchipe;Nangaritza;De 20-24;312
Zamora Chinchipe;Nangaritza;De 25-29;229
Zamora Chinchipe;Nangaritza;De 30-34;248
Zamora Chinchipe;Nangaritza;De 35-39;179
Zamora Chinchipe;Nangaritza;De 40-44;168
Zamora Chinchipe;Nangaritza;De 45-49;170
Zamora Chinchipe;Nangaritza;De 50-54;118
Zamora Chinchipe;Nangaritza;De 55-59;96
Zamora Chinchipe;Nangaritza;De 60-64;81
Zamora Chinchipe;Nangaritza;De 65-69;59
Zamora Chinchipe;Nangaritza;De 70-74;58
Zamora Chinchipe;Nangaritza;De 75-79;35
Zamora Chinchipe;Nangaritza;De 80-84;33
Zamora Chinchipe;Nangaritza;85 o más;22
Zamora Chinchipe;Nangaritza;Total Zurmi;1.915
Zamora Chinchipe;Nangaritza;De 0-4;214
Zamora Chinchipe;Nangaritza;De 5-9;187
Zamora Chinchipe;Nangaritza;De 10-14;247
Zamora Chinchipe;Nangaritza;De 15-19;226
Zamora Chinchipe;Nangaritza;De 20-24;185
Zamora Chinchipe;Nangaritza;De 25-29;132
Zamora Chinchipe;Nangaritza;De 30-34;134
Zamora Chinchipe;Nangaritza;De 35-39;118
Zamora Chinchipe;Nangaritza;De 40-44;90
Zamora Chinchipe;Nangaritza;De 45-49;73
Zamora Chinchipe;Nangaritza;De 50-54;71
Zamora Chinchipe;Nangaritza;De 55-59;66
Zamora Chinchipe;Nangaritza;De 60-64;43
Zamora Chinchipe;Nangaritza;De 65-69;42
Zamora Chinchipe;Nangaritza;De 70-74;38
Zamora Chinchipe;Nangaritza;De 75-79;20
Zamora Chinchipe;Nangaritza;De 80-84;15
Zamora Chinchipe;Nangaritza;85 o más;14
Zamora Chinchipe;Nangaritza;Total Nuevo Paraíso;801
Zamora Chinchipe;Nangaritza;De 0-4;111
Zamora Chinchipe;Nangaritza;De 5-9;125
Zamora Chinchipe;Nangaritza;De 10-14;119
Zamora Chinchipe;Nangaritza;De 15-19;105
Zamora Chinchipe;Nangaritza;De 20-24;56
Zamora Chinchipe;Nangaritza;De 25-29;49
Zamora Chinchipe;Nangaritza;De 30-34;54
Zamora Chinchipe;Nangaritza;De 35-39;44
Zamora Chinchipe;Nangaritza;De 40-44;39
Zamora Chinchipe;Nangaritza;De 45-49;25
Zamora Chinchipe;Nangaritza;De 50-54;29
Zamora Chinchipe;Nangaritza;De 55-59;12
Zamora Chinchipe;Nangaritza;De 60-64;11
Zamora Chinchipe;Nangaritza;De 65-69;10
Zamora Chinchipe;Nangaritza;De 70-74;8
Zamora Chinchipe;Nangaritza;De 75-79;3
Zamora Chinchipe;Nangaritza;De 80-84;
Zamora Chinchipe;Nangaritza;85 o más;1
Zamora Chinchipe;Nangaritza;Total Nankais;555
Zamora Chinchipe;Nangaritza;De 0-4;82
Zamora Chinchipe;Nangaritza;De 5-9;60
Zamora Chinchipe;Nangaritza;De 10-14;72
Zamora Chinchipe;Nangaritza;De 15-19;73
Zamora Chinchipe;Nangaritza;De 20-24;65
Zamora Chinchipe;Nangaritza;De 25-29;50
Zamora Chinchipe;Nangaritza;De 30-34;38
Zamora Chinchipe;Nangaritza;De 35-39;28
Zamora Chinchipe;Nangaritza;De 40-44;22
Zamora Chinchipe;Nangaritza;De 45-49;16
Zamora Chinchipe;Nangaritza;De 50-54;15
Zamora Chinchipe;Nangaritza;De 55-59;13
Zamora Chinchipe;Nangaritza;De 60-64;8
Zamora Chinchipe;Nangaritza;De 65-69;6
Zamora Chinchipe;Nangaritza;De 70-74;3
Zamora Chinchipe;Nangaritza;De 75-79;1
Zamora Chinchipe;Nangaritza;De 80-84;2
Zamora Chinchipe;Nangaritza;85 o más;1
Zamora Chinchipe;Yacuambi;Total Yacuambi;6.391
Zamora Chinchipe;Yacuambi;De 0-4;669
Zamora Chinchipe;Yacuambi;De 5-9;631
Zamora Chinchipe;Yacuambi;De 10-14;771
Zamora Chinchipe;Yacuambi;De 15-19;722
Zamora Chinchipe;Yacuambi;De 20-24;560
Zamora Chinchipe;Yacuambi;De 25-29;478
Zamora Chinchipe;Yacuambi;De 30-34;443
Zamora Chinchipe;Yacuambi;De 35-39;388
Zamora Chinchipe;Yacuambi;De 40-44;322
Zamora Chinchipe;Yacuambi;De 45-49;290
Zamora Chinchipe;Yacuambi;De 50-54;302
Zamora Chinchipe;Yacuambi;De 55-59;246
Zamora Chinchipe;Yacuambi;De 60-64;176
Zamora Chinchipe;Yacuambi;De 65-69;128
Zamora Chinchipe;Yacuambi;De 70-74;109
Zamora Chinchipe;Yacuambi;De 75-79;71
Zamora Chinchipe;Yacuambi;De 80-84;47
Zamora Chinchipe;Yacuambi;85 o más;38
Zamora Chinchipe;Yacuambi;Total 28 de Mayo;2.979
Zamora Chinchipe;Yacuambi;De 0-4;288
Zamora Chinchipe;Yacuambi;De 5-9;318
Zamora Chinchipe;Yacuambi;De 10-14;366
Zamora Chinchipe;Yacuambi;De 15-19;333
Zamora Chinchipe;Yacuambi;De 20-24;248
Zamora Chinchipe;Yacuambi;De 25-29;209
Zamora Chinchipe;Yacuambi;De 30-34;228
Zamora Chinchipe;Yacuambi;De 35-39;188
Zamora Chinchipe;Yacuambi;De 40-44;149
Zamora Chinchipe;Yacuambi;De 45-49;141
Zamora Chinchipe;Yacuambi;De 50-54;145
Zamora Chinchipe;Yacuambi;De 55-59;118
Zamora Chinchipe;Yacuambi;De 60-64;82
Zamora Chinchipe;Yacuambi;De 65-69;61
Zamora Chinchipe;Yacuambi;De 70-74;37
Zamora Chinchipe;Yacuambi;De 75-79;31
Zamora Chinchipe;Yacuambi;De 80-84;15
Zamora Chinchipe;Yacuambi;85 o más;22
Zamora Chinchipe;Yacuambi;Total La Paz;2.230
Zamora Chinchipe;Yacuambi;De 0-4;257
Zamora Chinchipe;Yacuambi;De 5-9;203
Zamora Chinchipe;Yacuambi;De 10-14;282
Zamora Chinchipe;Yacuambi;De 15-19;249
Zamora Chinchipe;Yacuambi;De 20-24;217
Zamora Chinchipe;Yacuambi;De 25-29;188
Zamora Chinchipe;Yacuambi;De 30-34;144
Zamora Chinchipe;Yacuambi;De 35-39;133
Zamora Chinchipe;Yacuambi;De 40-44;107
Zamora Chinchipe;Yacuambi;De 45-49;94
Zamora Chinchipe;Yacuambi;De 50-54;87
Zamora Chinchipe;Yacuambi;De 55-59;71
Zamora Chinchipe;Yacuambi;De 60-64;60
Zamora Chinchipe;Yacuambi;De 65-69;40
Zamora Chinchipe;Yacuambi;De 70-74;48
Zamora Chinchipe;Yacuambi;De 75-79;26
Zamora Chinchipe;Yacuambi;De 80-84;15
Zamora Chinchipe;Yacuambi;85 o más;9
Zamora Chinchipe;Yacuambi;Total Tutupali;1.182
Zamora Chinchipe;Yacuambi;De 0-4;124
Zamora Chinchipe;Yacuambi;De 5-9;110
Zamora Chinchipe;Yacuambi;De 10-14;123
Zamora Chinchipe;Yacuambi;De 15-19;140
Zamora Chinchipe;Yacuambi;De 20-24;95
Zamora Chinchipe;Yacuambi;De 25-29;81
Zamora Chinchipe;Yacuambi;De 30-34;71
Zamora Chinchipe;Yacuambi;De 35-39;67
Zamora Chinchipe;Yacuambi;De 40-44;66
Zamora Chinchipe;Yacuambi;De 45-49;55
Zamora Chinchipe;Yacuambi;De 50-54;70
Zamora Chinchipe;Yacuambi;De 55-59;57
Zamora Chinchipe;Yacuambi;De 60-64;34
Zamora Chinchipe;Yacuambi;De 65-69;27
Zamora Chinchipe;Yacuambi;De 70-74;24
Zamora Chinchipe;Yacuambi;De 75-79;14
Zamora Chinchipe;Yacuambi;De 80-84;17
Zamora Chinchipe;Yacuambi;85 o más;7
Zamora Chinchipe;Yantzaza;Total Yantzaza;23.370
Zamora Chinchipe;Yantzaza;De 0-4;2.227
Zamora Chinchipe;Yantzaza;De 5-9;2.212
Zamora Chinchipe;Yantzaza;De 10-14;2.665
Zamora Chinchipe;Yantzaza;De 15-19;2.443
Zamora Chinchipe;Yantzaza;De 20-24;2.114
Zamora Chinchipe;Yantzaza;De 25-29;1.890
Zamora Chinchipe;Yantzaza;De 30-34;1.887
Zamora Chinchipe;Yantzaza;De 35-39;1.617
Zamora Chinchipe;Yantzaza;De 40-44;1.307
Zamora Chinchipe;Yantzaza;De 45-49;1.081
Zamora Chinchipe;Yantzaza;De 50-54;973
Zamora Chinchipe;Yantzaza;De 55-59;787
Zamora Chinchipe;Yantzaza;De 60-64;596
Zamora Chinchipe;Yantzaza;De 65-69;533
Zamora Chinchipe;Yantzaza;De 70-74;393
Zamora Chinchipe;Yantzaza;De 75-79;291
Zamora Chinchipe;Yantzaza;De 80-84;184
Zamora Chinchipe;Yantzaza;85 o más;170
Zamora Chinchipe;Yantzaza;Total Yantzaza;16.375
Zamora Chinchipe;Yantzaza;De 0-4;1.576
Zamora Chinchipe;Yantzaza;De 5-9;1.574
Zamora Chinchipe;Yantzaza;De 10-14;1.833
Zamora Chinchipe;Yantzaza;De 15-19;1.612
Zamora Chinchipe;Yantzaza;De 20-24;1.432
Zamora Chinchipe;Yantzaza;De 25-29;1.368
Zamora Chinchipe;Yantzaza;De 30-34;1.402
Zamora Chinchipe;Yantzaza;De 35-39;1.201
Zamora Chinchipe;Yantzaza;De 40-44;931
Zamora Chinchipe;Yantzaza;De 45-49;733
Zamora Chinchipe;Yantzaza;De 50-54;695
Zamora Chinchipe;Yantzaza;De 55-59;576
Zamora Chinchipe;Yantzaza;De 60-64;402
Zamora Chinchipe;Yantzaza;De 65-69;363
Zamora Chinchipe;Yantzaza;De 70-74;245
Zamora Chinchipe;Yantzaza;De 75-79;184
Zamora Chinchipe;Yantzaza;De 80-84;120
Zamora Chinchipe;Yantzaza;85 o más;128
Zamora Chinchipe;Yantzaza;Total Chicaña;2.863
Zamora Chinchipe;Yantzaza;De 0-4;267
Zamora Chinchipe;Yantzaza;De 5-9;272
Zamora Chinchipe;Yantzaza;De 10-14;343
Zamora Chinchipe;Yantzaza;De 15-19;379
Zamora Chinchipe;Yantzaza;De 20-24;242
Zamora Chinchipe;Yantzaza;De 25-29;207
Zamora Chinchipe;Yantzaza;De 30-34;182
Zamora Chinchipe;Yantzaza;De 35-39;174
Zamora Chinchipe;Yantzaza;De 40-44;138
Zamora Chinchipe;Yantzaza;De 45-49;153
Zamora Chinchipe;Yantzaza;De 50-54;110
Zamora Chinchipe;Yantzaza;De 55-59;87
Zamora Chinchipe;Yantzaza;De 60-64;81
Zamora Chinchipe;Yantzaza;De 65-69;72
Zamora Chinchipe;Yantzaza;De 70-74;64
Zamora Chinchipe;Yantzaza;De 75-79;52
Zamora Chinchipe;Yantzaza;De 80-84;26
Zamora Chinchipe;Yantzaza;85 o más;14
Zamora Chinchipe;Yantzaza;Total Los Encuentros;4.132
Zamora Chinchipe;Yantzaza;De 0-4;384
Zamora Chinchipe;Yantzaza;De 5-9;366
Zamora Chinchipe;Yantzaza;De 10-14;489
Zamora Chinchipe;Yantzaza;De 15-19;452
Zamora Chinchipe;Yantzaza;De 20-24;440
Zamora Chinchipe;Yantzaza;De 25-29;315
Zamora Chinchipe;Yantzaza;De 30-34;303
Zamora Chinchipe;Yantzaza;De 35-39;242
Zamora Chinchipe;Yantzaza;De 40-44;238
Zamora Chinchipe;Yantzaza;De 45-49;195
Zamora Chinchipe;Yantzaza;De 50-54;168
Zamora Chinchipe;Yantzaza;De 55-59;124
Zamora Chinchipe;Yantzaza;De 60-64;113
Zamora Chinchipe;Yantzaza;De 65-69;98
Zamora Chinchipe;Yantzaza;De 70-74;84
Zamora Chinchipe;Yantzaza;De 75-79;55
Zamora Chinchipe;Yantzaza;De 80-84;38
Zamora Chinchipe;Yantzaza;85 o más;28
Zamora Chinchipe;El Pangui;Total El Pangui;12.768
Zamora Chinchipe;El Pangui;De 0-4;1.318
Zamora Chinchipe;El Pangui;De 5-9;1.324
Zamora Chinchipe;El Pangui;De 10-14;1.498
Zamora Chinchipe;El Pangui;De 15-19;1.391
Zamora Chinchipe;El Pangui;De 20-24;1.185
Zamora Chinchipe;El Pangui;De 25-29;1.086
Zamora Chinchipe;El Pangui;De 30-34;968
Zamora Chinchipe;El Pangui;De 35-39;860
Zamora Chinchipe;El Pangui;De 40-44;655
Zamora Chinchipe;El Pangui;De 45-49;538
Zamora Chinchipe;El Pangui;De 50-54;498
Zamora Chinchipe;El Pangui;De 55-59;381
Zamora Chinchipe;El Pangui;De 60-64;316
Zamora Chinchipe;El Pangui;De 65-69;266
Zamora Chinchipe;El Pangui;De 70-74;162
Zamora Chinchipe;El Pangui;De 75-79;128
Zamora Chinchipe;El Pangui;De 80-84;83
Zamora Chinchipe;El Pangui;85 o más;111
Zamora Chinchipe;El Pangui;Total El Pangui;8.336
Zamora Chinchipe;El Pangui;De 0-4;873
Zamora Chinchipe;El Pangui;De 5-9;898
Zamora Chinchipe;El Pangui;De 10-14;970
Zamora Chinchipe;El Pangui;De 15-19;885
Zamora Chinchipe;El Pangui;De 20-24;781
Zamora Chinchipe;El Pangui;De 25-29;740
Zamora Chinchipe;El Pangui;De 30-34;656
Zamora Chinchipe;El Pangui;De 35-39;582
Zamora Chinchipe;El Pangui;De 40-44;416
Zamora Chinchipe;El Pangui;De 45-49;352
Zamora Chinchipe;El Pangui;De 50-54;315
Zamora Chinchipe;El Pangui;De 55-59;233
Zamora Chinchipe;El Pangui;De 60-64;186
Zamora Chinchipe;El Pangui;De 65-69;163
Zamora Chinchipe;El Pangui;De 70-74;95
Zamora Chinchipe;El Pangui;De 75-79;77
Zamora Chinchipe;El Pangui;De 80-84;44
Zamora Chinchipe;El Pangui;85 o más;70
Zamora Chinchipe;El Pangui;Total El Guisme;1.621
Zamora Chinchipe;El Pangui;De 0-4;153
Zamora Chinchipe;El Pangui;De 5-9;171
Zamora Chinchipe;El Pangui;De 10-14;199
Zamora Chinchipe;El Pangui;De 15-19;186
Zamora Chinchipe;El Pangui;De 20-24;144
Zamora Chinchipe;El Pangui;De 25-29;122
Zamora Chinchipe;El Pangui;De 30-34;107
Zamora Chinchipe;El Pangui;De 35-39;103
Zamora Chinchipe;El Pangui;De 40-44;94
Zamora Chinchipe;El Pangui;De 45-49;72
Zamora Chinchipe;El Pangui;De 50-54;52
Zamora Chinchipe;El Pangui;De 55-59;50
Zamora Chinchipe;El Pangui;De 60-64;43
Zamora Chinchipe;El Pangui;De 65-69;39
Zamora Chinchipe;El Pangui;De 70-74;34
Zamora Chinchipe;El Pangui;De 75-79;18
Zamora Chinchipe;El Pangui;De 80-84;11
Zamora Chinchipe;El Pangui;85 o más;23
Zamora Chinchipe;El Pangui;Total Pachicutza;1.724
Zamora Chinchipe;El Pangui;De 0-4;162
Zamora Chinchipe;El Pangui;De 5-9;145
Zamora Chinchipe;El Pangui;De 10-14;210
Zamora Chinchipe;El Pangui;De 15-19;201
Zamora Chinchipe;El Pangui;De 20-24;154
Zamora Chinchipe;El Pangui;De 25-29;143
Zamora Chinchipe;El Pangui;De 30-34;126
Zamora Chinchipe;El Pangui;De 35-39;97
Zamora Chinchipe;El Pangui;De 40-44;80
Zamora Chinchipe;El Pangui;De 45-49;67
Zamora Chinchipe;El Pangui;De 50-54;76
Zamora Chinchipe;El Pangui;De 55-59;65
Zamora Chinchipe;El Pangui;De 60-64;66
Zamora Chinchipe;El Pangui;De 65-69;48
Zamora Chinchipe;El Pangui;De 70-74;26
Zamora Chinchipe;El Pangui;De 75-79;25
Zamora Chinchipe;El Pangui;De 80-84;20
Zamora Chinchipe;El Pangui;85 o más;13
Zamora Chinchipe;El Pangui;Total Tundayme;1.087
Zamora Chinchipe;El Pangui;De 0-4;130
Zamora Chinchipe;El Pangui;De 5-9;110
Zamora Chinchipe;El Pangui;De 10-14;119
Zamora Chinchipe;El Pangui;De 15-19;119
Zamora Chinchipe;El Pangui;De 20-24;106
Zamora Chinchipe;El Pangui;De 25-29;81
Zamora Chinchipe;El Pangui;De 30-34;79
Zamora Chinchipe;El Pangui;De 35-39;78
Zamora Chinchipe;El Pangui;De 40-44;65
Zamora Chinchipe;El Pangui;De 45-49;47
Zamora Chinchipe;El Pangui;De 50-54;55
Zamora Chinchipe;El Pangui;De 55-59;33
Zamora Chinchipe;El Pangui;De 60-64;21
Zamora Chinchipe;El Pangui;De 65-69;16
Zamora Chinchipe;El Pangui;De 70-74;7
Zamora Chinchipe;El Pangui;De 75-79;8
Zamora Chinchipe;El Pangui;De 80-84;8
Zamora Chinchipe;El Pangui;85 o más;5
Zamora Chinchipe;Centinela del Cóndor;Total Centinela del Cóndor;7.882
Zamora Chinchipe;Centinela del Cóndor;De 0-4;715
Zamora Chinchipe;Centinela del Cóndor;De 5-9;665
Zamora Chinchipe;Centinela del Cóndor;De 10-14;856
Zamora Chinchipe;Centinela del Cóndor;De 15-19;853
Zamora Chinchipe;Centinela del Cóndor;De 20-24;666
Zamora Chinchipe;Centinela del Cóndor;De 25-29;619
Zamora Chinchipe;Centinela del Cóndor;De 30-34;632
Zamora Chinchipe;Centinela del Cóndor;De 35-39;537
Zamora Chinchipe;Centinela del Cóndor;De 40-44;439
Zamora Chinchipe;Centinela del Cóndor;De 45-49;410
Zamora Chinchipe;Centinela del Cóndor;De 50-54;317
Zamora Chinchipe;Centinela del Cóndor;De 55-59;264
Zamora Chinchipe;Centinela del Cóndor;De 60-64;227
Zamora Chinchipe;Centinela del Cóndor;De 65-69;210
Zamora Chinchipe;Centinela del Cóndor;De 70-74;166
Zamora Chinchipe;Centinela del Cóndor;De 75-79;135
Zamora Chinchipe;Centinela del Cóndor;De 80-84;91
Zamora Chinchipe;Centinela del Cóndor;85 o más;80
Zamora Chinchipe;Centinela del Cóndor;Total Zumbi;5.192
Zamora Chinchipe;Centinela del Cóndor;De 0-4;465
Zamora Chinchipe;Centinela del Cóndor;De 5-9;453
Zamora Chinchipe;Centinela del Cóndor;De 10-14;520
Zamora Chinchipe;Centinela del Cóndor;De 15-19;536
Zamora Chinchipe;Centinela del Cóndor;De 20-24;434
Zamora Chinchipe;Centinela del Cóndor;De 25-29;424
Zamora Chinchipe;Centinela del Cóndor;De 30-34;424
Zamora Chinchipe;Centinela del Cóndor;De 35-39;376
Zamora Chinchipe;Centinela del Cóndor;De 40-44;294
Zamora Chinchipe;Centinela del Cóndor;De 45-49;260
Zamora Chinchipe;Centinela del Cóndor;De 50-54;225
Zamora Chinchipe;Centinela del Cóndor;De 55-59;174
Zamora Chinchipe;Centinela del Cóndor;De 60-64;143
Zamora Chinchipe;Centinela del Cóndor;De 65-69;136
Zamora Chinchipe;Centinela del Cóndor;De 70-74;115
Zamora Chinchipe;Centinela del Cóndor;De 75-79;86
Zamora Chinchipe;Centinela del Cóndor;De 80-84;63
Zamora Chinchipe;Centinela del Cóndor;85 o más;64
Zamora Chinchipe;Centinela del Cóndor;Total Triunfo Dorado;986
Zamora Chinchipe;Centinela del Cóndor;De 0-4;91
Zamora Chinchipe;Centinela del Cóndor;De 5-9;86
Zamora Chinchipe;Centinela del Cóndor;De 10-14;138
Zamora Chinchipe;Centinela del Cóndor;De 15-19;126
Zamora Chinchipe;Centinela del Cóndor;De 20-24;67
Zamora Chinchipe;Centinela del Cóndor;De 25-29;60
Zamora Chinchipe;Centinela del Cóndor;De 30-34;58
Zamora Chinchipe;Centinela del Cóndor;De 35-39;60
Zamora Chinchipe;Centinela del Cóndor;De 40-44;56
Zamora Chinchipe;Centinela del Cóndor;De 45-49;62
Zamora Chinchipe;Centinela del Cóndor;De 50-54;32
Zamora Chinchipe;Centinela del Cóndor;De 55-59;33
Zamora Chinchipe;Centinela del Cóndor;De 60-64;27
Zamora Chinchipe;Centinela del Cóndor;De 65-69;30
Zamora Chinchipe;Centinela del Cóndor;De 70-74;19
Zamora Chinchipe;Centinela del Cóndor;De 75-79;18
Zamora Chinchipe;Centinela del Cóndor;De 80-84;13
Zamora Chinchipe;Centinela del Cóndor;85 o más;10
Zamora Chinchipe;Centinela del Cóndor;Total Panguintza;1.704
Zamora Chinchipe;Centinela del Cóndor;De 0-4;159
Zamora Chinchipe;Centinela del Cóndor;De 5-9;126
Zamora Chinchipe;Centinela del Cóndor;De 10-14;198
Zamora Chinchipe;Centinela del Cóndor;De 15-19;191
Zamora Chinchipe;Centinela del Cóndor;De 20-24;165
Zamora Chinchipe;Centinela del Cóndor;De 25-29;135
Zamora Chinchipe;Centinela del Cóndor;De 30-34;150
Zamora Chinchipe;Centinela del Cóndor;De 35-39;101
Zamora Chinchipe;Centinela del Cóndor;De 40-44;89
Zamora Chinchipe;Centinela del Cóndor;De 45-49;88
Zamora Chinchipe;Centinela del Cóndor;De 50-54;60
Zamora Chinchipe;Centinela del Cóndor;De 55-59;57
Zamora Chinchipe;Centinela del Cóndor;De 60-64;57
Zamora Chinchipe;Centinela del Cóndor;De 65-69;44
Zamora Chinchipe;Centinela del Cóndor;De 70-74;32
Zamora Chinchipe;Centinela del Cóndor;De 75-79;31
Zamora Chinchipe;Centinela del Cóndor;De 80-84;15
Zamora Chinchipe;Centinela del Cóndor;85 o más;6
Zamora Chinchipe;Palanda;Total Palanda;8.873
Zamora Chinchipe;Palanda;De 0-4;819
Zamora Chinchipe;Palanda;De 5-9;792
Zamora Chinchipe;Palanda;De 10-14;1.048
Zamora Chinchipe;Palanda;De 15-19;1.011
Zamora Chinchipe;Palanda;De 20-24;764
Zamora Chinchipe;Palanda;De 25-29;688
Zamora Chinchipe;Palanda;De 30-34;659
Zamora Chinchipe;Palanda;De 35-39;615
Zamora Chinchipe;Palanda;De 40-44;466
Zamora Chinchipe;Palanda;De 45-49;403
Zamora Chinchipe;Palanda;De 50-54;371
Zamora Chinchipe;Palanda;De 55-59;323
Zamora Chinchipe;Palanda;De 60-64;274
Zamora Chinchipe;Palanda;De 65-69;204
Zamora Chinchipe;Palanda;De 70-74;143
Zamora Chinchipe;Palanda;De 75-79;133
Zamora Chinchipe;Palanda;De 80-84;96
Zamora Chinchipe;Palanda;85 o más;64
Zamora Chinchipe;Palanda;Total Palanda;3.999
Zamora Chinchipe;Palanda;De 0-4;364
Zamora Chinchipe;Palanda;De 5-9;345
Zamora Chinchipe;Palanda;De 10-14;462
Zamora Chinchipe;Palanda;De 15-19;402
Zamora Chinchipe;Palanda;De 20-24;338
Zamora Chinchipe;Palanda;De 25-29;322
Zamora Chinchipe;Palanda;De 30-34;327
Zamora Chinchipe;Palanda;De 35-39;324
Zamora Chinchipe;Palanda;De 40-44;201
Zamora Chinchipe;Palanda;De 45-49;168
Zamora Chinchipe;Palanda;De 50-54;169
Zamora Chinchipe;Palanda;De 55-59;161
Zamora Chinchipe;Palanda;De 60-64;130
Zamora Chinchipe;Palanda;De 65-69;89
Zamora Chinchipe;Palanda;De 70-74;68
Zamora Chinchipe;Palanda;De 75-79;60
Zamora Chinchipe;Palanda;De 80-84;41
Zamora Chinchipe;Palanda;85 o más;28
Zamora Chinchipe;Palanda;Total El Porvenir del Carmen;1.558
Zamora Chinchipe;Palanda;De 0-4;147
Zamora Chinchipe;Palanda;De 5-9;149
Zamora Chinchipe;Palanda;De 10-14;198
Zamora Chinchipe;Palanda;De 15-19;194
Zamora Chinchipe;Palanda;De 20-24;149
Zamora Chinchipe;Palanda;De 25-29;97
Zamora Chinchipe;Palanda;De 30-34;93
Zamora Chinchipe;Palanda;De 35-39;87
Zamora Chinchipe;Palanda;De 40-44;87
Zamora Chinchipe;Palanda;De 45-49;72
Zamora Chinchipe;Palanda;De 50-54;70
Zamora Chinchipe;Palanda;De 55-59;45
Zamora Chinchipe;Palanda;De 60-64;39
Zamora Chinchipe;Palanda;De 65-69;41
Zamora Chinchipe;Palanda;De 70-74;29
Zamora Chinchipe;Palanda;De 75-79;26
Zamora Chinchipe;Palanda;De 80-84;23
Zamora Chinchipe;Palanda;85 o más;12
Zamora Chinchipe;Palanda;Total San Francisco del Vergel;1.603
Zamora Chinchipe;Palanda;De 0-4;178
Zamora Chinchipe;Palanda;De 5-9;159
Zamora Chinchipe;Palanda;De 10-14;193
Zamora Chinchipe;Palanda;De 15-19;215
Zamora Chinchipe;Palanda;De 20-24;131
Zamora Chinchipe;Palanda;De 25-29;139
Zamora Chinchipe;Palanda;De 30-34;106
Zamora Chinchipe;Palanda;De 35-39;97
Zamora Chinchipe;Palanda;De 40-44;74
Zamora Chinchipe;Palanda;De 45-49;79
Zamora Chinchipe;Palanda;De 50-54;63
Zamora Chinchipe;Palanda;De 55-59;49
Zamora Chinchipe;Palanda;De 60-64;31
Zamora Chinchipe;Palanda;De 65-69;29
Zamora Chinchipe;Palanda;De 70-74;23
Zamora Chinchipe;Palanda;De 75-79;20
Zamora Chinchipe;Palanda;De 80-84;13
Zamora Chinchipe;Palanda;85 o más;4
Zamora Chinchipe;Palanda;Total Valladolid;1.258
Zamora Chinchipe;Palanda;De 0-4;99
Zamora Chinchipe;Palanda;De 5-9;101
Zamora Chinchipe;Palanda;De 10-14;135
Zamora Chinchipe;Palanda;De 15-19;124
Zamora Chinchipe;Palanda;De 20-24;99
Zamora Chinchipe;Palanda;De 25-29;103
Zamora Chinchipe;Palanda;De 30-34;88
Zamora Chinchipe;Palanda;De 35-39;85
Zamora Chinchipe;Palanda;De 40-44;68
Zamora Chinchipe;Palanda;De 45-49;66
Zamora Chinchipe;Palanda;De 50-54;60
Zamora Chinchipe;Palanda;De 55-59;58
Zamora Chinchipe;Palanda;De 60-64;60
Zamora Chinchipe;Palanda;De 65-69;33
Zamora Chinchipe;Palanda;De 70-74;20
Zamora Chinchipe;Palanda;De 75-79;22
Zamora Chinchipe;Palanda;De 80-84;18
Zamora Chinchipe;Palanda;85 o más;19
Zamora Chinchipe;Palanda;Total La Canela;455
Zamora Chinchipe;Palanda;De 0-4;31
Zamora Chinchipe;Palanda;De 5-9;38
Zamora Chinchipe;Palanda;De 10-14;60
Zamora Chinchipe;Palanda;De 15-19;76
Zamora Chinchipe;Palanda;De 20-24;47
Zamora Chinchipe;Palanda;De 25-29;27
Zamora Chinchipe;Palanda;De 30-34;45
Zamora Chinchipe;Palanda;De 35-39;22
Zamora Chinchipe;Palanda;De 40-44;36
Zamora Chinchipe;Palanda;De 45-49;18
Zamora Chinchipe;Palanda;De 50-54;9
Zamora Chinchipe;Palanda;De 55-59;10
Zamora Chinchipe;Palanda;De 60-64;14
Zamora Chinchipe;Palanda;De 65-69;12
Zamora Chinchipe;Palanda;De 70-74;3
Zamora Chinchipe;Palanda;De 75-79;5
Zamora Chinchipe;Palanda;De 80-84;1
Zamora Chinchipe;Palanda;85 o más;1
Zamora Chinchipe;Paquisha;Total Paquisha;4.737
Zamora Chinchipe;Paquisha;De 0-4;466
Zamora Chinchipe;Paquisha;De 5-9;476
Zamora Chinchipe;Paquisha;De 10-14;562
Zamora Chinchipe;Paquisha;De 15-19;573
Zamora Chinchipe;Paquisha;De 20-24;452
Zamora Chinchipe;Paquisha;De 25-29;398
Zamora Chinchipe;Paquisha;De 30-34;337
Zamora Chinchipe;Paquisha;De 35-39;296
Zamora Chinchipe;Paquisha;De 40-44;269
Zamora Chinchipe;Paquisha;De 45-49;223
Zamora Chinchipe;Paquisha;De 50-54;185
Zamora Chinchipe;Paquisha;De 55-59;130
Zamora Chinchipe;Paquisha;De 60-64;111
Zamora Chinchipe;Paquisha;De 65-69;82
Zamora Chinchipe;Paquisha;De 70-74;79
Zamora Chinchipe;Paquisha;De 75-79;59
Zamora Chinchipe;Paquisha;De 80-84;19
Zamora Chinchipe;Paquisha;85 o más;20
Zamora Chinchipe;Paquisha;Total Paquisha;2.253
Zamora Chinchipe;Paquisha;De 0-4;194
Zamora Chinchipe;Paquisha;De 5-9;215
Zamora Chinchipe;Paquisha;De 10-14;253
Zamora Chinchipe;Paquisha;De 15-19;264
Zamora Chinchipe;Paquisha;De 20-24;202
Zamora Chinchipe;Paquisha;De 25-29;211
Zamora Chinchipe;Paquisha;De 30-34;170
Zamora Chinchipe;Paquisha;De 35-39;160
Zamora Chinchipe;Paquisha;De 40-44;158
Zamora Chinchipe;Paquisha;De 45-49;120
Zamora Chinchipe;Paquisha;De 50-54;73
Zamora Chinchipe;Paquisha;De 55-59;53
Zamora Chinchipe;Paquisha;De 60-64;52
Zamora Chinchipe;Paquisha;De 65-69;39
Zamora Chinchipe;Paquisha;De 70-74;38
Zamora Chinchipe;Paquisha;De 75-79;28
Zamora Chinchipe;Paquisha;De 80-84;12
Zamora Chinchipe;Paquisha;85 o más;11
Zamora Chinchipe;Paquisha;Total Bellavista;440
Zamora Chinchipe;Paquisha;De 0-4;46
Zamora Chinchipe;Paquisha;De 5-9;33
Zamora Chinchipe;Paquisha;De 10-14;69
Zamora Chinchipe;Paquisha;De 15-19;66
Zamora Chinchipe;Paquisha;De 20-24;52
Zamora Chinchipe;Paquisha;De 25-29;24
Zamora Chinchipe;Paquisha;De 30-34;28
Zamora Chinchipe;Paquisha;De 35-39;20
Zamora Chinchipe;Paquisha;De 40-44;15
Zamora Chinchipe;Paquisha;De 45-49;14
Zamora Chinchipe;Paquisha;De 50-54;21
Zamora Chinchipe;Paquisha;De 55-59;7
Zamora Chinchipe;Paquisha;De 60-64;15
Zamora Chinchipe;Paquisha;De 65-69;9
Zamora Chinchipe;Paquisha;De 70-74;14
Zamora Chinchipe;Paquisha;De 75-79;4
Zamora Chinchipe;Paquisha;De 80-84;2
Zamora Chinchipe;Paquisha;85 o más;1
Zamora Chinchipe;Paquisha;Total Nuevo Quito;2.044
Zamora Chinchipe;Paquisha;De 0-4;226
Zamora Chinchipe;Paquisha;De 5-9;228
Zamora Chinchipe;Paquisha;De 10-14;240
Zamora Chinchipe;Paquisha;De 15-19;243
Zamora Chinchipe;Paquisha;De 20-24;198
Zamora Chinchipe;Paquisha;De 25-29;163
Zamora Chinchipe;Paquisha;De 30-34;139
Zamora Chinchipe;Paquisha;De 35-39;116
Zamora Chinchipe;Paquisha;De 40-44;96
Zamora Chinchipe;Paquisha;De 45-49;89
Zamora Chinchipe;Paquisha;De 50-54;91
Zamora Chinchipe;Paquisha;De 55-59;70
Zamora Chinchipe;Paquisha;De 60-64;44
Zamora Chinchipe;Paquisha;De 65-69;34
Zamora Chinchipe;Paquisha;De 70-74;27
Zamora Chinchipe;Paquisha;De 75-79;27
Zamora Chinchipe;Paquisha;De 80-84;5
Zamora Chinchipe;Paquisha;85 o más;8
Galápagos;Total Galápagos;Total Galápagos;28.583
Galápagos;Total Galápagos;De 0-4;2.017
Galápagos;Total Galápagos;De 5-9;2.286
Galápagos;Total Galápagos;De 10-14;2.567
Galápagos;Total Galápagos;De 15-19;2.232
Galápagos;Total Galápagos;De 20-24;2.245
Galápagos;Total Galápagos;De 25-29;2.424
Galápagos;Total Galápagos;De 30-34;2.611
Galápagos;Total Galápagos;De 35-39;2.405
Galápagos;Total Galápagos;De 40-44;2.308
Galápagos;Total Galápagos;De 45-49;1.816
Galápagos;Total Galápagos;De 50-54;1.659
Galápagos;Total Galápagos;De 55-59;1.351
Galápagos;Total Galápagos;De 60-64;1.016
Galápagos;Total Galápagos;De 65-69;677
Galápagos;Total Galápagos;De 70-74;416
Galápagos;Total Galápagos;De 75-79;275
Galápagos;Total Galápagos;De 80-84;154
Galápagos;Total Galápagos;85 o más;124
Galápagos;San Cristóbal;Total San Cristóbal;8.300
Galápagos;San Cristóbal;De 0-4;569
Galápagos;San Cristóbal;De 5-9;654
Galápagos;San Cristóbal;De 10-14;736
Galápagos;San Cristóbal;De 15-19;638
Galápagos;San Cristóbal;De 20-24;621
Galápagos;San Cristóbal;De 25-29;677
Galápagos;San Cristóbal;De 30-34;788
Galápagos;San Cristóbal;De 35-39;702
Galápagos;San Cristóbal;De 40-44;638
Galápagos;San Cristóbal;De 45-49;483
Galápagos;San Cristóbal;De 50-54;501
Galápagos;San Cristóbal;De 55-59;410
Galápagos;San Cristóbal;De 60-64;315
Galápagos;San Cristóbal;De 65-69;226
Galápagos;San Cristóbal;De 70-74;154
Galápagos;San Cristóbal;De 75-79;98
Galápagos;San Cristóbal;De 80-84;51
Galápagos;San Cristóbal;85 o más;39
Galápagos;San Cristóbal;Total Puerto Baquerizo Moreno;7.290
Galápagos;San Cristóbal;De 0-4;499
Galápagos;San Cristóbal;De 5-9;570
Galápagos;San Cristóbal;De 10-14;645
Galápagos;San Cristóbal;De 15-19;557
Galápagos;San Cristóbal;De 20-24;539
Galápagos;San Cristóbal;De 25-29;608
Galápagos;San Cristóbal;De 30-34;705
Galápagos;San Cristóbal;De 35-39;607
Galápagos;San Cristóbal;De 40-44;566
Galápagos;San Cristóbal;De 45-49;428
Galápagos;San Cristóbal;De 50-54;443
Galápagos;San Cristóbal;De 55-59;356
Galápagos;San Cristóbal;De 60-64;288
Galápagos;San Cristóbal;De 65-69;194
Galápagos;San Cristóbal;De 70-74;129
Galápagos;San Cristóbal;De 75-79;77
Galápagos;San Cristóbal;De 80-84;46
Galápagos;San Cristóbal;85 o más;33
Galápagos;San Cristóbal;Total El Progreso;865
Galápagos;San Cristóbal;De 0-4;66
Galápagos;San Cristóbal;De 5-9;68
Galápagos;San Cristóbal;De 10-14;78
Galápagos;San Cristóbal;De 15-19;70
Galápagos;San Cristóbal;De 20-24;73
Galápagos;San Cristóbal;De 25-29;55
Galápagos;San Cristóbal;De 30-34;68
Galápagos;San Cristóbal;De 35-39;79
Galápagos;San Cristóbal;De 40-44;62
Galápagos;San Cristóbal;De 45-49;46
Galápagos;San Cristóbal;De 50-54;50
Galápagos;San Cristóbal;De 55-59;47
Galápagos;San Cristóbal;De 60-64;24
Galápagos;San Cristóbal;De 65-69;30
Galápagos;San Cristóbal;De 70-74;21
Galápagos;San Cristóbal;De 75-79;19
Galápagos;San Cristóbal;De 80-84;4
Galápagos;San Cristóbal;85 o más;5
Galápagos;San Cristóbal;Total Isla Santa María Floreana;145
Galápagos;San Cristóbal;De 0-4;4
Galápagos;San Cristóbal;De 5-9;16
Galápagos;San Cristóbal;De 10-14;13
Galápagos;San Cristóbal;De 15-19;11
Galápagos;San Cristóbal;De 20-24;9
Galápagos;San Cristóbal;De 25-29;14
Galápagos;San Cristóbal;De 30-34;15
Galápagos;San Cristóbal;De 35-39;16
Galápagos;San Cristóbal;De 40-44;10
Galápagos;San Cristóbal;De 45-49;9
Galápagos;San Cristóbal;De 50-54;8
Galápagos;San Cristóbal;De 55-59;7
Galápagos;San Cristóbal;De 60-64;3
Galápagos;San Cristóbal;De 65-69;2
Galápagos;San Cristóbal;De 70-74;4
Galápagos;San Cristóbal;De 75-79;2
Galápagos;San Cristóbal;De 80-84;1
Galápagos;San Cristóbal;85 o más;1
Galápagos;Isabela;Total Isabela;3.050
Galápagos;Isabela;De 0-4;247
Galápagos;Isabela;De 5-9;253
Galápagos;Isabela;De 10-14;274
Galápagos;Isabela;De 15-19;226
Galápagos;Isabela;De 20-24;256
Galápagos;Isabela;De 25-29;269
Galápagos;Isabela;De 30-34;272
Galápagos;Isabela;De 35-39;230
Galápagos;Isabela;De 40-44;248
Galápagos;Isabela;De 45-49;180
Galápagos;Isabela;De 50-54;165
Galápagos;Isabela;De 55-59;151
Galápagos;Isabela;De 60-64;106
Galápagos;Isabela;De 65-69;79
Galápagos;Isabela;De 70-74;41
Galápagos;Isabela;De 75-79;36
Galápagos;Isabela;De 80-84;12
Galápagos;Isabela;85 o más;5
Galápagos;Isabela;Total Puerto Villamil;2.755
Galápagos;Isabela;De 0-4;227
Galápagos;Isabela;De 5-9;229
Galápagos;Isabela;De 10-14;257
Galápagos;Isabela;De 15-19;210
Galápagos;Isabela;De 20-24;235
Galápagos;Isabela;De 25-29;237
Galápagos;Isabela;De 30-34;248
Galápagos;Isabela;De 35-39;216
Galápagos;Isabela;De 40-44;237
Galápagos;Isabela;De 45-49;160
Galápagos;Isabela;De 50-54;149
Galápagos;Isabela;De 55-59;139
Galápagos;Isabela;De 60-64;86
Galápagos;Isabela;De 65-69;56
Galápagos;Isabela;De 70-74;31
Galápagos;Isabela;De 75-79;27
Galápagos;Isabela;De 80-84;7
Galápagos;Isabela;85 o más;4
Galápagos;Isabela;Total Tomás de Berlanga;295
Galápagos;Isabela;De 0-4;20
Galápagos;Isabela;De 5-9;24
Galápagos;Isabela;De 10-14;17
Galápagos;Isabela;De 15-19;16
Galápagos;Isabela;De 20-24;21
Galápagos;Isabela;De 25-29;32
Galápagos;Isabela;De 30-34;24
Galápagos;Isabela;De 35-39;14
Galápagos;Isabela;De 40-44;11
Galápagos;Isabela;De 45-49;20
Galápagos;Isabela;De 50-54;16
Galápagos;Isabela;De 55-59;12
Galápagos;Isabela;De 60-64;20
Galápagos;Isabela;De 65-69;23
Galápagos;Isabela;De 70-74;10
Galápagos;Isabela;De 75-79;9
Galápagos;Isabela;De 80-84;5
Galápagos;Isabela;85 o más;1
Galápagos;Santa Cruz;Total Santa Cruz;17.233
Galápagos;Santa Cruz;De 0-4;1.201
Galápagos;Santa Cruz;De 5-9;1.379
Galápagos;Santa Cruz;De 10-14;1.557
Galápagos;Santa Cruz;De 15-19;1.368
Galápagos;Santa Cruz;De 20-24;1.368
Galápagos;Santa Cruz;De 25-29;1.478
Galápagos;Santa Cruz;De 30-34;1.551
Galápagos;Santa Cruz;De 35-39;1.473
Galápagos;Santa Cruz;De 40-44;1.422
Galápagos;Santa Cruz;De 45-49;1.153
Galápagos;Santa Cruz;De 50-54;993
Galápagos;Santa Cruz;De 55-59;790
Galápagos;Santa Cruz;De 60-64;595
Galápagos;Santa Cruz;De 65-69;372
Galápagos;Santa Cruz;De 70-74;221
Galápagos;Santa Cruz;De 75-79;141
Galápagos;Santa Cruz;De 80-84;91
Galápagos;Santa Cruz;85 o más;80
Galápagos;Santa Cruz;Total Puerto Ayora;12.737
Galápagos;Santa Cruz;De 0-4;885
Galápagos;Santa Cruz;De 5-9;1.033
Galápagos;Santa Cruz;De 10-14;1.113
Galápagos;Santa Cruz;De 15-19;960
Galápagos;Santa Cruz;De 20-24;1.030
Galápagos;Santa Cruz;De 25-29;1.129
Galápagos;Santa Cruz;De 30-34;1.205
Galápagos;Santa Cruz;De 35-39;1.116
Galápagos;Santa Cruz;De 40-44;1.072
Galápagos;Santa Cruz;De 45-49;843
Galápagos;Santa Cruz;De 50-54;707
Galápagos;Santa Cruz;De 55-59;574
Galápagos;Santa Cruz;De 60-64;443
Galápagos;Santa Cruz;De 65-69;275
Galápagos;Santa Cruz;De 70-74;155
Galápagos;Santa Cruz;De 75-79;104
Galápagos;Santa Cruz;De 80-84;53
Galápagos;Santa Cruz;85 o más;40
Galápagos;Santa Cruz;Total Bella Vista;3.933
Galápagos;Santa Cruz;De 0-4;284
Galápagos;Santa Cruz;De 5-9;309
Galápagos;Santa Cruz;De 10-14;397
Galápagos;Santa Cruz;De 15-19;352
Galápagos;Santa Cruz;De 20-24;299
Galápagos;Santa Cruz;De 25-29;301
Galápagos;Santa Cruz;De 30-34;309
Galápagos;Santa Cruz;De 35-39;308
Galápagos;Santa Cruz;De 40-44;307
Galápagos;Santa Cruz;De 45-49;273
Galápagos;Santa Cruz;De 50-54;247
Galápagos;Santa Cruz;De 55-59;184
Galápagos;Santa Cruz;De 60-64;124
Galápagos;Santa Cruz;De 65-69;89
Galápagos;Santa Cruz;De 70-74;51
Galápagos;Santa Cruz;De 75-79;31
Galápagos;Santa Cruz;De 80-84;31
Galápagos;Santa Cruz;85 o más;37
Galápagos;Santa Cruz;Total Santa Rosa;563
Galápagos;Santa Cruz;De 0-4;32
Galápagos;Santa Cruz;De 5-9;37
Galápagos;Santa Cruz;De 10-14;47
Galápagos;Santa Cruz;De 15-19;56
Galápagos;Santa Cruz;De 20-24;39
Galápagos;Santa Cruz;De 25-29;48
Galápagos;Santa Cruz;De 30-34;37
Galápagos;Santa Cruz;De 35-39;49
Galápagos;Santa Cruz;De 40-44;43
Galápagos;Santa Cruz;De 45-49;37
Galápagos;Santa Cruz;De 50-54;39
Galápagos;Santa Cruz;De 55-59;32
Galápagos;Santa Cruz;De 60-64;28
Galápagos;Santa Cruz;De 65-69;8
Galápagos;Santa Cruz;De 70-74;15
Galápagos;Santa Cruz;De 75-79;6
Galápagos;Santa Cruz;De 80-84;7
Galápagos;Santa Cruz;85 o más;3
Sucumbíos;Total Sucumbíos;Total Sucumbíos;199.014
Sucumbíos;Total Sucumbíos;De 0-4;17.740
Sucumbíos;Total Sucumbíos;De 5-9;19.898
Sucumbíos;Total Sucumbíos;De 10-14;22.127
Sucumbíos;Total Sucumbíos;De 15-19;20.294
Sucumbíos;Total Sucumbíos;De 20-24;17.864
Sucumbíos;Total Sucumbíos;De 25-29;16.985
Sucumbíos;Total Sucumbíos;De 30-34;15.541
Sucumbíos;Total Sucumbíos;De 35-39;13.799
Sucumbíos;Total Sucumbíos;De 40-44;12.287
Sucumbíos;Total Sucumbíos;De 45-49;10.106
Sucumbíos;Total Sucumbíos;De 50-54;8.576
Sucumbíos;Total Sucumbíos;De 55-59;7.363
Sucumbíos;Total Sucumbíos;De 60-64;5.523
Sucumbíos;Total Sucumbíos;De 65-69;4.059
Sucumbíos;Total Sucumbíos;De 70-74;2.752
Sucumbíos;Total Sucumbíos;De 75-79;1.889
Sucumbíos;Total Sucumbíos;De 80-84;1.209
Sucumbíos;Total Sucumbíos;85 o más;1.002
Sucumbíos;Lago Agrio;Total Lago Agrio;105.044
Sucumbíos;Lago Agrio;De 0-4;8.918
Sucumbíos;Lago Agrio;De 5-9;10.360
Sucumbíos;Lago Agrio;De 10-14;11.268
Sucumbíos;Lago Agrio;De 15-19;10.342
Sucumbíos;Lago Agrio;De 20-24;9.395
Sucumbíos;Lago Agrio;De 25-29;9.132
Sucumbíos;Lago Agrio;De 30-34;8.376
Sucumbíos;Lago Agrio;De 35-39;7.556
Sucumbíos;Lago Agrio;De 40-44;6.776
Sucumbíos;Lago Agrio;De 45-49;5.548
Sucumbíos;Lago Agrio;De 50-54;4.722
Sucumbíos;Lago Agrio;De 55-59;3.985
Sucumbíos;Lago Agrio;De 60-64;2.978
Sucumbíos;Lago Agrio;De 65-69;2.108
Sucumbíos;Lago Agrio;De 70-74;1.449
Sucumbíos;Lago Agrio;De 75-79;955
Sucumbíos;Lago Agrio;De 80-84;627
Sucumbíos;Lago Agrio;85 o más;549
Sucumbíos;Lago Agrio;Total Nueva Loja;65.791
Sucumbíos;Lago Agrio;De 0-4;5.377
Sucumbíos;Lago Agrio;De 5-9;6.260
Sucumbíos;Lago Agrio;De 10-14;6.724
Sucumbíos;Lago Agrio;De 15-19;6.290
Sucumbíos;Lago Agrio;De 20-24;5.988
Sucumbíos;Lago Agrio;De 25-29;5.994
Sucumbíos;Lago Agrio;De 30-34;5.496
Sucumbíos;Lago Agrio;De 35-39;4.960
Sucumbíos;Lago Agrio;De 40-44;4.495
Sucumbíos;Lago Agrio;De 45-49;3.686
Sucumbíos;Lago Agrio;De 50-54;3.084
Sucumbíos;Lago Agrio;De 55-59;2.519
Sucumbíos;Lago Agrio;De 60-64;1.826
Sucumbíos;Lago Agrio;De 65-69;1.170
Sucumbíos;Lago Agrio;De 70-74;768
Sucumbíos;Lago Agrio;De 75-79;504
Sucumbíos;Lago Agrio;De 80-84;339
Sucumbíos;Lago Agrio;85 o más;311
Sucumbíos;Lago Agrio;Total Dureno;3.149
Sucumbíos;Lago Agrio;De 0-4;282
Sucumbíos;Lago Agrio;De 5-9;321
Sucumbíos;Lago Agrio;De 10-14;339
Sucumbíos;Lago Agrio;De 15-19;344
Sucumbíos;Lago Agrio;De 20-24;291
Sucumbíos;Lago Agrio;De 25-29;258
Sucumbíos;Lago Agrio;De 30-34;234
Sucumbíos;Lago Agrio;De 35-39;201
Sucumbíos;Lago Agrio;De 40-44;197
Sucumbíos;Lago Agrio;De 45-49;146
Sucumbíos;Lago Agrio;De 50-54;115
Sucumbíos;Lago Agrio;De 55-59;105
Sucumbíos;Lago Agrio;De 60-64;102
Sucumbíos;Lago Agrio;De 65-69;88
Sucumbíos;Lago Agrio;De 70-74;57
Sucumbíos;Lago Agrio;De 75-79;27
Sucumbíos;Lago Agrio;De 80-84;20
Sucumbíos;Lago Agrio;85 o más;22
Sucumbíos;Lago Agrio;Total General Farfán;6.681
Sucumbíos;Lago Agrio;De 0-4;554
Sucumbíos;Lago Agrio;De 5-9;648
Sucumbíos;Lago Agrio;De 10-14;763
Sucumbíos;Lago Agrio;De 15-19;705
Sucumbíos;Lago Agrio;De 20-24;579
Sucumbíos;Lago Agrio;De 25-29;531
Sucumbíos;Lago Agrio;De 30-34;452
Sucumbíos;Lago Agrio;De 35-39;429
Sucumbíos;Lago Agrio;De 40-44;381
Sucumbíos;Lago Agrio;De 45-49;315
Sucumbíos;Lago Agrio;De 50-54;295
Sucumbíos;Lago Agrio;De 55-59;289
Sucumbíos;Lago Agrio;De 60-64;221
Sucumbíos;Lago Agrio;De 65-69;170
Sucumbíos;Lago Agrio;De 70-74;152
Sucumbíos;Lago Agrio;De 75-79;96
Sucumbíos;Lago Agrio;De 80-84;56
Sucumbíos;Lago Agrio;85 o más;45
Sucumbíos;Lago Agrio;Total El Eno;6.918
Sucumbíos;Lago Agrio;De 0-4;676
Sucumbíos;Lago Agrio;De 5-9;794
Sucumbíos;Lago Agrio;De 10-14;828
Sucumbíos;Lago Agrio;De 15-19;692
Sucumbíos;Lago Agrio;De 20-24;592
Sucumbíos;Lago Agrio;De 25-29;533
Sucumbíos;Lago Agrio;De 30-34;532
Sucumbíos;Lago Agrio;De 35-39;452
Sucumbíos;Lago Agrio;De 40-44;337
Sucumbíos;Lago Agrio;De 45-49;313
Sucumbíos;Lago Agrio;De 50-54;266
Sucumbíos;Lago Agrio;De 55-59;222
Sucumbíos;Lago Agrio;De 60-64;189
Sucumbíos;Lago Agrio;De 65-69;176
Sucumbíos;Lago Agrio;De 70-74;133
Sucumbíos;Lago Agrio;De 75-79;87
Sucumbíos;Lago Agrio;De 80-84;55
Sucumbíos;Lago Agrio;85 o más;41
Sucumbíos;Lago Agrio;Total Pacayacu;8.428
Sucumbíos;Lago Agrio;De 0-4;735
Sucumbíos;Lago Agrio;De 5-9;835
Sucumbíos;Lago Agrio;De 10-14;927
Sucumbíos;Lago Agrio;De 15-19;847
Sucumbíos;Lago Agrio;De 20-24;789
Sucumbíos;Lago Agrio;De 25-29;716
Sucumbíos;Lago Agrio;De 30-34;617
Sucumbíos;Lago Agrio;De 35-39;518
Sucumbíos;Lago Agrio;De 40-44;559
Sucumbíos;Lago Agrio;De 45-49;427
Sucumbíos;Lago Agrio;De 50-54;399
Sucumbíos;Lago Agrio;De 55-59;346
Sucumbíos;Lago Agrio;De 60-64;243
Sucumbíos;Lago Agrio;De 65-69;171
Sucumbíos;Lago Agrio;De 70-74;112
Sucumbíos;Lago Agrio;De 75-79;87
Sucumbíos;Lago Agrio;De 80-84;53
Sucumbíos;Lago Agrio;85 o más;47
Sucumbíos;Lago Agrio;Total Jambelí;3.478
Sucumbíos;Lago Agrio;De 0-4;333
Sucumbíos;Lago Agrio;De 5-9;366
Sucumbíos;Lago Agrio;De 10-14;401
Sucumbíos;Lago Agrio;De 15-19;382
Sucumbíos;Lago Agrio;De 20-24;291
Sucumbíos;Lago Agrio;De 25-29;264
Sucumbíos;Lago Agrio;De 30-34;224
Sucumbíos;Lago Agrio;De 35-39;226
Sucumbíos;Lago Agrio;De 40-44;192
Sucumbíos;Lago Agrio;De 45-49;173
Sucumbíos;Lago Agrio;De 50-54;152
Sucumbíos;Lago Agrio;De 55-59;127
Sucumbíos;Lago Agrio;De 60-64;106
Sucumbíos;Lago Agrio;De 65-69;77
Sucumbíos;Lago Agrio;De 70-74;58
Sucumbíos;Lago Agrio;De 75-79;49
Sucumbíos;Lago Agrio;De 80-84;38
Sucumbíos;Lago Agrio;85 o más;19
Sucumbíos;Lago Agrio;Total Santa Cecilia;8.669
Sucumbíos;Lago Agrio;De 0-4;828
Sucumbíos;Lago Agrio;De 5-9;960
Sucumbíos;Lago Agrio;De 10-14;1.101
Sucumbíos;Lago Agrio;De 15-19;903
Sucumbíos;Lago Agrio;De 20-24;677
Sucumbíos;Lago Agrio;De 25-29;680
Sucumbíos;Lago Agrio;De 30-34;669
Sucumbíos;Lago Agrio;De 35-39;641
Sucumbíos;Lago Agrio;De 40-44;504
Sucumbíos;Lago Agrio;De 45-49;384
Sucumbíos;Lago Agrio;De 50-54;337
Sucumbíos;Lago Agrio;De 55-59;293
Sucumbíos;Lago Agrio;De 60-64;208
Sucumbíos;Lago Agrio;De 65-69;195
Sucumbíos;Lago Agrio;De 70-74;121
Sucumbíos;Lago Agrio;De 75-79;76
Sucumbíos;Lago Agrio;De 80-84;48
Sucumbíos;Lago Agrio;85 o más;44
Sucumbíos;Lago Agrio;Total 10 de Agosto;1.930
Sucumbíos;Lago Agrio;De 0-4;133
Sucumbíos;Lago Agrio;De 5-9;176
Sucumbíos;Lago Agrio;De 10-14;185
Sucumbíos;Lago Agrio;De 15-19;179
Sucumbíos;Lago Agrio;De 20-24;188
Sucumbíos;Lago Agrio;De 25-29;156
Sucumbíos;Lago Agrio;De 30-34;152
Sucumbíos;Lago Agrio;De 35-39;129
Sucumbíos;Lago Agrio;De 40-44;111
Sucumbíos;Lago Agrio;De 45-49;104
Sucumbíos;Lago Agrio;De 50-54;74
Sucumbíos;Lago Agrio;De 55-59;84
Sucumbíos;Lago Agrio;De 60-64;83
Sucumbíos;Lago Agrio;De 65-69;61
Sucumbíos;Lago Agrio;De 70-74;48
Sucumbíos;Lago Agrio;De 75-79;29
Sucumbíos;Lago Agrio;De 80-84;18
Sucumbíos;Lago Agrio;85 o más;20
Sucumbíos;Gonzalo Pizarro;Total Gonzalo Pizarro;10.356
Sucumbíos;Gonzalo Pizarro;De 0-4;932
Sucumbíos;Gonzalo Pizarro;De 5-9;1.114
Sucumbíos;Gonzalo Pizarro;De 10-14;1.240
Sucumbíos;Gonzalo Pizarro;De 15-19;1.066
Sucumbíos;Gonzalo Pizarro;De 20-24;851
Sucumbíos;Gonzalo Pizarro;De 25-29;780
Sucumbíos;Gonzalo Pizarro;De 30-34;764
Sucumbíos;Gonzalo Pizarro;De 35-39;716
Sucumbíos;Gonzalo Pizarro;De 40-44;626
Sucumbíos;Gonzalo Pizarro;De 45-49;520
Sucumbíos;Gonzalo Pizarro;De 50-54;425
Sucumbíos;Gonzalo Pizarro;De 55-59;370
Sucumbíos;Gonzalo Pizarro;De 60-64;314
Sucumbíos;Gonzalo Pizarro;De 65-69;227
Sucumbíos;Gonzalo Pizarro;De 70-74;163
Sucumbíos;Gonzalo Pizarro;De 75-79;117
Sucumbíos;Gonzalo Pizarro;De 80-84;70
Sucumbíos;Gonzalo Pizarro;85 o más;61
Sucumbíos;Gonzalo Pizarro;Total Lumbaquí;4.178
Sucumbíos;Gonzalo Pizarro;De 0-4;355
Sucumbíos;Gonzalo Pizarro;De 5-9;417
Sucumbíos;Gonzalo Pizarro;De 10-14;483
Sucumbíos;Gonzalo Pizarro;De 15-19;373
Sucumbíos;Gonzalo Pizarro;De 20-24;336
Sucumbíos;Gonzalo Pizarro;De 25-29;318
Sucumbíos;Gonzalo Pizarro;De 30-34;350
Sucumbíos;Gonzalo Pizarro;De 35-39;330
Sucumbíos;Gonzalo Pizarro;De 40-44;291
Sucumbíos;Gonzalo Pizarro;De 45-49;197
Sucumbíos;Gonzalo Pizarro;De 50-54;185
Sucumbíos;Gonzalo Pizarro;De 55-59;154
Sucumbíos;Gonzalo Pizarro;De 60-64;131
Sucumbíos;Gonzalo Pizarro;De 65-69;105
Sucumbíos;Gonzalo Pizarro;De 70-74;62
Sucumbíos;Gonzalo Pizarro;De 75-79;42
Sucumbíos;Gonzalo Pizarro;De 80-84;27
Sucumbíos;Gonzalo Pizarro;85 o más;22
Sucumbíos;Gonzalo Pizarro;Total El Reventador;1.068
Sucumbíos;Gonzalo Pizarro;De 0-4;74
Sucumbíos;Gonzalo Pizarro;De 5-9;80
Sucumbíos;Gonzalo Pizarro;De 10-14;114
Sucumbíos;Gonzalo Pizarro;De 15-19;111
Sucumbíos;Gonzalo Pizarro;De 20-24;93
Sucumbíos;Gonzalo Pizarro;De 25-29;78
Sucumbíos;Gonzalo Pizarro;De 30-34;66
Sucumbíos;Gonzalo Pizarro;De 35-39;80
Sucumbíos;Gonzalo Pizarro;De 40-44;58
Sucumbíos;Gonzalo Pizarro;De 45-49;76
Sucumbíos;Gonzalo Pizarro;De 50-54;51
Sucumbíos;Gonzalo Pizarro;De 55-59;48
Sucumbíos;Gonzalo Pizarro;De 60-64;42
Sucumbíos;Gonzalo Pizarro;De 65-69;26
Sucumbíos;Gonzalo Pizarro;De 70-74;29
Sucumbíos;Gonzalo Pizarro;De 75-79;17
Sucumbíos;Gonzalo Pizarro;De 80-84;13
Sucumbíos;Gonzalo Pizarro;85 o más;12
Sucumbíos;Gonzalo Pizarro;Total Gonzalo Pizarro;3.545
Sucumbíos;Gonzalo Pizarro;De 0-4;374
Sucumbíos;Gonzalo Pizarro;De 5-9;455
Sucumbíos;Gonzalo Pizarro;De 10-14;470
Sucumbíos;Gonzalo Pizarro;De 15-19;420
Sucumbíos;Gonzalo Pizarro;De 20-24;295
Sucumbíos;Gonzalo Pizarro;De 25-29;259
Sucumbíos;Gonzalo Pizarro;De 30-34;241
Sucumbíos;Gonzalo Pizarro;De 35-39;211
Sucumbíos;Gonzalo Pizarro;De 40-44;182
Sucumbíos;Gonzalo Pizarro;De 45-49;169
Sucumbíos;Gonzalo Pizarro;De 50-54;116
Sucumbíos;Gonzalo Pizarro;De 55-59;99
Sucumbíos;Gonzalo Pizarro;De 60-64;80
Sucumbíos;Gonzalo Pizarro;De 65-69;62
Sucumbíos;Gonzalo Pizarro;De 70-74;47
Sucumbíos;Gonzalo Pizarro;De 75-79;32
Sucumbíos;Gonzalo Pizarro;De 80-84;21
Sucumbíos;Gonzalo Pizarro;85 o más;12
Sucumbíos;Gonzalo Pizarro;Total Puerto Libre;1.565
Sucumbíos;Gonzalo Pizarro;De 0-4;129
Sucumbíos;Gonzalo Pizarro;De 5-9;162
Sucumbíos;Gonzalo Pizarro;De 10-14;173
Sucumbíos;Gonzalo Pizarro;De 15-19;162
Sucumbíos;Gonzalo Pizarro;De 20-24;127
Sucumbíos;Gonzalo Pizarro;De 25-29;125
Sucumbíos;Gonzalo Pizarro;De 30-34;107
Sucumbíos;Gonzalo Pizarro;De 35-39;95
Sucumbíos;Gonzalo Pizarro;De 40-44;95
Sucumbíos;Gonzalo Pizarro;De 45-49;78
Sucumbíos;Gonzalo Pizarro;De 50-54;73
Sucumbíos;Gonzalo Pizarro;De 55-59;69
Sucumbíos;Gonzalo Pizarro;De 60-64;61
Sucumbíos;Gonzalo Pizarro;De 65-69;34
Sucumbíos;Gonzalo Pizarro;De 70-74;25
Sucumbíos;Gonzalo Pizarro;De 75-79;26
Sucumbíos;Gonzalo Pizarro;De 80-84;9
Sucumbíos;Gonzalo Pizarro;85 o más;15
Sucumbíos;Putumayo;Total Putumayo;9.018
Sucumbíos;Putumayo;De 0-4;846
Sucumbíos;Putumayo;De 5-9;988
Sucumbíos;Putumayo;De 10-14;1.098
Sucumbíos;Putumayo;De 15-19;1.011
Sucumbíos;Putumayo;De 20-24;811
Sucumbíos;Putumayo;De 25-29;717
Sucumbíos;Putumayo;De 30-34;662
Sucumbíos;Putumayo;De 35-39;589
Sucumbíos;Putumayo;De 40-44;500
Sucumbíos;Putumayo;De 45-49;385
Sucumbíos;Putumayo;De 50-54;356
Sucumbíos;Putumayo;De 55-59;322
Sucumbíos;Putumayo;De 60-64;271
Sucumbíos;Putumayo;De 65-69;184
Sucumbíos;Putumayo;De 70-74;128
Sucumbíos;Putumayo;De 75-79;73
Sucumbíos;Putumayo;De 80-84;45
Sucumbíos;Putumayo;85 o más;32
Sucumbíos;Putumayo;Total Puerto el Carmen de Putumayo;3.090
Sucumbíos;Putumayo;De 0-4;294
Sucumbíos;Putumayo;De 5-9;331
Sucumbíos;Putumayo;De 10-14;400
Sucumbíos;Putumayo;De 15-19;354
Sucumbíos;Putumayo;De 20-24;214
Sucumbíos;Putumayo;De 25-29;248
Sucumbíos;Putumayo;De 30-34;244
Sucumbíos;Putumayo;De 35-39;202
Sucumbíos;Putumayo;De 40-44;183
Sucumbíos;Putumayo;De 45-49;125
Sucumbíos;Putumayo;De 50-54;127
Sucumbíos;Putumayo;De 55-59;112
Sucumbíos;Putumayo;De 60-64;96
Sucumbíos;Putumayo;De 65-69;61
Sucumbíos;Putumayo;De 70-74;44
Sucumbíos;Putumayo;De 75-79;25
Sucumbíos;Putumayo;De 80-84;16
Sucumbíos;Putumayo;85 o más;14
Sucumbíos;Putumayo;Total Palma Roja;1.085
Sucumbíos;Putumayo;De 0-4;119
Sucumbíos;Putumayo;De 5-9;137
Sucumbíos;Putumayo;De 10-14;144
Sucumbíos;Putumayo;De 15-19;104
Sucumbíos;Putumayo;De 20-24;92
Sucumbíos;Putumayo;De 25-29;72
Sucumbíos;Putumayo;De 30-34;63
Sucumbíos;Putumayo;De 35-39;61
Sucumbíos;Putumayo;De 40-44;52
Sucumbíos;Putumayo;De 45-49;49
Sucumbíos;Putumayo;De 50-54;47
Sucumbíos;Putumayo;De 55-59;41
Sucumbíos;Putumayo;De 60-64;37
Sucumbíos;Putumayo;De 65-69;20
Sucumbíos;Putumayo;De 70-74;21
Sucumbíos;Putumayo;De 75-79;12
Sucumbíos;Putumayo;De 80-84;7
Sucumbíos;Putumayo;85 o más;7
Sucumbíos;Putumayo;Total Puerto Bolívar;76
Sucumbíos;Putumayo;De 0-4;7
Sucumbíos;Putumayo;De 5-9;11
Sucumbíos;Putumayo;De 10-14;8
Sucumbíos;Putumayo;De 15-19;11
Sucumbíos;Putumayo;De 20-24;13
Sucumbíos;Putumayo;De 25-29;6
Sucumbíos;Putumayo;De 30-34;3
Sucumbíos;Putumayo;De 35-39;3
Sucumbíos;Putumayo;De 40-44;5
Sucumbíos;Putumayo;De 45-49;2
Sucumbíos;Putumayo;De 50-54;1
Sucumbíos;Putumayo;De 55-59;2
Sucumbíos;Putumayo;De 60-64;1
Sucumbíos;Putumayo;De 65-69;1
Sucumbíos;Putumayo;De 70-74;1
Sucumbíos;Putumayo;De 75-79;1
Sucumbíos;Putumayo;De 80-84;
Sucumbíos;Putumayo;85 o más;
Sucumbíos;Putumayo;Total Puerto Rodríguez;295
Sucumbíos;Putumayo;De 0-4;33
Sucumbíos;Putumayo;De 5-9;30
Sucumbíos;Putumayo;De 10-14;50
Sucumbíos;Putumayo;De 15-19;28
Sucumbíos;Putumayo;De 20-24;33
Sucumbíos;Putumayo;De 25-29;14
Sucumbíos;Putumayo;De 30-34;24
Sucumbíos;Putumayo;De 35-39;13
Sucumbíos;Putumayo;De 40-44;13
Sucumbíos;Putumayo;De 45-49;11
Sucumbíos;Putumayo;De 50-54;12
Sucumbíos;Putumayo;De 55-59;11
Sucumbíos;Putumayo;De 60-64;7
Sucumbíos;Putumayo;De 65-69;5
Sucumbíos;Putumayo;De 70-74;3
Sucumbíos;Putumayo;De 75-79;3
Sucumbíos;Putumayo;De 80-84;3
Sucumbíos;Putumayo;85 o más;2
Sucumbíos;Putumayo;Total Santa Elena;1.803
Sucumbíos;Putumayo;De 0-4;155
Sucumbíos;Putumayo;De 5-9;183
Sucumbíos;Putumayo;De 10-14;206
Sucumbíos;Putumayo;De 15-19;203
Sucumbíos;Putumayo;De 20-24;170
Sucumbíos;Putumayo;De 25-29;151
Sucumbíos;Putumayo;De 30-34;133
Sucumbíos;Putumayo;De 35-39;125
Sucumbíos;Putumayo;De 40-44;106
Sucumbíos;Putumayo;De 45-49;83
Sucumbíos;Putumayo;De 50-54;75
Sucumbíos;Putumayo;De 55-59;72
Sucumbíos;Putumayo;De 60-64;54
Sucumbíos;Putumayo;De 65-69;39
Sucumbíos;Putumayo;De 70-74;26
Sucumbíos;Putumayo;De 75-79;14
Sucumbíos;Putumayo;De 80-84;5
Sucumbíos;Putumayo;85 o más;3
Sucumbíos;Putumayo;Total Sansahuari;2.669
Sucumbíos;Putumayo;De 0-4;238
Sucumbíos;Putumayo;De 5-9;296
Sucumbíos;Putumayo;De 10-14;290
Sucumbíos;Putumayo;De 15-19;311
Sucumbíos;Putumayo;De 20-24;289
Sucumbíos;Putumayo;De 25-29;226
Sucumbíos;Putumayo;De 30-34;195
Sucumbíos;Putumayo;De 35-39;185
Sucumbíos;Putumayo;De 40-44;141
Sucumbíos;Putumayo;De 45-49;115
Sucumbíos;Putumayo;De 50-54;94
Sucumbíos;Putumayo;De 55-59;84
Sucumbíos;Putumayo;De 60-64;76
Sucumbíos;Putumayo;De 65-69;58
Sucumbíos;Putumayo;De 70-74;33
Sucumbíos;Putumayo;De 75-79;18
Sucumbíos;Putumayo;De 80-84;14
Sucumbíos;Putumayo;85 o más;6
Sucumbíos;Shushufindi;Total Shushufindi;50.826
Sucumbíos;Shushufindi;De 0-4;4.898
Sucumbíos;Shushufindi;De 5-9;4.971
Sucumbíos;Shushufindi;De 10-14;5.704
Sucumbíos;Shushufindi;De 15-19;5.363
Sucumbíos;Shushufindi;De 20-24;4.703
Sucumbíos;Shushufindi;De 25-29;4.479
Sucumbíos;Shushufindi;De 30-34;4.015
Sucumbíos;Shushufindi;De 35-39;3.419
Sucumbíos;Shushufindi;De 40-44;3.038
Sucumbíos;Shushufindi;De 45-49;2.546
Sucumbíos;Shushufindi;De 50-54;2.080
Sucumbíos;Shushufindi;De 55-59;1.786
Sucumbíos;Shushufindi;De 60-64;1.294
Sucumbíos;Shushufindi;De 65-69;1.007
Sucumbíos;Shushufindi;De 70-74;603
Sucumbíos;Shushufindi;De 75-79;450
Sucumbíos;Shushufindi;De 80-84;262
Sucumbíos;Shushufindi;85 o más;208
Sucumbíos;Shushufindi;Total Shushufindi;30.747
Sucumbíos;Shushufindi;De 0-4;2.851
Sucumbíos;Shushufindi;De 5-9;2.967
Sucumbíos;Shushufindi;De 10-14;3.322
Sucumbíos;Shushufindi;De 15-19;3.143
Sucumbíos;Shushufindi;De 20-24;2.831
Sucumbíos;Shushufindi;De 25-29;2.795
Sucumbíos;Shushufindi;De 30-34;2.545
Sucumbíos;Shushufindi;De 35-39;2.154
Sucumbíos;Shushufindi;De 40-44;1.879
Sucumbíos;Shushufindi;De 45-49;1.612
Sucumbíos;Shushufindi;De 50-54;1.281
Sucumbíos;Shushufindi;De 55-59;1.122
Sucumbíos;Shushufindi;De 60-64;778
Sucumbíos;Shushufindi;De 65-69;619
Sucumbíos;Shushufindi;De 70-74;350
Sucumbíos;Shushufindi;De 75-79;239
Sucumbíos;Shushufindi;De 80-84;151
Sucumbíos;Shushufindi;85 o más;108
Sucumbíos;Shushufindi;Total Limoncocha;6.857
Sucumbíos;Shushufindi;De 0-4;850
Sucumbíos;Shushufindi;De 5-9;791
Sucumbíos;Shushufindi;De 10-14;920
Sucumbíos;Shushufindi;De 15-19;804
Sucumbíos;Shushufindi;De 20-24;642
Sucumbíos;Shushufindi;De 25-29;554
Sucumbíos;Shushufindi;De 30-34;458
Sucumbíos;Shushufindi;De 35-39;404
Sucumbíos;Shushufindi;De 40-44;362
Sucumbíos;Shushufindi;De 45-49;273
Sucumbíos;Shushufindi;De 50-54;226
Sucumbíos;Shushufindi;De 55-59;178
Sucumbíos;Shushufindi;De 60-64;142
Sucumbíos;Shushufindi;De 65-69;107
Sucumbíos;Shushufindi;De 70-74;57
Sucumbíos;Shushufindi;De 75-79;43
Sucumbíos;Shushufindi;De 80-84;22
Sucumbíos;Shushufindi;85 o más;24
Sucumbíos;Shushufindi;Total Pañacocha;746
Sucumbíos;Shushufindi;De 0-4;83
Sucumbíos;Shushufindi;De 5-9;97
Sucumbíos;Shushufindi;De 10-14;115
Sucumbíos;Shushufindi;De 15-19;81
Sucumbíos;Shushufindi;De 20-24;69
Sucumbíos;Shushufindi;De 25-29;62
Sucumbíos;Shushufindi;De 30-34;42
Sucumbíos;Shushufindi;De 35-39;36
Sucumbíos;Shushufindi;De 40-44;33
Sucumbíos;Shushufindi;De 45-49;38
Sucumbíos;Shushufindi;De 50-54;21
Sucumbíos;Shushufindi;De 55-59;24
Sucumbíos;Shushufindi;De 60-64;19
Sucumbíos;Shushufindi;De 65-69;10
Sucumbíos;Shushufindi;De 70-74;8
Sucumbíos;Shushufindi;De 75-79;8
Sucumbíos;Shushufindi;De 80-84;
Sucumbíos;Shushufindi;85 o más;
Sucumbíos;Shushufindi;Total San Roque;4.483
Sucumbíos;Shushufindi;De 0-4;469
Sucumbíos;Shushufindi;De 5-9;413
Sucumbíos;Shushufindi;De 10-14;569
Sucumbíos;Shushufindi;De 15-19;512
Sucumbíos;Shushufindi;De 20-24;423
Sucumbíos;Shushufindi;De 25-29;385
Sucumbíos;Shushufindi;De 30-34;346
Sucumbíos;Shushufindi;De 35-39;277
Sucumbíos;Shushufindi;De 40-44;235
Sucumbíos;Shushufindi;De 45-49;199
Sucumbíos;Shushufindi;De 50-54;157
Sucumbíos;Shushufindi;De 55-59;150
Sucumbíos;Shushufindi;De 60-64;120
Sucumbíos;Shushufindi;De 65-69;89
Sucumbíos;Shushufindi;De 70-74;54
Sucumbíos;Shushufindi;De 75-79;42
Sucumbíos;Shushufindi;De 80-84;21
Sucumbíos;Shushufindi;85 o más;22
Sucumbíos;Shushufindi;Total San Pedro de los Cofánes;3.644
Sucumbíos;Shushufindi;De 0-4;276
Sucumbíos;Shushufindi;De 5-9;330
Sucumbíos;Shushufindi;De 10-14;337
Sucumbíos;Shushufindi;De 15-19;387
Sucumbíos;Shushufindi;De 20-24;342
Sucumbíos;Shushufindi;De 25-29;308
Sucumbíos;Shushufindi;De 30-34;287
Sucumbíos;Shushufindi;De 35-39;252
Sucumbíos;Shushufindi;De 40-44;233
Sucumbíos;Shushufindi;De 45-49;186
Sucumbíos;Shushufindi;De 50-54;193
Sucumbíos;Shushufindi;De 55-59;163
Sucumbíos;Shushufindi;De 60-64;110
Sucumbíos;Shushufindi;De 65-69;74
Sucumbíos;Shushufindi;De 70-74;61
Sucumbíos;Shushufindi;De 75-79;52
Sucumbíos;Shushufindi;De 80-84;29
Sucumbíos;Shushufindi;85 o más;24
Sucumbíos;Shushufindi;Total Siete de Julio;4.349
Sucumbíos;Shushufindi;De 0-4;369
Sucumbíos;Shushufindi;De 5-9;373
Sucumbíos;Shushufindi;De 10-14;441
Sucumbíos;Shushufindi;De 15-19;436
Sucumbíos;Shushufindi;De 20-24;396
Sucumbíos;Shushufindi;De 25-29;375
Sucumbíos;Shushufindi;De 30-34;337
Sucumbíos;Shushufindi;De 35-39;296
Sucumbíos;Shushufindi;De 40-44;296
Sucumbíos;Shushufindi;De 45-49;238
Sucumbíos;Shushufindi;De 50-54;202
Sucumbíos;Shushufindi;De 55-59;149
Sucumbíos;Shushufindi;De 60-64;125
Sucumbíos;Shushufindi;De 65-69;108
Sucumbíos;Shushufindi;De 70-74;73
Sucumbíos;Shushufindi;De 75-79;66
Sucumbíos;Shushufindi;De 80-84;39
Sucumbíos;Shushufindi;85 o más;30
Sucumbíos;Sucumbíos;Total Sucumbíos;3.174
Sucumbíos;Sucumbíos;De 0-4;196
Sucumbíos;Sucumbíos;De 5-9;247
Sucumbíos;Sucumbíos;De 10-14;298
Sucumbíos;Sucumbíos;De 15-19;336
Sucumbíos;Sucumbíos;De 20-24;343
Sucumbíos;Sucumbíos;De 25-29;235
Sucumbíos;Sucumbíos;De 30-34;230
Sucumbíos;Sucumbíos;De 35-39;195
Sucumbíos;Sucumbíos;De 40-44;192
Sucumbíos;Sucumbíos;De 45-49;177
Sucumbíos;Sucumbíos;De 50-54;170
Sucumbíos;Sucumbíos;De 55-59;156
Sucumbíos;Sucumbíos;De 60-64;109
Sucumbíos;Sucumbíos;De 65-69;87
Sucumbíos;Sucumbíos;De 70-74;79
Sucumbíos;Sucumbíos;De 75-79;55
Sucumbíos;Sucumbíos;De 80-84;37
Sucumbíos;Sucumbíos;85 o más;32
Sucumbíos;Sucumbíos;Total La Bonita;935
Sucumbíos;Sucumbíos;De 0-4;71
Sucumbíos;Sucumbíos;De 5-9;88
Sucumbíos;Sucumbíos;De 10-14;94
Sucumbíos;Sucumbíos;De 15-19;78
Sucumbíos;Sucumbíos;De 20-24;102
Sucumbíos;Sucumbíos;De 25-29;82
Sucumbíos;Sucumbíos;De 30-34;94
Sucumbíos;Sucumbíos;De 35-39;50
Sucumbíos;Sucumbíos;De 40-44;52
Sucumbíos;Sucumbíos;De 45-49;46
Sucumbíos;Sucumbíos;De 50-54;45
Sucumbíos;Sucumbíos;De 55-59;41
Sucumbíos;Sucumbíos;De 60-64;27
Sucumbíos;Sucumbíos;De 65-69;22
Sucumbíos;Sucumbíos;De 70-74;13
Sucumbíos;Sucumbíos;De 75-79;15
Sucumbíos;Sucumbíos;De 80-84;7
Sucumbíos;Sucumbíos;85 o más;8
Sucumbíos;Sucumbíos;Total El Playón de San Francisco;1.248
Sucumbíos;Sucumbíos;De 0-4;76
Sucumbíos;Sucumbíos;De 5-9;82
Sucumbíos;Sucumbíos;De 10-14;91
Sucumbíos;Sucumbíos;De 15-19;137
Sucumbíos;Sucumbíos;De 20-24;140
Sucumbíos;Sucumbíos;De 25-29;88
Sucumbíos;Sucumbíos;De 30-34;74
Sucumbíos;Sucumbíos;De 35-39;76
Sucumbíos;Sucumbíos;De 40-44;85
Sucumbíos;Sucumbíos;De 45-49;64
Sucumbíos;Sucumbíos;De 50-54;84
Sucumbíos;Sucumbíos;De 55-59;68
Sucumbíos;Sucumbíos;De 60-64;45
Sucumbíos;Sucumbíos;De 65-69;36
Sucumbíos;Sucumbíos;De 70-74;41
Sucumbíos;Sucumbíos;De 75-79;30
Sucumbíos;Sucumbíos;De 80-84;18
Sucumbíos;Sucumbíos;85 o más;13
Sucumbíos;Sucumbíos;Total La Sofía;122
Sucumbíos;Sucumbíos;De 0-4;4
Sucumbíos;Sucumbíos;De 5-9;9
Sucumbíos;Sucumbíos;De 10-14;15
Sucumbíos;Sucumbíos;De 15-19;13
Sucumbíos;Sucumbíos;De 20-24;15
Sucumbíos;Sucumbíos;De 25-29;10
Sucumbíos;Sucumbíos;De 30-34;7
Sucumbíos;Sucumbíos;De 35-39;11
Sucumbíos;Sucumbíos;De 40-44;8
Sucumbíos;Sucumbíos;De 45-49;5
Sucumbíos;Sucumbíos;De 50-54;5
Sucumbíos;Sucumbíos;De 55-59;6
Sucumbíos;Sucumbíos;De 60-64;4
Sucumbíos;Sucumbíos;De 65-69;3
Sucumbíos;Sucumbíos;De 70-74;3
Sucumbíos;Sucumbíos;De 75-79;1
Sucumbíos;Sucumbíos;De 80-84;2
Sucumbíos;Sucumbíos;85 o más;1
Sucumbíos;Sucumbíos;Total Rosa Florida;270
Sucumbíos;Sucumbíos;De 0-4;15
Sucumbíos;Sucumbíos;De 5-9;26
Sucumbíos;Sucumbíos;De 10-14;34
Sucumbíos;Sucumbíos;De 15-19;30
Sucumbíos;Sucumbíos;De 20-24;26
Sucumbíos;Sucumbíos;De 25-29;13
Sucumbíos;Sucumbíos;De 30-34;20
Sucumbíos;Sucumbíos;De 35-39;16
Sucumbíos;Sucumbíos;De 40-44;7
Sucumbíos;Sucumbíos;De 45-49;20
Sucumbíos;Sucumbíos;De 50-54;20
Sucumbíos;Sucumbíos;De 55-59;13
Sucumbíos;Sucumbíos;De 60-64;9
Sucumbíos;Sucumbíos;De 65-69;4
Sucumbíos;Sucumbíos;De 70-74;10
Sucumbíos;Sucumbíos;De 75-79;3
Sucumbíos;Sucumbíos;De 80-84;1
Sucumbíos;Sucumbíos;85 o más;3
Sucumbíos;Sucumbíos;Total Santa Bárbara;599
Sucumbíos;Sucumbíos;De 0-4;30
Sucumbíos;Sucumbíos;De 5-9;42
Sucumbíos;Sucumbíos;De 10-14;64
Sucumbíos;Sucumbíos;De 15-19;78
Sucumbíos;Sucumbíos;De 20-24;60
Sucumbíos;Sucumbíos;De 25-29;42
Sucumbíos;Sucumbíos;De 30-34;35
Sucumbíos;Sucumbíos;De 35-39;42
Sucumbíos;Sucumbíos;De 40-44;40
Sucumbíos;Sucumbíos;De 45-49;42
Sucumbíos;Sucumbíos;De 50-54;16
Sucumbíos;Sucumbíos;De 55-59;28
Sucumbíos;Sucumbíos;De 60-64;24
Sucumbíos;Sucumbíos;De 65-69;22
Sucumbíos;Sucumbíos;De 70-74;12
Sucumbíos;Sucumbíos;De 75-79;6
Sucumbíos;Sucumbíos;De 80-84;9
Sucumbíos;Sucumbíos;85 o más;7
Sucumbíos;Cascales;Total Cascales;11.744
Sucumbíos;Cascales;De 0-4;1.116
Sucumbíos;Cascales;De 5-9;1.282
Sucumbíos;Cascales;De 10-14;1.430
Sucumbíos;Cascales;De 15-19;1.281
Sucumbíos;Cascales;De 20-24;971
Sucumbíos;Cascales;De 25-29;896
Sucumbíos;Cascales;De 30-34;799
Sucumbíos;Cascales;De 35-39;736
Sucumbíos;Cascales;De 40-44;636
Sucumbíos;Cascales;De 45-49;531
Sucumbíos;Cascales;De 50-54;487
Sucumbíos;Cascales;De 55-59;438
Sucumbíos;Cascales;De 60-64;323
Sucumbíos;Cascales;De 65-69;275
Sucumbíos;Cascales;De 70-74;191
Sucumbíos;Cascales;De 75-79;155
Sucumbíos;Cascales;De 80-84;112
Sucumbíos;Cascales;85 o más;85
Sucumbíos;Cascales;Total El Dorado de Cascales;3.801
Sucumbíos;Cascales;De 0-4;320
Sucumbíos;Cascales;De 5-9;356
Sucumbíos;Cascales;De 10-14;420
Sucumbíos;Cascales;De 15-19;387
Sucumbíos;Cascales;De 20-24;324
Sucumbíos;Cascales;De 25-29;330
Sucumbíos;Cascales;De 30-34;302
Sucumbíos;Cascales;De 35-39;281
Sucumbíos;Cascales;De 40-44;233
Sucumbíos;Cascales;De 45-49;187
Sucumbíos;Cascales;De 50-54;166
Sucumbíos;Cascales;De 55-59;146
Sucumbíos;Cascales;De 60-64;99
Sucumbíos;Cascales;De 65-69;87
Sucumbíos;Cascales;De 70-74;49
Sucumbíos;Cascales;De 75-79;45
Sucumbíos;Cascales;De 80-84;38
Sucumbíos;Cascales;85 o más;31
Sucumbíos;Cascales;Total Santa Rosa de Sucumbíos;603
Sucumbíos;Cascales;De 0-4;51
Sucumbíos;Cascales;De 5-9;58
Sucumbíos;Cascales;De 10-14;68
Sucumbíos;Cascales;De 15-19;84
Sucumbíos;Cascales;De 20-24;57
Sucumbíos;Cascales;De 25-29;41
Sucumbíos;Cascales;De 30-34;45
Sucumbíos;Cascales;De 35-39;35
Sucumbíos;Cascales;De 40-44;40
Sucumbíos;Cascales;De 45-49;21
Sucumbíos;Cascales;De 50-54;22
Sucumbíos;Cascales;De 55-59;23
Sucumbíos;Cascales;De 60-64;16
Sucumbíos;Cascales;De 65-69;18
Sucumbíos;Cascales;De 70-74;11
Sucumbíos;Cascales;De 75-79;6
Sucumbíos;Cascales;De 80-84;6
Sucumbíos;Cascales;85 o más;1
Sucumbíos;Cascales;Total Sevilla;3.106
Sucumbíos;Cascales;De 0-4;227
Sucumbíos;Cascales;De 5-9;298
Sucumbíos;Cascales;De 10-14;336
Sucumbíos;Cascales;De 15-19;319
Sucumbíos;Cascales;De 20-24;269
Sucumbíos;Cascales;De 25-29;237
Sucumbíos;Cascales;De 30-34;205
Sucumbíos;Cascales;De 35-39;210
Sucumbíos;Cascales;De 40-44;179
Sucumbíos;Cascales;De 45-49;151
Sucumbíos;Cascales;De 50-54;138
Sucumbíos;Cascales;De 55-59;131
Sucumbíos;Cascales;De 60-64;97
Sucumbíos;Cascales;De 65-69;92
Sucumbíos;Cascales;De 70-74;81
Sucumbíos;Cascales;De 75-79;55
Sucumbíos;Cascales;De 80-84;42
Sucumbíos;Cascales;85 o más;39
Sucumbíos;Cascales;Total Nueva Troncal;4.234
Sucumbíos;Cascales;De 0-4;518
Sucumbíos;Cascales;De 5-9;570
Sucumbíos;Cascales;De 10-14;606
Sucumbíos;Cascales;De 15-19;491
Sucumbíos;Cascales;De 20-24;321
Sucumbíos;Cascales;De 25-29;288
Sucumbíos;Cascales;De 30-34;247
Sucumbíos;Cascales;De 35-39;210
Sucumbíos;Cascales;De 40-44;184
Sucumbíos;Cascales;De 45-49;172
Sucumbíos;Cascales;De 50-54;161
Sucumbíos;Cascales;De 55-59;138
Sucumbíos;Cascales;De 60-64;111
Sucumbíos;Cascales;De 65-69;78
Sucumbíos;Cascales;De 70-74;50
Sucumbíos;Cascales;De 75-79;49
Sucumbíos;Cascales;De 80-84;26
Sucumbíos;Cascales;85 o más;14
Sucumbíos;Cuyabeno;Total Cuyabeno;8.852
Sucumbíos;Cuyabeno;De 0-4;834
Sucumbíos;Cuyabeno;De 5-9;936
Sucumbíos;Cuyabeno;De 10-14;1.089
Sucumbíos;Cuyabeno;De 15-19;895
Sucumbíos;Cuyabeno;De 20-24;790
Sucumbíos;Cuyabeno;De 25-29;746
Sucumbíos;Cuyabeno;De 30-34;695
Sucumbíos;Cuyabeno;De 35-39;588
Sucumbíos;Cuyabeno;De 40-44;519
Sucumbíos;Cuyabeno;De 45-49;399
Sucumbíos;Cuyabeno;De 50-54;336
Sucumbíos;Cuyabeno;De 55-59;306
Sucumbíos;Cuyabeno;De 60-64;234
Sucumbíos;Cuyabeno;De 65-69;171
Sucumbíos;Cuyabeno;De 70-74;139
Sucumbíos;Cuyabeno;De 75-79;84
Sucumbíos;Cuyabeno;De 80-84;56
Sucumbíos;Cuyabeno;85 o más;35
Sucumbíos;Cuyabeno;Total Tarapoa;6.739
Sucumbíos;Cuyabeno;De 0-4;632
Sucumbíos;Cuyabeno;De 5-9;708
Sucumbíos;Cuyabeno;De 10-14;843
Sucumbíos;Cuyabeno;De 15-19;655
Sucumbíos;Cuyabeno;De 20-24;576
Sucumbíos;Cuyabeno;De 25-29;560
Sucumbíos;Cuyabeno;De 30-34;547
Sucumbíos;Cuyabeno;De 35-39;453
Sucumbíos;Cuyabeno;De 40-44;398
Sucumbíos;Cuyabeno;De 45-49;306
Sucumbíos;Cuyabeno;De 50-54;266
Sucumbíos;Cuyabeno;De 55-59;244
Sucumbíos;Cuyabeno;De 60-64;184
Sucumbíos;Cuyabeno;De 65-69;137
Sucumbíos;Cuyabeno;De 70-74;101
Sucumbíos;Cuyabeno;De 75-79;57
Sucumbíos;Cuyabeno;De 80-84;47
Sucumbíos;Cuyabeno;85 o más;25
Sucumbíos;Cuyabeno;Total Cuyabeno;435
Sucumbíos;Cuyabeno;De 0-4;48
Sucumbíos;Cuyabeno;De 5-9;68
Sucumbíos;Cuyabeno;De 10-14;61
Sucumbíos;Cuyabeno;De 15-19;46
Sucumbíos;Cuyabeno;De 20-24;36
Sucumbíos;Cuyabeno;De 25-29;38
Sucumbíos;Cuyabeno;De 30-34;31
Sucumbíos;Cuyabeno;De 35-39;28
Sucumbíos;Cuyabeno;De 40-44;29
Sucumbíos;Cuyabeno;De 45-49;13
Sucumbíos;Cuyabeno;De 50-54;10
Sucumbíos;Cuyabeno;De 55-59;5
Sucumbíos;Cuyabeno;De 60-64;7
Sucumbíos;Cuyabeno;De 65-69;5
Sucumbíos;Cuyabeno;De 70-74;3
Sucumbíos;Cuyabeno;De 75-79;5
Sucumbíos;Cuyabeno;De 80-84;2
Sucumbíos;Cuyabeno;85 o más;
Sucumbíos;Cuyabeno;Total Aguas Negras;1.678
Sucumbíos;Cuyabeno;De 0-4;154
Sucumbíos;Cuyabeno;De 5-9;160
Sucumbíos;Cuyabeno;De 10-14;185
Sucumbíos;Cuyabeno;De 15-19;194
Sucumbíos;Cuyabeno;De 20-24;178
Sucumbíos;Cuyabeno;De 25-29;148
Sucumbíos;Cuyabeno;De 30-34;117
Sucumbíos;Cuyabeno;De 35-39;107
Sucumbíos;Cuyabeno;De 40-44;92
Sucumbíos;Cuyabeno;De 45-49;80
Sucumbíos;Cuyabeno;De 50-54;60
Sucumbíos;Cuyabeno;De 55-59;57
Sucumbíos;Cuyabeno;De 60-64;43
Sucumbíos;Cuyabeno;De 65-69;29
Sucumbíos;Cuyabeno;De 70-74;35
Sucumbíos;Cuyabeno;De 75-79;22
Sucumbíos;Cuyabeno;De 80-84;7
Sucumbíos;Cuyabeno;85 o más;10
Orellana;Total Orellana;Total Orellana;182.166
Orellana;Total Orellana;De 0-4;19.273
Orellana;Total Orellana;De 5-9;20.175
Orellana;Total Orellana;De 10-14;22.016
Orellana;Total Orellana;De 15-19;19.019
Orellana;Total Orellana;De 20-24;16.058
Orellana;Total Orellana;De 25-29;15.073
Orellana;Total Orellana;De 30-34;14.017
Orellana;Total Orellana;De 35-39;12.502
Orellana;Total Orellana;De 40-44;10.671
Orellana;Total Orellana;De 45-49;8.413
Orellana;Total Orellana;De 50-54;6.891
Orellana;Total Orellana;De 55-59;5.657
Orellana;Total Orellana;De 60-64;4.364
Orellana;Total Orellana;De 65-69;3.244
Orellana;Total Orellana;De 70-74;2.010
Orellana;Total Orellana;De 75-79;1.347
Orellana;Total Orellana;De 80-84;818
Orellana;Total Orellana;85 o más;618
Orellana;Francisco de Orellana;Total Francisco de Orellana;95.130
Orellana;Francisco de Orellana;De 0-4;9.939
Orellana;Francisco de Orellana;De 5-9;10.429
Orellana;Francisco de Orellana;De 10-14;11.359
Orellana;Francisco de Orellana;De 15-19;9.957
Orellana;Francisco de Orellana;De 20-24;8.506
Orellana;Francisco de Orellana;De 25-29;8.152
Orellana;Francisco de Orellana;De 30-34;7.543
Orellana;Francisco de Orellana;De 35-39;6.651
Orellana;Francisco de Orellana;De 40-44;5.586
Orellana;Francisco de Orellana;De 45-49;4.403
Orellana;Francisco de Orellana;De 50-54;3.598
Orellana;Francisco de Orellana;De 55-59;2.993
Orellana;Francisco de Orellana;De 60-64;2.191
Orellana;Francisco de Orellana;De 65-69;1.562
Orellana;Francisco de Orellana;De 70-74;940
Orellana;Francisco de Orellana;De 75-79;649
Orellana;Francisco de Orellana;De 80-84;370
Orellana;Francisco de Orellana;85 o más;302
Orellana;Francisco de Orellana;Total El Coca;59.104
Orellana;Francisco de Orellana;De 0-4;5.662
Orellana;Francisco de Orellana;De 5-9;6.022
Orellana;Francisco de Orellana;De 10-14;6.684
Orellana;Francisco de Orellana;De 15-19;6.030
Orellana;Francisco de Orellana;De 20-24;5.487
Orellana;Francisco de Orellana;De 25-29;5.368
Orellana;Francisco de Orellana;De 30-34;5.031
Orellana;Francisco de Orellana;De 35-39;4.579
Orellana;Francisco de Orellana;De 40-44;3.874
Orellana;Francisco de Orellana;De 45-49;3.003
Orellana;Francisco de Orellana;De 50-54;2.291
Orellana;Francisco de Orellana;De 55-59;1.786
Orellana;Francisco de Orellana;De 60-64;1.265
Orellana;Francisco de Orellana;De 65-69;852
Orellana;Francisco de Orellana;De 70-74;490
Orellana;Francisco de Orellana;De 75-79;337
Orellana;Francisco de Orellana;De 80-84;186
Orellana;Francisco de Orellana;85 o más;157
Orellana;Francisco de Orellana;Total Dayuma;7.253
Orellana;Francisco de Orellana;De 0-4;766
Orellana;Francisco de Orellana;De 5-9;881
Orellana;Francisco de Orellana;De 10-14;911
Orellana;Francisco de Orellana;De 15-19;772
Orellana;Francisco de Orellana;De 20-24;648
Orellana;Francisco de Orellana;De 25-29;603
Orellana;Francisco de Orellana;De 30-34;556
Orellana;Francisco de Orellana;De 35-39;438
Orellana;Francisco de Orellana;De 40-44;342
Orellana;Francisco de Orellana;De 45-49;295
Orellana;Francisco de Orellana;De 50-54;262
Orellana;Francisco de Orellana;De 55-59;245
Orellana;Francisco de Orellana;De 60-64;185
Orellana;Francisco de Orellana;De 65-69;144
Orellana;Francisco de Orellana;De 70-74;73
Orellana;Francisco de Orellana;De 75-79;68
Orellana;Francisco de Orellana;De 80-84;32
Orellana;Francisco de Orellana;85 o más;32
Orellana;Francisco de Orellana;Total Taracoa;3.107
Orellana;Francisco de Orellana;De 0-4;363
Orellana;Francisco de Orellana;De 5-9;342
Orellana;Francisco de Orellana;De 10-14;389
Orellana;Francisco de Orellana;De 15-19;362
Orellana;Francisco de Orellana;De 20-24;254
Orellana;Francisco de Orellana;De 25-29;224
Orellana;Francisco de Orellana;De 30-34;210
Orellana;Francisco de Orellana;De 35-39;190
Orellana;Francisco de Orellana;De 40-44;154
Orellana;Francisco de Orellana;De 45-49;117
Orellana;Francisco de Orellana;De 50-54;140
Orellana;Francisco de Orellana;De 55-59;103
Orellana;Francisco de Orellana;De 60-64;90
Orellana;Francisco de Orellana;De 65-69;58
Orellana;Francisco de Orellana;De 70-74;47
Orellana;Francisco de Orellana;De 75-79;24
Orellana;Francisco de Orellana;De 80-84;23
Orellana;Francisco de Orellana;85 o más;17
Orellana;Francisco de Orellana;Total Alejandro Labaka;1.559
Orellana;Francisco de Orellana;De 0-4;223
Orellana;Francisco de Orellana;De 5-9;208
Orellana;Francisco de Orellana;De 10-14;239
Orellana;Francisco de Orellana;De 15-19;193
Orellana;Francisco de Orellana;De 20-24;131
Orellana;Francisco de Orellana;De 25-29;98
Orellana;Francisco de Orellana;De 30-34;106
Orellana;Francisco de Orellana;De 35-39;85
Orellana;Francisco de Orellana;De 40-44;71
Orellana;Francisco de Orellana;De 45-49;41
Orellana;Francisco de Orellana;De 50-54;36
Orellana;Francisco de Orellana;De 55-59;48
Orellana;Francisco de Orellana;De 60-64;41
Orellana;Francisco de Orellana;De 65-69;18
Orellana;Francisco de Orellana;De 70-74;13
Orellana;Francisco de Orellana;De 75-79;3
Orellana;Francisco de Orellana;De 80-84;1
Orellana;Francisco de Orellana;85 o más;4
Orellana;Francisco de Orellana;Total El Dorado;3.279
Orellana;Francisco de Orellana;De 0-4;335
Orellana;Francisco de Orellana;De 5-9;348
Orellana;Francisco de Orellana;De 10-14;399
Orellana;Francisco de Orellana;De 15-19;304
Orellana;Francisco de Orellana;De 20-24;278
Orellana;Francisco de Orellana;De 25-29;289
Orellana;Francisco de Orellana;De 30-34;272
Orellana;Francisco de Orellana;De 35-39;213
Orellana;Francisco de Orellana;De 40-44;180
Orellana;Francisco de Orellana;De 45-49;143
Orellana;Francisco de Orellana;De 50-54;124
Orellana;Francisco de Orellana;De 55-59;113
Orellana;Francisco de Orellana;De 60-64;86
Orellana;Francisco de Orellana;De 65-69;73
Orellana;Francisco de Orellana;De 70-74;46
Orellana;Francisco de Orellana;De 75-79;36
Orellana;Francisco de Orellana;De 80-84;23
Orellana;Francisco de Orellana;85 o más;17
Orellana;Francisco de Orellana;Total El Edén;1.246
Orellana;Francisco de Orellana;De 0-4;212
Orellana;Francisco de Orellana;De 5-9;185
Orellana;Francisco de Orellana;De 10-14;176
Orellana;Francisco de Orellana;De 15-19;135
Orellana;Francisco de Orellana;De 20-24;102
Orellana;Francisco de Orellana;De 25-29;94
Orellana;Francisco de Orellana;De 30-34;84
Orellana;Francisco de Orellana;De 35-39;59
Orellana;Francisco de Orellana;De 40-44;51
Orellana;Francisco de Orellana;De 45-49;38
Orellana;Francisco de Orellana;De 50-54;28
Orellana;Francisco de Orellana;De 55-59;32
Orellana;Francisco de Orellana;De 60-64;22
Orellana;Francisco de Orellana;De 65-69;15
Orellana;Francisco de Orellana;De 70-74;6
Orellana;Francisco de Orellana;De 75-79;3
Orellana;Francisco de Orellana;De 80-84;2
Orellana;Francisco de Orellana;85 o más;2
Orellana;Francisco de Orellana;Total García Moreno;1.491
Orellana;Francisco de Orellana;De 0-4;172
Orellana;Francisco de Orellana;De 5-9;175
Orellana;Francisco de Orellana;De 10-14;164
Orellana;Francisco de Orellana;De 15-19;159
Orellana;Francisco de Orellana;De 20-24;136
Orellana;Francisco de Orellana;De 25-29;108
Orellana;Francisco de Orellana;De 30-34;74
Orellana;Francisco de Orellana;De 35-39;95
Orellana;Francisco de Orellana;De 40-44;74
Orellana;Francisco de Orellana;De 45-49;66
Orellana;Francisco de Orellana;De 50-54;47
Orellana;Francisco de Orellana;De 55-59;53
Orellana;Francisco de Orellana;De 60-64;47
Orellana;Francisco de Orellana;De 65-69;37
Orellana;Francisco de Orellana;De 70-74;32
Orellana;Francisco de Orellana;De 75-79;23
Orellana;Francisco de Orellana;De 80-84;15
Orellana;Francisco de Orellana;85 o más;14
Orellana;Francisco de Orellana;Total Inés Arango;3.661
Orellana;Francisco de Orellana;De 0-4;362
Orellana;Francisco de Orellana;De 5-9;335
Orellana;Francisco de Orellana;De 10-14;450
Orellana;Francisco de Orellana;De 15-19;438
Orellana;Francisco de Orellana;De 20-24;344
Orellana;Francisco de Orellana;De 25-29;310
Orellana;Francisco de Orellana;De 30-34;249
Orellana;Francisco de Orellana;De 35-39;218
Orellana;Francisco de Orellana;De 40-44;153
Orellana;Francisco de Orellana;De 45-49;173
Orellana;Francisco de Orellana;De 50-54;139
Orellana;Francisco de Orellana;De 55-59;132
Orellana;Francisco de Orellana;De 60-64;115
Orellana;Francisco de Orellana;De 65-69;79
Orellana;Francisco de Orellana;De 70-74;71
Orellana;Francisco de Orellana;De 75-79;38
Orellana;Francisco de Orellana;De 80-84;32
Orellana;Francisco de Orellana;85 o más;23
Orellana;Francisco de Orellana;Total La Belleza;5.168
Orellana;Francisco de Orellana;De 0-4;665
Orellana;Francisco de Orellana;De 5-9;689
Orellana;Francisco de Orellana;De 10-14;690
Orellana;Francisco de Orellana;De 15-19;554
Orellana;Francisco de Orellana;De 20-24;365
Orellana;Francisco de Orellana;De 25-29;357
Orellana;Francisco de Orellana;De 30-34;314
Orellana;Francisco de Orellana;De 35-39;256
Orellana;Francisco de Orellana;De 40-44;250
Orellana;Francisco de Orellana;De 45-49;207
Orellana;Francisco de Orellana;De 50-54;185
Orellana;Francisco de Orellana;De 55-59;201
Orellana;Francisco de Orellana;De 60-64;158
Orellana;Francisco de Orellana;De 65-69;114
Orellana;Francisco de Orellana;De 70-74;72
Orellana;Francisco de Orellana;De 75-79;56
Orellana;Francisco de Orellana;De 80-84;25
Orellana;Francisco de Orellana;85 o más;10
Orellana;Francisco de Orellana;Total Nuevo Paraíso;3.511
Orellana;Francisco de Orellana;De 0-4;390
Orellana;Francisco de Orellana;De 5-9;451
Orellana;Francisco de Orellana;De 10-14;429
Orellana;Francisco de Orellana;De 15-19;374
Orellana;Francisco de Orellana;De 20-24;305
Orellana;Francisco de Orellana;De 25-29;277
Orellana;Francisco de Orellana;De 30-34;273
Orellana;Francisco de Orellana;De 35-39;210
Orellana;Francisco de Orellana;De 40-44;183
Orellana;Francisco de Orellana;De 45-49;130
Orellana;Francisco de Orellana;De 50-54;128
Orellana;Francisco de Orellana;De 55-59;115
Orellana;Francisco de Orellana;De 60-64;77
Orellana;Francisco de Orellana;De 65-69;77
Orellana;Francisco de Orellana;De 70-74;39
Orellana;Francisco de Orellana;De 75-79;23
Orellana;Francisco de Orellana;De 80-84;16
Orellana;Francisco de Orellana;85 o más;14
Orellana;Francisco de Orellana;Total San José de Guayusa;3.255
Orellana;Francisco de Orellana;De 0-4;473
Orellana;Francisco de Orellana;De 5-9;438
Orellana;Francisco de Orellana;De 10-14;461
Orellana;Francisco de Orellana;De 15-19;371
Orellana;Francisco de Orellana;De 20-24;267
Orellana;Francisco de Orellana;De 25-29;246
Orellana;Francisco de Orellana;De 30-34;206
Orellana;Francisco de Orellana;De 35-39;159
Orellana;Francisco de Orellana;De 40-44;149
Orellana;Francisco de Orellana;De 45-49;125
Orellana;Francisco de Orellana;De 50-54;111
Orellana;Francisco de Orellana;De 55-59;80
Orellana;Francisco de Orellana;De 60-64;52
Orellana;Francisco de Orellana;De 65-69;50
Orellana;Francisco de Orellana;De 70-74;33
Orellana;Francisco de Orellana;De 75-79;20
Orellana;Francisco de Orellana;De 80-84;8
Orellana;Francisco de Orellana;85 o más;6
Orellana;Francisco de Orellana;Total San Luis de Armenia;2.496
Orellana;Francisco de Orellana;De 0-4;316
Orellana;Francisco de Orellana;De 5-9;355
Orellana;Francisco de Orellana;De 10-14;367
Orellana;Francisco de Orellana;De 15-19;265
Orellana;Francisco de Orellana;De 20-24;189
Orellana;Francisco de Orellana;De 25-29;178
Orellana;Francisco de Orellana;De 30-34;168
Orellana;Francisco de Orellana;De 35-39;149
Orellana;Francisco de Orellana;De 40-44;105
Orellana;Francisco de Orellana;De 45-49;65
Orellana;Francisco de Orellana;De 50-54;107
Orellana;Francisco de Orellana;De 55-59;85
Orellana;Francisco de Orellana;De 60-64;53
Orellana;Francisco de Orellana;De 65-69;45
Orellana;Francisco de Orellana;De 70-74;18
Orellana;Francisco de Orellana;De 75-79;18
Orellana;Francisco de Orellana;De 80-84;7
Orellana;Francisco de Orellana;85 o más;6
Orellana;Aguarico;Total Aguarico;6.872
Orellana;Aguarico;De 0-4;772
Orellana;Aguarico;De 5-9;944
Orellana;Aguarico;De 10-14;963
Orellana;Aguarico;De 15-19;707
Orellana;Aguarico;De 20-24;524
Orellana;Aguarico;De 25-29;506
Orellana;Aguarico;De 30-34;473
Orellana;Aguarico;De 35-39;391
Orellana;Aguarico;De 40-44;347
Orellana;Aguarico;De 45-49;312
Orellana;Aguarico;De 50-54;229
Orellana;Aguarico;De 55-59;211
Orellana;Aguarico;De 60-64;181
Orellana;Aguarico;De 65-69;118
Orellana;Aguarico;De 70-74;76
Orellana;Aguarico;De 75-79;66
Orellana;Aguarico;De 80-84;33
Orellana;Aguarico;85 o más;19
Orellana;Aguarico;Total Nuevo Rocafuerte;3.662
Orellana;Aguarico;De 0-4;397
Orellana;Aguarico;De 5-9;460
Orellana;Aguarico;De 10-14;500
Orellana;Aguarico;De 15-19;370
Orellana;Aguarico;De 20-24;286
Orellana;Aguarico;De 25-29;270
Orellana;Aguarico;De 30-34;266
Orellana;Aguarico;De 35-39;219
Orellana;Aguarico;De 40-44;190
Orellana;Aguarico;De 45-49;188
Orellana;Aguarico;De 50-54;127
Orellana;Aguarico;De 55-59;122
Orellana;Aguarico;De 60-64;99
Orellana;Aguarico;De 65-69;57
Orellana;Aguarico;De 70-74;44
Orellana;Aguarico;De 75-79;34
Orellana;Aguarico;De 80-84;21
Orellana;Aguarico;85 o más;12
Orellana;Aguarico;Total Capitán Augusto Rivadeneyra;1.142
Orellana;Aguarico;De 0-4;146
Orellana;Aguarico;De 5-9;196
Orellana;Aguarico;De 10-14;161
Orellana;Aguarico;De 15-19;120
Orellana;Aguarico;De 20-24;78
Orellana;Aguarico;De 25-29;79
Orellana;Aguarico;De 30-34;78
Orellana;Aguarico;De 35-39;60
Orellana;Aguarico;De 40-44;44
Orellana;Aguarico;De 45-49;41
Orellana;Aguarico;De 50-54;36
Orellana;Aguarico;De 55-59;34
Orellana;Aguarico;De 60-64;24
Orellana;Aguarico;De 65-69;22
Orellana;Aguarico;De 70-74;11
Orellana;Aguarico;De 75-79;11
Orellana;Aguarico;De 80-84;1
Orellana;Aguarico;85 o más;
Orellana;Aguarico;Total Cononaco;708
Orellana;Aguarico;De 0-4;73
Orellana;Aguarico;De 5-9;101
Orellana;Aguarico;De 10-14;100
Orellana;Aguarico;De 15-19;87
Orellana;Aguarico;De 20-24;56
Orellana;Aguarico;De 25-29;63
Orellana;Aguarico;De 30-34;57
Orellana;Aguarico;De 35-39;40
Orellana;Aguarico;De 40-44;46
Orellana;Aguarico;De 45-49;22
Orellana;Aguarico;De 50-54;22
Orellana;Aguarico;De 55-59;8
Orellana;Aguarico;De 60-64;10
Orellana;Aguarico;De 65-69;9
Orellana;Aguarico;De 70-74;6
Orellana;Aguarico;De 75-79;5
Orellana;Aguarico;De 80-84;1
Orellana;Aguarico;85 o más;2
Orellana;Aguarico;Total Santa María de Huiririma;938
Orellana;Aguarico;De 0-4;106
Orellana;Aguarico;De 5-9;138
Orellana;Aguarico;De 10-14;144
Orellana;Aguarico;De 15-19;97
Orellana;Aguarico;De 20-24;77
Orellana;Aguarico;De 25-29;68
Orellana;Aguarico;De 30-34;50
Orellana;Aguarico;De 35-39;47
Orellana;Aguarico;De 40-44;37
Orellana;Aguarico;De 45-49;41
Orellana;Aguarico;De 50-54;33
Orellana;Aguarico;De 55-59;26
Orellana;Aguarico;De 60-64;31
Orellana;Aguarico;De 65-69;11
Orellana;Aguarico;De 70-74;10
Orellana;Aguarico;De 75-79;13
Orellana;Aguarico;De 80-84;6
Orellana;Aguarico;85 o más;3
Orellana;Aguarico;Total Yasuní;422
Orellana;Aguarico;De 0-4;50
Orellana;Aguarico;De 5-9;49
Orellana;Aguarico;De 10-14;58
Orellana;Aguarico;De 15-19;33
Orellana;Aguarico;De 20-24;27
Orellana;Aguarico;De 25-29;26
Orellana;Aguarico;De 30-34;22
Orellana;Aguarico;De 35-39;25
Orellana;Aguarico;De 40-44;30
Orellana;Aguarico;De 45-49;20
Orellana;Aguarico;De 50-54;11
Orellana;Aguarico;De 55-59;21
Orellana;Aguarico;De 60-64;17
Orellana;Aguarico;De 65-69;19
Orellana;Aguarico;De 70-74;5
Orellana;Aguarico;De 75-79;3
Orellana;Aguarico;De 80-84;4
Orellana;Aguarico;85 o más;2
Orellana;La Joya de los Sachas;Total La Joya de los Sachas;52.444
Orellana;La Joya de los Sachas;De 0-4;5.237
Orellana;La Joya de los Sachas;De 5-9;5.265
Orellana;La Joya de los Sachas;De 10-14;5.932
Orellana;La Joya de los Sachas;De 15-19;5.327
Orellana;La Joya de los Sachas;De 20-24;4.803
Orellana;La Joya de los Sachas;De 25-29;4.422
Orellana;La Joya de los Sachas;De 30-34;4.106
Orellana;La Joya de los Sachas;De 35-39;3.819
Orellana;La Joya de los Sachas;De 40-44;3.261
Orellana;La Joya de los Sachas;De 45-49;2.508
Orellana;La Joya de los Sachas;De 50-54;2.099
Orellana;La Joya de los Sachas;De 55-59;1.653
Orellana;La Joya de los Sachas;De 60-64;1.289
Orellana;La Joya de los Sachas;De 65-69;1.070
Orellana;La Joya de los Sachas;De 70-74;697
Orellana;La Joya de los Sachas;De 75-79;444
Orellana;La Joya de los Sachas;De 80-84;285
Orellana;La Joya de los Sachas;85 o más;227
Orellana;La Joya de los Sachas;Total La Joya de los Sachas;25.989
Orellana;La Joya de los Sachas;De 0-4;2.424
Orellana;La Joya de los Sachas;De 5-9;2.536
Orellana;La Joya de los Sachas;De 10-14;2.685
Orellana;La Joya de los Sachas;De 15-19;2.556
Orellana;La Joya de los Sachas;De 20-24;2.414
Orellana;La Joya de los Sachas;De 25-29;2.413
Orellana;La Joya de los Sachas;De 30-34;2.172
Orellana;La Joya de los Sachas;De 35-39;2.061
Orellana;La Joya de los Sachas;De 40-44;1.755
Orellana;La Joya de los Sachas;De 45-49;1.318
Orellana;La Joya de los Sachas;De 50-54;1.078
Orellana;La Joya de los Sachas;De 55-59;805
Orellana;La Joya de los Sachas;De 60-64;601
Orellana;La Joya de los Sachas;De 65-69;489
Orellana;La Joya de los Sachas;De 70-74;280
Orellana;La Joya de los Sachas;De 75-79;180
Orellana;La Joya de los Sachas;De 80-84;119
Orellana;La Joya de los Sachas;85 o más;103
Orellana;La Joya de los Sachas;Total Enokanqui;3.232
Orellana;La Joya de los Sachas;De 0-4;290
Orellana;La Joya de los Sachas;De 5-9;302
Orellana;La Joya de los Sachas;De 10-14;352
Orellana;La Joya de los Sachas;De 15-19;325
Orellana;La Joya de los Sachas;De 20-24;296
Orellana;La Joya de los Sachas;De 25-29;247
Orellana;La Joya de los Sachas;De 30-34;237
Orellana;La Joya de los Sachas;De 35-39;226
Orellana;La Joya de los Sachas;De 40-44;228
Orellana;La Joya de los Sachas;De 45-49;174
Orellana;La Joya de los Sachas;De 50-54;126
Orellana;La Joya de los Sachas;De 55-59;110
Orellana;La Joya de los Sachas;De 60-64;87
Orellana;La Joya de los Sachas;De 65-69;79
Orellana;La Joya de los Sachas;De 70-74;72
Orellana;La Joya de los Sachas;De 75-79;41
Orellana;La Joya de los Sachas;De 80-84;24
Orellana;La Joya de los Sachas;85 o más;16
Orellana;La Joya de los Sachas;Total Pompeya;1.661
Orellana;La Joya de los Sachas;De 0-4;264
Orellana;La Joya de los Sachas;De 5-9;246
Orellana;La Joya de los Sachas;De 10-14;265
Orellana;La Joya de los Sachas;De 15-19;195
Orellana;La Joya de los Sachas;De 20-24;136
Orellana;La Joya de los Sachas;De 25-29;99
Orellana;La Joya de los Sachas;De 30-34;86
Orellana;La Joya de los Sachas;De 35-39;89
Orellana;La Joya de los Sachas;De 40-44;71
Orellana;La Joya de los Sachas;De 45-49;64
Orellana;La Joya de los Sachas;De 50-54;48
Orellana;La Joya de los Sachas;De 55-59;34
Orellana;La Joya de los Sachas;De 60-64;22
Orellana;La Joya de los Sachas;De 65-69;18
Orellana;La Joya de los Sachas;De 70-74;12
Orellana;La Joya de los Sachas;De 75-79;7
Orellana;La Joya de los Sachas;De 80-84;5
Orellana;La Joya de los Sachas;85 o más;
Orellana;La Joya de los Sachas;Total San Carlos;4.243
Orellana;La Joya de los Sachas;De 0-4;421
Orellana;La Joya de los Sachas;De 5-9;359
Orellana;La Joya de los Sachas;De 10-14;475
Orellana;La Joya de los Sachas;De 15-19;435
Orellana;La Joya de los Sachas;De 20-24;404
Orellana;La Joya de los Sachas;De 25-29;321
Orellana;La Joya de los Sachas;De 30-34;340
Orellana;La Joya de los Sachas;De 35-39;308
Orellana;La Joya de los Sachas;De 40-44;262
Orellana;La Joya de los Sachas;De 45-49;207
Orellana;La Joya de los Sachas;De 50-54;170
Orellana;La Joya de los Sachas;De 55-59;136
Orellana;La Joya de los Sachas;De 60-64;125
Orellana;La Joya de los Sachas;De 65-69;92
Orellana;La Joya de los Sachas;De 70-74;81
Orellana;La Joya de los Sachas;De 75-79;60
Orellana;La Joya de los Sachas;De 80-84;29
Orellana;La Joya de los Sachas;85 o más;18
Orellana;La Joya de los Sachas;Total San Sebastián del Coca;5.280
Orellana;La Joya de los Sachas;De 0-4;652
Orellana;La Joya de los Sachas;De 5-9;636
Orellana;La Joya de los Sachas;De 10-14;739
Orellana;La Joya de los Sachas;De 15-19;600
Orellana;La Joya de los Sachas;De 20-24;469
Orellana;La Joya de los Sachas;De 25-29;402
Orellana;La Joya de los Sachas;De 30-34;358
Orellana;La Joya de los Sachas;De 35-39;310
Orellana;La Joya de los Sachas;De 40-44;276
Orellana;La Joya de los Sachas;De 45-49;228
Orellana;La Joya de los Sachas;De 50-54;169
Orellana;La Joya de los Sachas;De 55-59;162
Orellana;La Joya de los Sachas;De 60-64;97
Orellana;La Joya de los Sachas;De 65-69;73
Orellana;La Joya de los Sachas;De 70-74;51
Orellana;La Joya de los Sachas;De 75-79;29
Orellana;La Joya de los Sachas;De 80-84;16
Orellana;La Joya de los Sachas;85 o más;13
Orellana;La Joya de los Sachas;Total Lago San Pedro;2.287
Orellana;La Joya de los Sachas;De 0-4;202
Orellana;La Joya de los Sachas;De 5-9;202
Orellana;La Joya de los Sachas;De 10-14;251
Orellana;La Joya de los Sachas;De 15-19;216
Orellana;La Joya de los Sachas;De 20-24;203
Orellana;La Joya de los Sachas;De 25-29;189
Orellana;La Joya de los Sachas;De 30-34;175
Orellana;La Joya de los Sachas;De 35-39;175
Orellana;La Joya de los Sachas;De 40-44;139
Orellana;La Joya de los Sachas;De 45-49;94
Orellana;La Joya de los Sachas;De 50-54;93
Orellana;La Joya de los Sachas;De 55-59;84
Orellana;La Joya de los Sachas;De 60-64;83
Orellana;La Joya de los Sachas;De 65-69;76
Orellana;La Joya de los Sachas;De 70-74;41
Orellana;La Joya de los Sachas;De 75-79;20
Orellana;La Joya de los Sachas;De 80-84;25
Orellana;La Joya de los Sachas;85 o más;19
Orellana;La Joya de los Sachas;Total Rumipamba;2.144
Orellana;La Joya de los Sachas;De 0-4;204
Orellana;La Joya de los Sachas;De 5-9;217
Orellana;La Joya de los Sachas;De 10-14;276
Orellana;La Joya de los Sachas;De 15-19;204
Orellana;La Joya de los Sachas;De 20-24;199
Orellana;La Joya de los Sachas;De 25-29;160
Orellana;La Joya de los Sachas;De 30-34;155
Orellana;La Joya de los Sachas;De 35-39;126
Orellana;La Joya de los Sachas;De 40-44;126
Orellana;La Joya de los Sachas;De 45-49;104
Orellana;La Joya de los Sachas;De 50-54;95
Orellana;La Joya de los Sachas;De 55-59;81
Orellana;La Joya de los Sachas;De 60-64;50
Orellana;La Joya de los Sachas;De 65-69;63
Orellana;La Joya de los Sachas;De 70-74;29
Orellana;La Joya de los Sachas;De 75-79;23
Orellana;La Joya de los Sachas;De 80-84;18
Orellana;La Joya de los Sachas;85 o más;14
Orellana;La Joya de los Sachas;Total Tres de Noviembre;3.945
Orellana;La Joya de los Sachas;De 0-4;409
Orellana;La Joya de los Sachas;De 5-9;399
Orellana;La Joya de los Sachas;De 10-14;470
Orellana;La Joya de los Sachas;De 15-19;420
Orellana;La Joya de los Sachas;De 20-24;379
Orellana;La Joya de los Sachas;De 25-29;299
Orellana;La Joya de los Sachas;De 30-34;304
Orellana;La Joya de los Sachas;De 35-39;281
Orellana;La Joya de los Sachas;De 40-44;203
Orellana;La Joya de los Sachas;De 45-49;161
Orellana;La Joya de los Sachas;De 50-54;162
Orellana;La Joya de los Sachas;De 55-59;116
Orellana;La Joya de los Sachas;De 60-64;105
Orellana;La Joya de los Sachas;De 65-69;78
Orellana;La Joya de los Sachas;De 70-74;67
Orellana;La Joya de los Sachas;De 75-79;43
Orellana;La Joya de los Sachas;De 80-84;27
Orellana;La Joya de los Sachas;85 o más;22
Orellana;La Joya de los Sachas;Total Unión Milagreña;3.663
Orellana;La Joya de los Sachas;De 0-4;371
Orellana;La Joya de los Sachas;De 5-9;368
Orellana;La Joya de los Sachas;De 10-14;419
Orellana;La Joya de los Sachas;De 15-19;376
Orellana;La Joya de los Sachas;De 20-24;303
Orellana;La Joya de los Sachas;De 25-29;292
Orellana;La Joya de los Sachas;De 30-34;279
Orellana;La Joya de los Sachas;De 35-39;243
Orellana;La Joya de los Sachas;De 40-44;201
Orellana;La Joya de los Sachas;De 45-49;158
Orellana;La Joya de los Sachas;De 50-54;158
Orellana;La Joya de los Sachas;De 55-59;125
Orellana;La Joya de los Sachas;De 60-64;119
Orellana;La Joya de los Sachas;De 65-69;102
Orellana;La Joya de los Sachas;De 70-74;64
Orellana;La Joya de los Sachas;De 75-79;41
Orellana;La Joya de los Sachas;De 80-84;22
Orellana;La Joya de los Sachas;85 o más;22
Orellana;Loreto;Total Loreto;27.720
Orellana;Loreto;De 0-4;3.325
Orellana;Loreto;De 5-9;3.537
Orellana;Loreto;De 10-14;3.762
Orellana;Loreto;De 15-19;3.028
Orellana;Loreto;De 20-24;2.225
Orellana;Loreto;De 25-29;1.993
Orellana;Loreto;De 30-34;1.895
Orellana;Loreto;De 35-39;1.641
Orellana;Loreto;De 40-44;1.477
Orellana;Loreto;De 45-49;1.190
Orellana;Loreto;De 50-54;965
Orellana;Loreto;De 55-59;800
Orellana;Loreto;De 60-64;703
Orellana;Loreto;De 65-69;494
Orellana;Loreto;De 70-74;297
Orellana;Loreto;De 75-79;188
Orellana;Loreto;De 80-84;130
Orellana;Loreto;85 o más;70
Orellana;Loreto;Total Loreto;7.677
Orellana;Loreto;De 0-4;816
Orellana;Loreto;De 5-9;857
Orellana;Loreto;De 10-14;876
Orellana;Loreto;De 15-19;830
Orellana;Loreto;De 20-24;684
Orellana;Loreto;De 25-29;618
Orellana;Loreto;De 30-34;605
Orellana;Loreto;De 35-39;557
Orellana;Loreto;De 40-44;457
Orellana;Loreto;De 45-49;355
Orellana;Loreto;De 50-54;297
Orellana;Loreto;De 55-59;230
Orellana;Loreto;De 60-64;196
Orellana;Loreto;De 65-69;124
Orellana;Loreto;De 70-74;79
Orellana;Loreto;De 75-79;55
Orellana;Loreto;De 80-84;23
Orellana;Loreto;85 o más;18
Orellana;Loreto;Total Ávila;5.863
Orellana;Loreto;De 0-4;698
Orellana;Loreto;De 5-9;711
Orellana;Loreto;De 10-14;812
Orellana;Loreto;De 15-19;624
Orellana;Loreto;De 20-24;485
Orellana;Loreto;De 25-29;419
Orellana;Loreto;De 30-34;389
Orellana;Loreto;De 35-39;341
Orellana;Loreto;De 40-44;327
Orellana;Loreto;De 45-49;272
Orellana;Loreto;De 50-54;203
Orellana;Loreto;De 55-59;168
Orellana;Loreto;De 60-64;126
Orellana;Loreto;De 65-69;127
Orellana;Loreto;De 70-74;68
Orellana;Loreto;De 75-79;50
Orellana;Loreto;De 80-84;29
Orellana;Loreto;85 o más;14
Orellana;Loreto;Total Puerto Murialdo;3.934
Orellana;Loreto;De 0-4;500
Orellana;Loreto;De 5-9;582
Orellana;Loreto;De 10-14;636
Orellana;Loreto;De 15-19;458
Orellana;Loreto;De 20-24;265
Orellana;Loreto;De 25-29;260
Orellana;Loreto;De 30-34;255
Orellana;Loreto;De 35-39;212
Orellana;Loreto;De 40-44;187
Orellana;Loreto;De 45-49;142
Orellana;Loreto;De 50-54;112
Orellana;Loreto;De 55-59;102
Orellana;Loreto;De 60-64;91
Orellana;Loreto;De 65-69;56
Orellana;Loreto;De 70-74;35
Orellana;Loreto;De 75-79;16
Orellana;Loreto;De 80-84;18
Orellana;Loreto;85 o más;7
Orellana;Loreto;Total San José de Payamino;3.576
Orellana;Loreto;De 0-4;435
Orellana;Loreto;De 5-9;524
Orellana;Loreto;De 10-14;539
Orellana;Loreto;De 15-19;403
Orellana;Loreto;De 20-24;257
Orellana;Loreto;De 25-29;248
Orellana;Loreto;De 30-34;228
Orellana;Loreto;De 35-39;175
Orellana;Loreto;De 40-44;161
Orellana;Loreto;De 45-49;151
Orellana;Loreto;De 50-54;125
Orellana;Loreto;De 55-59;97
Orellana;Loreto;De 60-64;96
Orellana;Loreto;De 65-69;63
Orellana;Loreto;De 70-74;40
Orellana;Loreto;De 75-79;13
Orellana;Loreto;De 80-84;17
Orellana;Loreto;85 o más;4
Orellana;Loreto;Total San José de Dahuano;5.461
Orellana;Loreto;De 0-4;767
Orellana;Loreto;De 5-9;728
Orellana;Loreto;De 10-14;746
Orellana;Loreto;De 15-19;593
Orellana;Loreto;De 20-24;428
Orellana;Loreto;De 25-29;351
Orellana;Loreto;De 30-34;327
Orellana;Loreto;De 35-39;283
Orellana;Loreto;De 40-44;277
Orellana;Loreto;De 45-49;223
Orellana;Loreto;De 50-54;185
Orellana;Loreto;De 55-59;154
Orellana;Loreto;De 60-64;157
Orellana;Loreto;De 65-69;95
Orellana;Loreto;De 70-74;59
Orellana;Loreto;De 75-79;43
Orellana;Loreto;De 80-84;27
Orellana;Loreto;85 o más;18
Orellana;Loreto;Total San Vicente de Huaticocha;1.209
Orellana;Loreto;De 0-4;109
Orellana;Loreto;De 5-9;135
Orellana;Loreto;De 10-14;153
Orellana;Loreto;De 15-19;120
Orellana;Loreto;De 20-24;106
Orellana;Loreto;De 25-29;97
Orellana;Loreto;De 30-34;91
Orellana;Loreto;De 35-39;73
Orellana;Loreto;De 40-44;68
Orellana;Loreto;De 45-49;47
Orellana;Loreto;De 50-54;43
Orellana;Loreto;De 55-59;49
Orellana;Loreto;De 60-64;37
Orellana;Loreto;De 65-69;29
Orellana;Loreto;De 70-74;16
Orellana;Loreto;De 75-79;11
Orellana;Loreto;De 80-84;16
Orellana;Loreto;85 o más;9
Santo Domingo de los Tsáchilas;Total Santo Domingo de los Tsáchilas;Total Santo Domingo de los Tsáchilas;492.969
Santo Domingo de los Tsáchilas;Total Santo Domingo de los Tsáchilas;De 0-4;41.032
Santo Domingo de los Tsáchilas;Total Santo Domingo de los Tsáchilas;De 5-9;44.079
Santo Domingo de los Tsáchilas;Total Santo Domingo de los Tsáchilas;De 10-14;50.409
Santo Domingo de los Tsáchilas;Total Santo Domingo de los Tsáchilas;De 15-19;46.975
Santo Domingo de los Tsáchilas;Total Santo Domingo de los Tsáchilas;De 20-24;43.633
Santo Domingo de los Tsáchilas;Total Santo Domingo de los Tsáchilas;De 25-29;39.715
Santo Domingo de los Tsáchilas;Total Santo Domingo de los Tsáchilas;De 30-34;37.428
Santo Domingo de los Tsáchilas;Total Santo Domingo de los Tsáchilas;De 35-39;35.089
Santo Domingo de los Tsáchilas;Total Santo Domingo de los Tsáchilas;De 40-44;31.709
Santo Domingo de los Tsáchilas;Total Santo Domingo de los Tsáchilas;De 45-49;26.376
Santo Domingo de los Tsáchilas;Total Santo Domingo de los Tsáchilas;De 50-54;23.491
Santo Domingo de los Tsáchilas;Total Santo Domingo de los Tsáchilas;De 55-59;19.620
Santo Domingo de los Tsáchilas;Total Santo Domingo de los Tsáchilas;De 60-64;16.327
Santo Domingo de los Tsáchilas;Total Santo Domingo de los Tsáchilas;De 65-69;13.098
Santo Domingo de los Tsáchilas;Total Santo Domingo de los Tsáchilas;De 70-74;9.301
Santo Domingo de los Tsáchilas;Total Santo Domingo de los Tsáchilas;De 75-79;6.572
Santo Domingo de los Tsáchilas;Total Santo Domingo de los Tsáchilas;De 80-84;4.339
Santo Domingo de los Tsáchilas;Total Santo Domingo de los Tsáchilas;85 o más;3.776
Santo Domingo de los Tsáchilas;Santo Domingo;Total Santo Domingo;441.583
Santo Domingo de los Tsáchilas;Santo Domingo;De 0-4;36.149
Santo Domingo de los Tsáchilas;Santo Domingo;De 5-9;39.048
Santo Domingo de los Tsáchilas;Santo Domingo;De 10-14;44.622
Santo Domingo de los Tsáchilas;Santo Domingo;De 15-19;41.710
Santo Domingo de los Tsáchilas;Santo Domingo;De 20-24;39.046
Santo Domingo de los Tsáchilas;Santo Domingo;De 25-29;35.833
Santo Domingo de los Tsáchilas;Santo Domingo;De 30-34;33.764
Santo Domingo de los Tsáchilas;Santo Domingo;De 35-39;31.668
Santo Domingo de los Tsáchilas;Santo Domingo;De 40-44;28.724
Santo Domingo de los Tsáchilas;Santo Domingo;De 45-49;23.947
Santo Domingo de los Tsáchilas;Santo Domingo;De 50-54;21.233
Santo Domingo de los Tsáchilas;Santo Domingo;De 55-59;17.756
Santo Domingo de los Tsáchilas;Santo Domingo;De 60-64;14.694
Santo Domingo de los Tsáchilas;Santo Domingo;De 65-69;11.789
Santo Domingo de los Tsáchilas;Santo Domingo;De 70-74;8.372
Santo Domingo de los Tsáchilas;Santo Domingo;De 75-79;5.917
Santo Domingo de los Tsáchilas;Santo Domingo;De 80-84;3.891
Santo Domingo de los Tsáchilas;Santo Domingo;85 o más;3.420
Santo Domingo de los Tsáchilas;Santo Domingo;Total Santo Domingo de los Colorados;373.321
Santo Domingo de los Tsáchilas;Santo Domingo;De 0-4;30.329
Santo Domingo de los Tsáchilas;Santo Domingo;De 5-9;33.168
Santo Domingo de los Tsáchilas;Santo Domingo;De 10-14;37.639
Santo Domingo de los Tsáchilas;Santo Domingo;De 15-19;35.158
Santo Domingo de los Tsáchilas;Santo Domingo;De 20-24;33.373
Santo Domingo de los Tsáchilas;Santo Domingo;De 25-29;30.848
Santo Domingo de los Tsáchilas;Santo Domingo;De 30-34;29.112
Santo Domingo de los Tsáchilas;Santo Domingo;De 35-39;27.163
Santo Domingo de los Tsáchilas;Santo Domingo;De 40-44;24.530
Santo Domingo de los Tsáchilas;Santo Domingo;De 45-49;20.206
Santo Domingo de los Tsáchilas;Santo Domingo;De 50-54;17.910
Santo Domingo de los Tsáchilas;Santo Domingo;De 55-59;14.705
Santo Domingo de los Tsáchilas;Santo Domingo;De 60-64;12.180
Santo Domingo de los Tsáchilas;Santo Domingo;De 65-69;9.674
Santo Domingo de los Tsáchilas;Santo Domingo;De 70-74;6.815
Santo Domingo de los Tsáchilas;Santo Domingo;De 75-79;4.725
Santo Domingo de los Tsáchilas;Santo Domingo;De 80-84;3.083
Santo Domingo de los Tsáchilas;Santo Domingo;85 o más;2.703
Santo Domingo de los Tsáchilas;Santo Domingo;Total Alluriquín;8.607
Santo Domingo de los Tsáchilas;Santo Domingo;De 0-4;661
Santo Domingo de los Tsáchilas;Santo Domingo;De 5-9;736
Santo Domingo de los Tsáchilas;Santo Domingo;De 10-14;824
Santo Domingo de los Tsáchilas;Santo Domingo;De 15-19;796
Santo Domingo de los Tsáchilas;Santo Domingo;De 20-24;657
Santo Domingo de los Tsáchilas;Santo Domingo;De 25-29;647
Santo Domingo de los Tsáchilas;Santo Domingo;De 30-34;589
Santo Domingo de los Tsáchilas;Santo Domingo;De 35-39;566
Santo Domingo de los Tsáchilas;Santo Domingo;De 40-44;531
Santo Domingo de los Tsáchilas;Santo Domingo;De 45-49;469
Santo Domingo de los Tsáchilas;Santo Domingo;De 50-54;439
Santo Domingo de los Tsáchilas;Santo Domingo;De 55-59;414
Santo Domingo de los Tsáchilas;Santo Domingo;De 60-64;315
Santo Domingo de los Tsáchilas;Santo Domingo;De 65-69;270
Santo Domingo de los Tsáchilas;Santo Domingo;De 70-74;230
Santo Domingo de los Tsáchilas;Santo Domingo;De 75-79;199
Santo Domingo de los Tsáchilas;Santo Domingo;De 80-84;155
Santo Domingo de los Tsáchilas;Santo Domingo;85 o más;109
Santo Domingo de los Tsáchilas;Santo Domingo;Total Puerto Limón;11.630
Santo Domingo de los Tsáchilas;Santo Domingo;De 0-4;1.075
Santo Domingo de los Tsáchilas;Santo Domingo;De 5-9;997
Santo Domingo de los Tsáchilas;Santo Domingo;De 10-14;1.151
Santo Domingo de los Tsáchilas;Santo Domingo;De 15-19;1.114
Santo Domingo de los Tsáchilas;Santo Domingo;De 20-24;994
Santo Domingo de los Tsáchilas;Santo Domingo;De 25-29;877
Santo Domingo de los Tsáchilas;Santo Domingo;De 30-34;766
Santo Domingo de los Tsáchilas;Santo Domingo;De 35-39;770
Santo Domingo de los Tsáchilas;Santo Domingo;De 40-44;654
Santo Domingo de los Tsáchilas;Santo Domingo;De 45-49;666
Santo Domingo de los Tsáchilas;Santo Domingo;De 50-54;571
Santo Domingo de los Tsáchilas;Santo Domingo;De 55-59;538
Santo Domingo de los Tsáchilas;Santo Domingo;De 60-64;440
Santo Domingo de los Tsáchilas;Santo Domingo;De 65-69;331
Santo Domingo de los Tsáchilas;Santo Domingo;De 70-74;253
Santo Domingo de los Tsáchilas;Santo Domingo;De 75-79;190
Santo Domingo de los Tsáchilas;Santo Domingo;De 80-84;132
Santo Domingo de los Tsáchilas;Santo Domingo;85 o más;111
Santo Domingo de los Tsáchilas;Santo Domingo;Total Luz de América;11.504
Santo Domingo de los Tsáchilas;Santo Domingo;De 0-4;980
Santo Domingo de los Tsáchilas;Santo Domingo;De 5-9;984
Santo Domingo de los Tsáchilas;Santo Domingo;De 10-14;1.210
Santo Domingo de los Tsáchilas;Santo Domingo;De 15-19;1.188
Santo Domingo de los Tsáchilas;Santo Domingo;De 20-24;930
Santo Domingo de los Tsáchilas;Santo Domingo;De 25-29;855
Santo Domingo de los Tsáchilas;Santo Domingo;De 30-34;821
Santo Domingo de los Tsáchilas;Santo Domingo;De 35-39;801
Santo Domingo de los Tsáchilas;Santo Domingo;De 40-44;708
Santo Domingo de los Tsáchilas;Santo Domingo;De 45-49;577
Santo Domingo de los Tsáchilas;Santo Domingo;De 50-54;542
Santo Domingo de los Tsáchilas;Santo Domingo;De 55-59;471
Santo Domingo de los Tsáchilas;Santo Domingo;De 60-64;395
Santo Domingo de los Tsáchilas;Santo Domingo;De 65-69;338
Santo Domingo de los Tsáchilas;Santo Domingo;De 70-74;265
Santo Domingo de los Tsáchilas;Santo Domingo;De 75-79;216
Santo Domingo de los Tsáchilas;Santo Domingo;De 80-84;126
Santo Domingo de los Tsáchilas;Santo Domingo;85 o más;97
Santo Domingo de los Tsáchilas;Santo Domingo;Total San Jacinto del Búa;13.624
Santo Domingo de los Tsáchilas;Santo Domingo;De 0-4;1.203
Santo Domingo de los Tsáchilas;Santo Domingo;De 5-9;1.204
Santo Domingo de los Tsáchilas;Santo Domingo;De 10-14;1.393
Santo Domingo de los Tsáchilas;Santo Domingo;De 15-19;1.291
Santo Domingo de los Tsáchilas;Santo Domingo;De 20-24;1.162
Santo Domingo de los Tsáchilas;Santo Domingo;De 25-29;1.018
Santo Domingo de los Tsáchilas;Santo Domingo;De 30-34;911
Santo Domingo de los Tsáchilas;Santo Domingo;De 35-39;876
Santo Domingo de los Tsáchilas;Santo Domingo;De 40-44;817
Santo Domingo de los Tsáchilas;Santo Domingo;De 45-49;729
Santo Domingo de los Tsáchilas;Santo Domingo;De 50-54;660
Santo Domingo de los Tsáchilas;Santo Domingo;De 55-59;613
Santo Domingo de los Tsáchilas;Santo Domingo;De 60-64;524
Santo Domingo de los Tsáchilas;Santo Domingo;De 65-69;438
Santo Domingo de los Tsáchilas;Santo Domingo;De 70-74;312
Santo Domingo de los Tsáchilas;Santo Domingo;De 75-79;197
Santo Domingo de los Tsáchilas;Santo Domingo;De 80-84;139
Santo Domingo de los Tsáchilas;Santo Domingo;85 o más;137
Santo Domingo de los Tsáchilas;Santo Domingo;Total Valle Hermoso;9.865
Santo Domingo de los Tsáchilas;Santo Domingo;De 0-4;851
Santo Domingo de los Tsáchilas;Santo Domingo;De 5-9;896
Santo Domingo de los Tsáchilas;Santo Domingo;De 10-14;953
Santo Domingo de los Tsáchilas;Santo Domingo;De 15-19;940
Santo Domingo de los Tsáchilas;Santo Domingo;De 20-24;861
Santo Domingo de los Tsáchilas;Santo Domingo;De 25-29;695
Santo Domingo de los Tsáchilas;Santo Domingo;De 30-34;661
Santo Domingo de los Tsáchilas;Santo Domingo;De 35-39;651
Santo Domingo de los Tsáchilas;Santo Domingo;De 40-44;683
Santo Domingo de los Tsáchilas;Santo Domingo;De 45-49;580
Santo Domingo de los Tsáchilas;Santo Domingo;De 50-54;476
Santo Domingo de los Tsáchilas;Santo Domingo;De 55-59;419
Santo Domingo de los Tsáchilas;Santo Domingo;De 60-64;345
Santo Domingo de los Tsáchilas;Santo Domingo;De 65-69;273
Santo Domingo de los Tsáchilas;Santo Domingo;De 70-74;211
Santo Domingo de los Tsáchilas;Santo Domingo;De 75-79;148
Santo Domingo de los Tsáchilas;Santo Domingo;De 80-84;121
Santo Domingo de los Tsáchilas;Santo Domingo;85 o más;101
Santo Domingo de los Tsáchilas;Santo Domingo;Total El Esfuerzo;5.973
Santo Domingo de los Tsáchilas;Santo Domingo;De 0-4;472
Santo Domingo de los Tsáchilas;Santo Domingo;De 5-9;504
Santo Domingo de los Tsáchilas;Santo Domingo;De 10-14;664
Santo Domingo de los Tsáchilas;Santo Domingo;De 15-19;536
Santo Domingo de los Tsáchilas;Santo Domingo;De 20-24;509
Santo Domingo de los Tsáchilas;Santo Domingo;De 25-29;401
Santo Domingo de los Tsáchilas;Santo Domingo;De 30-34;419
Santo Domingo de los Tsáchilas;Santo Domingo;De 35-39;392
Santo Domingo de los Tsáchilas;Santo Domingo;De 40-44;352
Santo Domingo de los Tsáchilas;Santo Domingo;De 45-49;319
Santo Domingo de los Tsáchilas;Santo Domingo;De 50-54;307
Santo Domingo de los Tsáchilas;Santo Domingo;De 55-59;270
Santo Domingo de los Tsáchilas;Santo Domingo;De 60-64;218
Santo Domingo de los Tsáchilas;Santo Domingo;De 65-69;203
Santo Domingo de los Tsáchilas;Santo Domingo;De 70-74;135
Santo Domingo de los Tsáchilas;Santo Domingo;De 75-79;126
Santo Domingo de los Tsáchilas;Santo Domingo;De 80-84;66
Santo Domingo de los Tsáchilas;Santo Domingo;85 o más;80
Santo Domingo de los Tsáchilas;Santo Domingo;Total Santa María del Toachi;7.059
Santo Domingo de los Tsáchilas;Santo Domingo;De 0-4;578
Santo Domingo de los Tsáchilas;Santo Domingo;De 5-9;559
Santo Domingo de los Tsáchilas;Santo Domingo;De 10-14;788
Santo Domingo de los Tsáchilas;Santo Domingo;De 15-19;687
Santo Domingo de los Tsáchilas;Santo Domingo;De 20-24;560
Santo Domingo de los Tsáchilas;Santo Domingo;De 25-29;492
Santo Domingo de los Tsáchilas;Santo Domingo;De 30-34;485
Santo Domingo de los Tsáchilas;Santo Domingo;De 35-39;449
Santo Domingo de los Tsáchilas;Santo Domingo;De 40-44;449
Santo Domingo de los Tsáchilas;Santo Domingo;De 45-49;401
Santo Domingo de los Tsáchilas;Santo Domingo;De 50-54;328
Santo Domingo de los Tsáchilas;Santo Domingo;De 55-59;326
Santo Domingo de los Tsáchilas;Santo Domingo;De 60-64;277
Santo Domingo de los Tsáchilas;Santo Domingo;De 65-69;262
Santo Domingo de los Tsáchilas;Santo Domingo;De 70-74;151
Santo Domingo de los Tsáchilas;Santo Domingo;De 75-79;116
Santo Domingo de los Tsáchilas;Santo Domingo;De 80-84;69
Santo Domingo de los Tsáchilas;Santo Domingo;85 o más;82
Santo Domingo de los Tsáchilas;La Concordia;Total La Concordia;51.386
Santo Domingo de los Tsáchilas;La Concordia;De 0-4;4.883
Santo Domingo de los Tsáchilas;La Concordia;De 5-9;5.031
Santo Domingo de los Tsáchilas;La Concordia;De 10-14;5.787
Santo Domingo de los Tsáchilas;La Concordia;De 15-19;5.265
Santo Domingo de los Tsáchilas;La Concordia;De 20-24;4.587
Santo Domingo de los Tsáchilas;La Concordia;De 25-29;3.882
Santo Domingo de los Tsáchilas;La Concordia;De 30-34;3.664
Santo Domingo de los Tsáchilas;La Concordia;De 35-39;3.421
Santo Domingo de los Tsáchilas;La Concordia;De 40-44;2.985
Santo Domingo de los Tsáchilas;La Concordia;De 45-49;2.429
Santo Domingo de los Tsáchilas;La Concordia;De 50-54;2.258
Santo Domingo de los Tsáchilas;La Concordia;De 55-59;1.864
Santo Domingo de los Tsáchilas;La Concordia;De 60-64;1.633
Santo Domingo de los Tsáchilas;La Concordia;De 65-69;1.309
Santo Domingo de los Tsáchilas;La Concordia;De 70-74;929
Santo Domingo de los Tsáchilas;La Concordia;De 75-79;655
Santo Domingo de los Tsáchilas;La Concordia;De 80-84;448
Santo Domingo de los Tsáchilas;La Concordia;85 o más;356
Santo Domingo de los Tsáchilas;La Concordia;Total La Concordia;37.178
Santo Domingo de los Tsáchilas;La Concordia;De 0-4;3.458
Santo Domingo de los Tsáchilas;La Concordia;De 5-9;3.693
Santo Domingo de los Tsáchilas;La Concordia;De 10-14;4.141
Santo Domingo de los Tsáchilas;La Concordia;De 15-19;3.749
Santo Domingo de los Tsáchilas;La Concordia;De 20-24;3.298
Santo Domingo de los Tsáchilas;La Concordia;De 25-29;2.889
Santo Domingo de los Tsáchilas;La Concordia;De 30-34;2.699
Santo Domingo de los Tsáchilas;La Concordia;De 35-39;2.517
Santo Domingo de los Tsáchilas;La Concordia;De 40-44;2.162
Santo Domingo de los Tsáchilas;La Concordia;De 45-49;1.789
Santo Domingo de los Tsáchilas;La Concordia;De 50-54;1.631
Santo Domingo de los Tsáchilas;La Concordia;De 55-59;1.347
Santo Domingo de los Tsáchilas;La Concordia;De 60-64;1.206
Santo Domingo de los Tsáchilas;La Concordia;De 65-69;922
Santo Domingo de los Tsáchilas;La Concordia;De 70-74;651
Santo Domingo de los Tsáchilas;La Concordia;De 75-79;460
Santo Domingo de los Tsáchilas;La Concordia;De 80-84;315
Santo Domingo de los Tsáchilas;La Concordia;85 o más;251
Santo Domingo de los Tsáchilas;La Concordia;Total Monterrey;7.386
Santo Domingo de los Tsáchilas;La Concordia;De 0-4;759
Santo Domingo de los Tsáchilas;La Concordia;De 5-9;740
Santo Domingo de los Tsáchilas;La Concordia;De 10-14;881
Santo Domingo de los Tsáchilas;La Concordia;De 15-19;789
Santo Domingo de los Tsáchilas;La Concordia;De 20-24;638
Santo Domingo de los Tsáchilas;La Concordia;De 25-29;524
Santo Domingo de los Tsáchilas;La Concordia;De 30-34;509
Santo Domingo de los Tsáchilas;La Concordia;De 35-39;484
Santo Domingo de los Tsáchilas;La Concordia;De 40-44;436
Santo Domingo de los Tsáchilas;La Concordia;De 45-49;321
Santo Domingo de los Tsáchilas;La Concordia;De 50-54;318
Santo Domingo de los Tsáchilas;La Concordia;De 55-59;277
Santo Domingo de los Tsáchilas;La Concordia;De 60-64;211
Santo Domingo de los Tsáchilas;La Concordia;De 65-69;176
Santo Domingo de los Tsáchilas;La Concordia;De 70-74;138
Santo Domingo de los Tsáchilas;La Concordia;De 75-79;87
Santo Domingo de los Tsáchilas;La Concordia;De 80-84;60
Santo Domingo de los Tsáchilas;La Concordia;85 o más;38
Santo Domingo de los Tsáchilas;La Concordia;Total La Villegas;4.529
Santo Domingo de los Tsáchilas;La Concordia;De 0-4;440
Santo Domingo de los Tsáchilas;La Concordia;De 5-9;401
Santo Domingo de los Tsáchilas;La Concordia;De 10-14;538
Santo Domingo de los Tsáchilas;La Concordia;De 15-19;494
Santo Domingo de los Tsáchilas;La Concordia;De 20-24;425
Santo Domingo de los Tsáchilas;La Concordia;De 25-29;289
Santo Domingo de los Tsáchilas;La Concordia;De 30-34;287
Santo Domingo de los Tsáchilas;La Concordia;De 35-39;282
Santo Domingo de los Tsáchilas;La Concordia;De 40-44;246
Santo Domingo de los Tsáchilas;La Concordia;De 45-49;217
Santo Domingo de los Tsáchilas;La Concordia;De 50-54;207
Santo Domingo de los Tsáchilas;La Concordia;De 55-59;168
Santo Domingo de los Tsáchilas;La Concordia;De 60-64;134
Santo Domingo de los Tsáchilas;La Concordia;De 65-69;141
Santo Domingo de los Tsáchilas;La Concordia;De 70-74;100
Santo Domingo de los Tsáchilas;La Concordia;De 75-79;68
Santo Domingo de los Tsáchilas;La Concordia;De 80-84;47
Santo Domingo de los Tsáchilas;La Concordia;85 o más;45
Santo Domingo de los Tsáchilas;La Concordia;Total Plan Piloto;2.293
Santo Domingo de los Tsáchilas;La Concordia;De 0-4;226
Santo Domingo de los Tsáchilas;La Concordia;De 5-9;197
Santo Domingo de los Tsáchilas;La Concordia;De 10-14;227
Santo Domingo de los Tsáchilas;La Concordia;De 15-19;233
Santo Domingo de los Tsáchilas;La Concordia;De 20-24;226
Santo Domingo de los Tsáchilas;La Concordia;De 25-29;180
Santo Domingo de los Tsáchilas;La Concordia;De 30-34;169
Santo Domingo de los Tsáchilas;La Concordia;De 35-39;138
Santo Domingo de los Tsáchilas;La Concordia;De 40-44;141
Santo Domingo de los Tsáchilas;La Concordia;De 45-49;102
Santo Domingo de los Tsáchilas;La Concordia;De 50-54;102
Santo Domingo de los Tsáchilas;La Concordia;De 55-59;72
Santo Domingo de los Tsáchilas;La Concordia;De 60-64;82
Santo Domingo de los Tsáchilas;La Concordia;De 65-69;70
Santo Domingo de los Tsáchilas;La Concordia;De 70-74;40
Santo Domingo de los Tsáchilas;La Concordia;De 75-79;40
Santo Domingo de los Tsáchilas;La Concordia;De 80-84;26
Santo Domingo de los Tsáchilas;La Concordia;85 o más;22
Santa Elena;Total Santa Elena;Total Santa Elena;385.735
Santa Elena;Total Santa Elena;De 0-4;34.839
Santa Elena;Total Santa Elena;De 5-9;34.481
Santa Elena;Total Santa Elena;De 10-14;43.053
Santa Elena;Total Santa Elena;De 15-19;36.541
Santa Elena;Total Santa Elena;De 20-24;35.945
Santa Elena;Total Santa Elena;De 25-29;30.134
Santa Elena;Total Santa Elena;De 30-34;27.104
Santa Elena;Total Santa Elena;De 35-39;25.248
Santa Elena;Total Santa Elena;De 40-44;24.205
Santa Elena;Total Santa Elena;De 45-49;20.560
Santa Elena;Total Santa Elena;De 50-54;18.312
Santa Elena;Total Santa Elena;De 55-59;15.421
Santa Elena;Total Santa Elena;De 60-64;12.634
Santa Elena;Total Santa Elena;De 65-69;9.857
Santa Elena;Total Santa Elena;De 70-74;6.842
Santa Elena;Total Santa Elena;De 75-79;4.675
Santa Elena;Total Santa Elena;De 80-84;3.048
Santa Elena;Total Santa Elena;85 o más;2.836
Santa Elena;Santa Elena;Total Santa Elena;186.687
Santa Elena;Santa Elena;De 0-4;17.225
Santa Elena;Santa Elena;De 5-9;16.895
Santa Elena;Santa Elena;De 10-14;21.119
Santa Elena;Santa Elena;De 15-19;17.560
Santa Elena;Santa Elena;De 20-24;17.123
Santa Elena;Santa Elena;De 25-29;14.461
Santa Elena;Santa Elena;De 30-34;12.970
Santa Elena;Santa Elena;De 35-39;12.248
Santa Elena;Santa Elena;De 40-44;11.544
Santa Elena;Santa Elena;De 45-49;9.948
Santa Elena;Santa Elena;De 50-54;8.605
Santa Elena;Santa Elena;De 55-59;7.429
Santa Elena;Santa Elena;De 60-64;6.080
Santa Elena;Santa Elena;De 65-69;4.745
Santa Elena;Santa Elena;De 70-74;3.348
Santa Elena;Santa Elena;De 75-79;2.274
Santa Elena;Santa Elena;De 80-84;1.591
Santa Elena;Santa Elena;85 o más;1.522
Santa Elena;Santa Elena;Total Santa Elena;72.598
Santa Elena;Santa Elena;De 0-4;6.453
Santa Elena;Santa Elena;De 5-9;6.462
Santa Elena;Santa Elena;De 10-14;7.877
Santa Elena;Santa Elena;De 15-19;6.766
Santa Elena;Santa Elena;De 20-24;6.888
Santa Elena;Santa Elena;De 25-29;5.839
Santa Elena;Santa Elena;De 30-34;5.185
Santa Elena;Santa Elena;De 35-39;4.909
Santa Elena;Santa Elena;De 40-44;4.587
Santa Elena;Santa Elena;De 45-49;3.943
Santa Elena;Santa Elena;De 50-54;3.405
Santa Elena;Santa Elena;De 55-59;3.028
Santa Elena;Santa Elena;De 60-64;2.404
Santa Elena;Santa Elena;De 65-69;1.791
Santa Elena;Santa Elena;De 70-74;1.244
Santa Elena;Santa Elena;De 75-79;781
Santa Elena;Santa Elena;De 80-84;527
Santa Elena;Santa Elena;85 o más;509
Santa Elena;Santa Elena;Total Atahualpa;4.004
Santa Elena;Santa Elena;De 0-4;352
Santa Elena;Santa Elena;De 5-9;347
Santa Elena;Santa Elena;De 10-14;466
Santa Elena;Santa Elena;De 15-19;343
Santa Elena;Santa Elena;De 20-24;363
Santa Elena;Santa Elena;De 25-29;308
Santa Elena;Santa Elena;De 30-34;279
Santa Elena;Santa Elena;De 35-39;250
Santa Elena;Santa Elena;De 40-44;244
Santa Elena;Santa Elena;De 45-49;205
Santa Elena;Santa Elena;De 50-54;189
Santa Elena;Santa Elena;De 55-59;138
Santa Elena;Santa Elena;De 60-64;145
Santa Elena;Santa Elena;De 65-69;130
Santa Elena;Santa Elena;De 70-74;112
Santa Elena;Santa Elena;De 75-79;76
Santa Elena;Santa Elena;De 80-84;29
Santa Elena;Santa Elena;85 o más;28
Santa Elena;Santa Elena;Total Colonche;40.058
Santa Elena;Santa Elena;De 0-4;3.953
Santa Elena;Santa Elena;De 5-9;3.752
Santa Elena;Santa Elena;De 10-14;4.752
Santa Elena;Santa Elena;De 15-19;3.736
Santa Elena;Santa Elena;De 20-24;3.661
Santa Elena;Santa Elena;De 25-29;3.036
Santa Elena;Santa Elena;De 30-34;2.684
Santa Elena;Santa Elena;De 35-39;2.634
Santa Elena;Santa Elena;De 40-44;2.479
Santa Elena;Santa Elena;De 45-49;2.146
Santa Elena;Santa Elena;De 50-54;1.731
Santa Elena;Santa Elena;De 55-59;1.442
Santa Elena;Santa Elena;De 60-64;1.175
Santa Elena;Santa Elena;De 65-69;970
Santa Elena;Santa Elena;De 70-74;705
Santa Elena;Santa Elena;De 75-79;504
Santa Elena;Santa Elena;De 80-84;362
Santa Elena;Santa Elena;85 o más;336
Santa Elena;Santa Elena;Total Chanduy;20.558
Santa Elena;Santa Elena;De 0-4;1.923
Santa Elena;Santa Elena;De 5-9;1.886
Santa Elena;Santa Elena;De 10-14;2.352
Santa Elena;Santa Elena;De 15-19;2.024
Santa Elena;Santa Elena;De 20-24;1.978
Santa Elena;Santa Elena;De 25-29;1.512
Santa Elena;Santa Elena;De 30-34;1.396
Santa Elena;Santa Elena;De 35-39;1.289
Santa Elena;Santa Elena;De 40-44;1.241
Santa Elena;Santa Elena;De 45-49;1.059
Santa Elena;Santa Elena;De 50-54;889
Santa Elena;Santa Elena;De 55-59;822
Santa Elena;Santa Elena;De 60-64;693
Santa Elena;Santa Elena;De 65-69;534
Santa Elena;Santa Elena;De 70-74;350
Santa Elena;Santa Elena;De 75-79;254
Santa Elena;Santa Elena;De 80-84;166
Santa Elena;Santa Elena;85 o más;190
Santa Elena;Santa Elena;Total Manglaralto;37.167
Santa Elena;Santa Elena;De 0-4;3.393
Santa Elena;Santa Elena;De 5-9;3.474
Santa Elena;Santa Elena;De 10-14;4.308
Santa Elena;Santa Elena;De 15-19;3.560
Santa Elena;Santa Elena;De 20-24;3.133
Santa Elena;Santa Elena;De 25-29;2.835
Santa Elena;Santa Elena;De 30-34;2.627
Santa Elena;Santa Elena;De 35-39;2.434
Santa Elena;Santa Elena;De 40-44;2.274
Santa Elena;Santa Elena;De 45-49;2.032
Santa Elena;Santa Elena;De 50-54;1.813
Santa Elena;Santa Elena;De 55-59;1.444
Santa Elena;Santa Elena;De 60-64;1.163
Santa Elena;Santa Elena;De 65-69;927
Santa Elena;Santa Elena;De 70-74;663
Santa Elena;Santa Elena;De 75-79;449
Santa Elena;Santa Elena;De 80-84;331
Santa Elena;Santa Elena;85 o más;307
Santa Elena;Santa Elena;Total Simón Bolívar;4.384
Santa Elena;Santa Elena;De 0-4;488
Santa Elena;Santa Elena;De 5-9;348
Santa Elena;Santa Elena;De 10-14;478
Santa Elena;Santa Elena;De 15-19;412
Santa Elena;Santa Elena;De 20-24;437
Santa Elena;Santa Elena;De 25-29;327
Santa Elena;Santa Elena;De 30-34;260
Santa Elena;Santa Elena;De 35-39;231
Santa Elena;Santa Elena;De 40-44;206
Santa Elena;Santa Elena;De 45-49;204
Santa Elena;Santa Elena;De 50-54;187
Santa Elena;Santa Elena;De 55-59;176
Santa Elena;Santa Elena;De 60-64;170
Santa Elena;Santa Elena;De 65-69;143
Santa Elena;Santa Elena;De 70-74;104
Santa Elena;Santa Elena;De 75-79;89
Santa Elena;Santa Elena;De 80-84;65
Santa Elena;Santa Elena;85 o más;59
Santa Elena;Santa Elena;Total San José de Ancón;7.918
Santa Elena;Santa Elena;De 0-4;663
Santa Elena;Santa Elena;De 5-9;626
Santa Elena;Santa Elena;De 10-14;886
Santa Elena;Santa Elena;De 15-19;719
Santa Elena;Santa Elena;De 20-24;663
Santa Elena;Santa Elena;De 25-29;604
Santa Elena;Santa Elena;De 30-34;539
Santa Elena;Santa Elena;De 35-39;501
Santa Elena;Santa Elena;De 40-44;513
Santa Elena;Santa Elena;De 45-49;359
Santa Elena;Santa Elena;De 50-54;391
Santa Elena;Santa Elena;De 55-59;379
Santa Elena;Santa Elena;De 60-64;330
Santa Elena;Santa Elena;De 65-69;250
Santa Elena;Santa Elena;De 70-74;170
Santa Elena;Santa Elena;De 75-79;121
Santa Elena;Santa Elena;De 80-84;111
Santa Elena;Santa Elena;85 o más;93
Santa Elena;La Libertad;Total La Libertad;112.247
Santa Elena;La Libertad;De 0-4;9.912
Santa Elena;La Libertad;De 5-9;9.842
Santa Elena;La Libertad;De 10-14;12.428
Santa Elena;La Libertad;De 15-19;10.729
Santa Elena;La Libertad;De 20-24;10.725
Santa Elena;La Libertad;De 25-29;8.903
Santa Elena;La Libertad;De 30-34;7.878
Santa Elena;La Libertad;De 35-39;7.218
Santa Elena;La Libertad;De 40-44;7.105
Santa Elena;La Libertad;De 45-49;5.947
Santa Elena;La Libertad;De 50-54;5.541
Santa Elena;La Libertad;De 55-59;4.556
Santa Elena;La Libertad;De 60-64;3.740
Santa Elena;La Libertad;De 65-69;2.842
Santa Elena;La Libertad;De 70-74;1.956
Santa Elena;La Libertad;De 75-79;1.331
Santa Elena;La Libertad;De 80-84;803
Santa Elena;La Libertad;85 o más;791
Santa Elena;La Libertad;Total La Libertad;112.247
Santa Elena;La Libertad;De 0-4;9.912
Santa Elena;La Libertad;De 5-9;9.842
Santa Elena;La Libertad;De 10-14;12.428
Santa Elena;La Libertad;De 15-19;10.729
Santa Elena;La Libertad;De 20-24;10.725
Santa Elena;La Libertad;De 25-29;8.903
Santa Elena;La Libertad;De 30-34;7.878
Santa Elena;La Libertad;De 35-39;7.218
Santa Elena;La Libertad;De 40-44;7.105
Santa Elena;La Libertad;De 45-49;5.947
Santa Elena;La Libertad;De 50-54;5.541
Santa Elena;La Libertad;De 55-59;4.556
Santa Elena;La Libertad;De 60-64;3.740
Santa Elena;La Libertad;De 65-69;2.842
Santa Elena;La Libertad;De 70-74;1.956
Santa Elena;La Libertad;De 75-79;1.331
Santa Elena;La Libertad;De 80-84;803
Santa Elena;La Libertad;85 o más;791
Santa Elena;Salinas;Total Salinas;86.801
Santa Elena;Salinas;De 0-4;7.702
Santa Elena;Salinas;De 5-9;7.744
Santa Elena;Salinas;De 10-14;9.506
Santa Elena;Salinas;De 15-19;8.252
Santa Elena;Salinas;De 20-24;8.097
Santa Elena;Salinas;De 25-29;6.770
Santa Elena;Salinas;De 30-34;6.256
Santa Elena;Salinas;De 35-39;5.782
Santa Elena;Salinas;De 40-44;5.556
Santa Elena;Salinas;De 45-49;4.665
Santa Elena;Salinas;De 50-54;4.166
Santa Elena;Salinas;De 55-59;3.436
Santa Elena;Salinas;De 60-64;2.814
Santa Elena;Salinas;De 65-69;2.270
Santa Elena;Salinas;De 70-74;1.538
Santa Elena;Salinas;De 75-79;1.070
Santa Elena;Salinas;De 80-84;654
Santa Elena;Salinas;85 o más;523
Santa Elena;Salinas;Total Salinas;35.081
Santa Elena;Salinas;De 0-4;2.760
Santa Elena;Salinas;De 5-9;2.751
Santa Elena;Salinas;De 10-14;3.402
Santa Elena;Salinas;De 15-19;3.117
Santa Elena;Salinas;De 20-24;3.112
Santa Elena;Salinas;De 25-29;2.616
Santa Elena;Salinas;De 30-34;2.684
Santa Elena;Salinas;De 35-39;2.341
Santa Elena;Salinas;De 40-44;2.353
Santa Elena;Salinas;De 45-49;1.969
Santa Elena;Salinas;De 50-54;1.861
Santa Elena;Salinas;De 55-59;1.603
Santa Elena;Salinas;De 60-64;1.355
Santa Elena;Salinas;De 65-69;1.112
Santa Elena;Salinas;De 70-74;809
Santa Elena;Salinas;De 75-79;577
Santa Elena;Salinas;De 80-84;366
Santa Elena;Salinas;85 o más;293
Santa Elena;Salinas;Total Anconcito;15.052
Santa Elena;Salinas;De 0-4;1.573
Santa Elena;Salinas;De 5-9;1.574
Santa Elena;Salinas;De 10-14;1.864
Santa Elena;Salinas;De 15-19;1.603
Santa Elena;Salinas;De 20-24;1.449
Santa Elena;Salinas;De 25-29;1.205
Santa Elena;Salinas;De 30-34;1.046
Santa Elena;Salinas;De 35-39;958
Santa Elena;Salinas;De 40-44;847
Santa Elena;Salinas;De 45-49;709
Santa Elena;Salinas;De 50-54;660
Santa Elena;Salinas;De 55-59;506
Santa Elena;Salinas;De 60-64;365
Santa Elena;Salinas;De 65-69;267
Santa Elena;Salinas;De 70-74;190
Santa Elena;Salinas;De 75-79;116
Santa Elena;Salinas;De 80-84;67
Santa Elena;Salinas;85 o más;53
Santa Elena;Salinas;Total José Luis Tamayo(Muey);36.668
Santa Elena;Salinas;De 0-4;3.369
Santa Elena;Salinas;De 5-9;3.419
Santa Elena;Salinas;De 10-14;4.240
Santa Elena;Salinas;De 15-19;3.532
Santa Elena;Salinas;De 20-24;3.536
Santa Elena;Salinas;De 25-29;2.949
Santa Elena;Salinas;De 30-34;2.526
Santa Elena;Salinas;De 35-39;2.483
Santa Elena;Salinas;De 40-44;2.356
Santa Elena;Salinas;De 45-49;1.987
Santa Elena;Salinas;De 50-54;1.645
Santa Elena;Salinas;De 55-59;1.327
Santa Elena;Salinas;De 60-64;1.094
Santa Elena;Salinas;De 65-69;891
Santa Elena;Salinas;De 70-74;539
Santa Elena;Salinas;De 75-79;377
Santa Elena;Salinas;De 80-84;221
Santa Elena;Salinas;85 o más;177