provincia ;canton;area;asiste_a_educacion;numero_total_personas;ninguno;guarderia;educación_inicial;alfabetizacion;educacion_general_basica;bachillerato;postbachillerato;educacion_tecnica;educacion_superior;maestria;doctorado
Total Nacional;Nacional;Nacional;Nacional;16.938.986;1.249.373;236.575;342.822;40.884;6.693.121;4.732.108;69.967;399.743;2.809.268;339.129;25.996
Total Nacional;Nacional;Total Nacional;Asiste;5.492.648;;200.395;312.019;2.085;2.900.095;935.304;17.435;108.902;1.007.275;8.420;718
Total Nacional;Nacional;Total Nacional;No asiste;11.446.338;1.249.373;36.180;30.803;38.799;3.793.026;3.796.804;52.532;290.841;1.801.993;330.709;25.278
Total Nacional;Nacional;Urbana;Total Nacional;10.687.151;657.702;123.653;214.474;10.360;3.726.815;3.123.659;50.469;287.422;2.197.224;274.211;21.162
Total Nacional;Nacional;Urbana;Asiste;3.477.710;;105.314;197.251;967;1.749.701;575.098;11.651;74.788;755.797;6.593;550
Total Nacional;Nacional;Urbana;No asiste;7.209.441;657.702;18.339;17.223;9.393;1.977.114;2.548.561;38.818;212.634;1.441.427;267.618;20.612
Total Nacional;Nacional;Rural;Total Nacional;6.251.835;591.671;112.922;128.348;30.524;2.966.306;1.608.449;19.498;112.321;612.044;64.918;4.834
Total Nacional;Nacional;Rural;Asiste;2.014.938;;95.081;114.768;1.118;1.150.394;360.206;5.784;34.114;251.478;1.827;168
Total Nacional;Nacional;Rural;No asiste;4.236.897;591.671;17.841;13.580;29.406;1.815.912;1.248.243;13.714;78.207;360.566;63.091;4.666
Azuay;Total Azuay;Total Azuay;Total Azuay;801.609;51.867;8.519;15.054;2.425;328.616;208.319;3.131;11.837;147.732;22.413;1.696
Azuay;Total Azuay;Urbana;Total Urbana;420.141;20.072;3.004;7.560;429;136.603;112.778;1.879;7.784;109.991;18.581;1.460
Azuay;Total Azuay;Urbana;Asiste;135.738;;2.587;7.080;35;63.768;20.853;486;1.965;38.434;487;43
Azuay;Total Azuay;Urbana;No asiste;284.403;20.072;417;480;394;72.835;91.925;1.393;5.819;71.557;18.094;1.417
Azuay;Total Azuay;Rural;Total Rural;381.468;31.795;5.515;7.494;1.996;192.013;95.541;1.252;4.053;37.741;3.832;236
Azuay;Total Azuay;Rural;Asiste;122.790;;4.724;6.905;79;70.417;22.289;482;1.474;16.259;144;17
Azuay;Total Azuay;Rural;No asiste;258.678;31.795;791;589;1.917;121.596;73.252;770;2.579;21.482;3.688;219
Azuay;Cuenca;Total Cuenca;Total Cuenca;596.101;33.699;4.604;11.204;915;221.458;156.468;2.528;9.991;132.598;21.002;1.634
Azuay;Cuenca;Total Cuenca;Asiste;195.177;;4.082;10.510;67;96.276;31.294;713;2.845;48.756;580;54
Azuay;Cuenca;Total Cuenca;No asiste;400.924;33.699;522;694;848;125.182;125.174;1.815;7.146;83.842;20.422;1.580
Azuay;Cuenca;Urbana;Total Urbana;361.524;16.346;2.197;6.274;230;111.498;95.515;1.647;6.917;101.811;17.667;1.422
Azuay;Cuenca;Urbana;Asiste;116.444;;1.934;5.880;24;52.853;17.499;409;1.726;35.622;457;40
Azuay;Cuenca;Urbana;No asiste;245.080;16.346;263;394;206;58.645;78.016;1.238;5.191;66.189;17.210;1.382
Azuay;Cuenca;Rural;Total Rural;234.577;17.353;2.407;4.930;685;109.960;60.953;881;3.074;30.787;3.335;212
Azuay;Cuenca;Rural;Asiste;78.733;;2.148;4.630;43;43.423;13.795;304;1.119;13.134;123;14
Azuay;Cuenca;Rural;No asiste;155.844;17.353;259;300;642;66.537;47.158;577;1.955;17.653;3.212;198
Azuay;Girón;Total Girón;Total Girón;12.182;873;182;184;124;6.864;2.885;25;126;823;92;4
Azuay;Girón;Total Girón;Asiste;3.631;;146;169;6;2.285;668;8;39;308;2;
Azuay;Girón;Total Girón;No asiste;8.551;873;36;15;118;4.579;2.217;17;87;515;90;4
Azuay;Girón;Urbana;Total Urbana;4.353;270;48;88;13;2.024;1.245;16;76;511;60;2
Azuay;Girón;Urbana;Asiste;1.451;;37;84;;849;253;3;22;201;2;
Azuay;Girón;Urbana;No asiste;2.902;270;11;4;13;1.175;992;13;54;310;58;2
Azuay;Girón;Rural;Total Rural;7.829;603;134;96;111;4.840;1.640;9;50;312;32;2
Azuay;Girón;Rural;Asiste;2.180;;109;85;6;1.436;415;5;17;107;;
Azuay;Girón;Rural;No asiste;5.649;603;25;11;105;3.404;1.225;4;33;205;32;2
Azuay;Gualaceo;Total Gualaceo;Total Gualaceo;43.188;3.568;879;906;220;22.136;10.864;131;386;3.678;396;24
Azuay;Gualaceo;Total Gualaceo;Asiste;14.076;;776;858;10;8.285;2.516;70;124;1.418;16;3
Azuay;Gualaceo;Total Gualaceo;No asiste;29.112;3.568;103;48;210;13.851;8.348;61;262;2.260;380;21
Azuay;Gualaceo;Urbana;Total Urbana;13.843;862;176;302;41;5.942;3.879;47;194;2.095;285;20
Azuay;Gualaceo;Urbana;Asiste;4.672;;158;288;2;2.642;783;18;55;710;13;3
Azuay;Gualaceo;Urbana;No asiste;9.171;862;18;14;39;3.300;3.096;29;139;1.385;272;17
Azuay;Gualaceo;Rural;Total Rural;29.345;2.706;703;604;179;16.194;6.985;84;192;1.583;111;4
Azuay;Gualaceo;Rural;Asiste;9.404;;618;570;8;5.643;1.733;52;69;708;3;
Azuay;Gualaceo;Rural;No asiste;19.941;2.706;85;34;171;10.551;5.252;32;123;875;108;4
Azuay;Nabón;Total Nabón;Total Nabón;14.776;1.783;347;194;203;7.891;3.637;19;74;562;65;1
Azuay;Nabón;Total Nabón;Asiste;4.164;;275;168;;2.473;948;8;21;269;2;
Azuay;Nabón;Total Nabón;No asiste;10.612;1.783;72;26;203;5.418;2.689;11;53;293;63;1
Azuay;Nabón;Urbana;Total Urbana;1.276;85;12;25;13;538;363;4;27;181;27;1
Azuay;Nabón;Urbana;Asiste;399;;8;25;;224;72;1;3;66;;
Azuay;Nabón;Urbana;No asiste;877;85;4;;13;314;291;3;24;115;27;1
Azuay;Nabón;Rural;Total Rural;13.500;1.698;335;169;190;7.353;3.274;15;47;381;38;
Azuay;Nabón;Rural;Asiste;3.765;;267;143;;2.249;876;7;18;203;2;
Azuay;Nabón;Rural;No asiste;9.735;1.698;68;26;190;5.104;2.398;8;29;178;36;
Azuay;Paute;Total Paute;Total Paute;26.782;2.311;343;498;148;13.254;6.988;119;256;2.629;222;14
Azuay;Paute;Total Paute;Asiste;8.366;;285;445;8;4.698;1.661;52;107;1.104;5;1
Azuay;Paute;Total Paute;No asiste;18.416;2.311;58;53;140;8.556;5.327;67;149;1.525;217;13
Azuay;Paute;Urbana;Total Urbana;8.766;515;102;165;24;3.415;2.723;49;112;1.504;149;8
Azuay;Paute;Urbana;Asiste;3.034;;97;156;1;1.559;594;19;38;568;2;
Azuay;Paute;Urbana;No asiste;5.732;515;5;9;23;1.856;2.129;30;74;936;147;8
Azuay;Paute;Rural;Total Rural;18.016;1.796;241;333;124;9.839;4.265;70;144;1.125;73;6
Azuay;Paute;Rural;Asiste;5.332;;188;289;7;3.139;1.067;33;69;536;3;1
Azuay;Paute;Rural;No asiste;12.684;1.796;53;44;117;6.700;3.198;37;75;589;70;5
Azuay;Pucará;Total Pucará;Total Pucará;9.693;1.182;238;164;69;5.414;2.195;10;45;353;23;
Azuay;Pucará;Total Pucará;Asiste;3.001;;199;142;4;1.883;568;4;15;186;;
Azuay;Pucará;Total Pucará;No asiste;6.692;1.182;39;22;65;3.531;1.627;6;30;167;23;
Azuay;Pucará;Urbana;Total Urbana;855;97;5;18;;424;226;3;3;69;10;
Azuay;Pucará;Urbana;Asiste;249;;4;13;;151;51;1;;29;;
Azuay;Pucará;Urbana;No asiste;606;97;1;5;;273;175;2;3;40;10;
Azuay;Pucará;Rural;Total Rural;8.838;1.085;233;146;69;4.990;1.969;7;42;284;13;
Azuay;Pucará;Rural;Asiste;2.752;;195;129;4;1.732;517;3;15;157;;
Azuay;Pucará;Rural;No asiste;6.086;1.085;38;17;65;3.258;1.452;4;27;127;13;
Azuay;San Fernando;Total San Fernando;Total San Fernando;3.738;216;78;83;16;2.012;925;18;51;307;32;
Azuay;San Fernando;Total San Fernando;Asiste;1.050;;58;78;;575;228;3;11;95;2;
Azuay;San Fernando;Total San Fernando;No asiste;2.688;216;20;5;16;1.437;697;15;40;212;30;
Azuay;San Fernando;Urbana;Total Urbana;1.407;49;34;41;3;645;406;10;26;175;18;
Azuay;San Fernando;Urbana;Asiste;428;;26;37;;208;97;1;5;54;;
Azuay;San Fernando;Urbana;No asiste;979;49;8;4;3;437;309;9;21;121;18;
Azuay;San Fernando;Rural;Total Rural;2.331;167;44;42;13;1.367;519;8;25;132;14;
Azuay;San Fernando;Rural;Asiste;622;;32;41;;367;131;2;6;41;2;
Azuay;San Fernando;Rural;No asiste;1.709;167;12;1;13;1.000;388;6;19;91;12;
Azuay;Santa Isabel;Total Santa Isabel;Total Santa Isabel;20.753;1.805;336;382;132;11.174;4.989;62;280;1.450;137;6
Azuay;Santa Isabel;Total Santa Isabel;Asiste;6.149;;264;331;4;3.847;1.145;20;61;469;6;2
Azuay;Santa Isabel;Total Santa Isabel;No asiste;14.604;1.805;72;51;128;7.327;3.844;42;219;981;131;4
Azuay;Santa Isabel;Urbana;Total Urbana;6.194;357;92;144;16;2.714;1.769;24;143;830;103;2
Azuay;Santa Isabel;Urbana;Asiste;2.007;;65;137;3;1.168;348;5;33;245;3;
Azuay;Santa Isabel;Urbana;No asiste;4.187;357;27;7;13;1.546;1.421;19;110;585;100;2
Azuay;Santa Isabel;Rural;Total Rural;14.559;1.448;244;238;116;8.460;3.220;38;137;620;34;4
Azuay;Santa Isabel;Rural;Asiste;4.142;;199;194;1;2.679;797;15;28;224;3;2
Azuay;Santa Isabel;Rural;No asiste;10.417;1.448;45;44;115;5.781;2.423;23;109;396;31;2
Azuay;Sígsig;Total Sígsig;Total Sígsig;24.992;2.058;658;412;390;13.939;5.826;51;130;1.376;149;3
Azuay;Sígsig;Total Sígsig;Asiste;7.641;;531;369;9;4.750;1.419;24;49;483;7;
Azuay;Sígsig;Total Sígsig;No asiste;17.351;2.058;127;43;381;9.189;4.407;27;81;893;142;3
Azuay;Sígsig;Urbana;Total Urbana;4.029;186;70;86;40;1.762;1.180;20;27;578;79;1
Azuay;Sígsig;Urbana;Asiste;1.257;;54;83;3;802;194;7;6;105;3;
Azuay;Sígsig;Urbana;No asiste;2.772;186;16;3;37;960;986;13;21;473;76;1
Azuay;Sígsig;Rural;Total Rural;20.963;1.872;588;326;350;12.177;4.646;31;103;798;70;2
Azuay;Sígsig;Rural;Asiste;6.384;;477;286;6;3.948;1.225;17;43;378;4;
Azuay;Sígsig;Rural;No asiste;14.579;1.872;111;40;344;8.229;3.421;14;60;420;66;2
Azuay;Oña;Total Oña;Total Oña;3.422;294;61;62;34;1.641;976;11;40;276;25;2
Azuay;Oña;Total Oña;Asiste;1.019;;34;54;;565;235;4;10;114;3;
Azuay;Oña;Total Oña;No asiste;2.403;294;27;8;34;1.076;741;7;30;162;22;2
Azuay;Oña;Urbana;Total Urbana;989;48;18;23;7;413;301;4;20;143;12;
Azuay;Oña;Urbana;Asiste;320;;8;20;;174;57;2;2;55;2;
Azuay;Oña;Urbana;No asiste;669;48;10;3;7;239;244;2;18;88;10;
Azuay;Oña;Rural;Total Rural;2.433;246;43;39;27;1.228;675;7;20;133;13;2
Azuay;Oña;Rural;Asiste;699;;26;34;;391;178;2;8;59;1;
Azuay;Oña;Rural;No asiste;1.734;246;17;5;27;837;497;5;12;74;12;2
Azuay;Chordeleg;Total Chordeleg;Total Chordeleg;12.197;1.084;260;249;62;6.852;2.565;43;72;930;78;2
Azuay;Chordeleg;Total Chordeleg;Asiste;3.766;;246;230;3;2.310;582;17;25;349;4;
Azuay;Chordeleg;Total Chordeleg;No asiste;8.431;1.084;14;19;59;4.542;1.983;26;47;581;74;2
Azuay;Chordeleg;Urbana;Total Urbana;4.445;276;55;92;10;2.040;1.182;11;46;663;68;2
Azuay;Chordeleg;Urbana;Asiste;1.453;;52;86;;828;238;5;12;229;3;
Azuay;Chordeleg;Urbana;No asiste;2.992;276;3;6;10;1.212;944;6;34;434;65;2
Azuay;Chordeleg;Rural;Total Rural;7.752;808;205;157;52;4.812;1.383;32;26;267;10;
Azuay;Chordeleg;Rural;Asiste;2.313;;194;144;3;1.482;344;12;13;120;1;
Azuay;Chordeleg;Rural;No asiste;5.439;808;11;13;49;3.330;1.039;20;13;147;9;
Azuay;El Pan;Total El Pan;Total El Pan;2.776;210;32;39;23;1.503;656;14;34;246;19;
Azuay;El Pan;Total El Pan;Asiste;736;;28;25;;418;141;5;11;108;;
Azuay;El Pan;Total El Pan;No asiste;2.040;210;4;14;23;1.085;515;9;23;138;19;
Azuay;El Pan;Urbana;Total Urbana;503;19;5;6;5;202;169;3;11;73;10;
Azuay;El Pan;Urbana;Asiste;150;;5;5;;85;26;;2;27;;
Azuay;El Pan;Urbana;No asiste;353;19;;1;5;117;143;3;9;46;10;
Azuay;El Pan;Rural;Total Rural;2.273;191;27;33;18;1.301;487;11;23;173;9;
Azuay;El Pan;Rural;Asiste;586;;23;20;;333;115;5;9;81;;
Azuay;El Pan;Rural;No asiste;1.687;191;4;13;18;968;372;6;14;92;9;
Azuay;Sevilla de Oro;Total Sevilla de Oro;Total Sevilla de Oro;4.613;286;69;70;26;2.393;1.266;26;52;371;52;2
Azuay;Sevilla de Oro;Total Sevilla de Oro;Asiste;1.409;;55;64;1;808;287;7;20;166;1;
Azuay;Sevilla de Oro;Total Sevilla de Oro;No asiste;3.204;286;14;6;25;1.585;979;19;32;205;51;2
Azuay;Sevilla de Oro;Urbana;Total Urbana;732;29;6;11;8;323;202;15;13;106;19;
Azuay;Sevilla de Oro;Urbana;Asiste;235;;3;10;;132;43;5;7;35;;
Azuay;Sevilla de Oro;Urbana;No asiste;497;29;3;1;8;191;159;10;6;71;19;
Azuay;Sevilla de Oro;Rural;Total Rural;3.881;257;63;59;18;2.070;1.064;11;39;265;33;2
Azuay;Sevilla de Oro;Rural;Asiste;1.174;;52;54;1;676;244;2;13;131;1;
Azuay;Sevilla de Oro;Rural;No asiste;2.707;257;11;5;17;1.394;820;9;26;134;32;2
Azuay;Guachapala;Total Guachapala;Total Guachapala;3.586;277;22;70;24;1.741;1.009;13;36;364;29;1
Azuay;Guachapala;Total Guachapala;Asiste;1.078;;20;64;;605;200;3;15;169;2;
Azuay;Guachapala;Total Guachapala;No asiste;2.508;277;2;6;24;1.136;809;10;21;195;27;1
Azuay;Guachapala;Urbana;Total Urbana;1.210;78;5;31;3;527;349;8;19;181;9;
Azuay;Guachapala;Urbana;Asiste;380;;5;27;;201;60;2;9;75;1;
Azuay;Guachapala;Urbana;No asiste;830;78;;4;3;326;289;6;10;106;8;
Azuay;Guachapala;Rural;Total Rural;2.376;199;17;39;21;1.214;660;5;17;183;20;1
Azuay;Guachapala;Rural;Asiste;698;;15;37;;404;140;1;6;94;1;
Azuay;Guachapala;Rural;No asiste;1.678;199;2;2;21;810;520;4;11;89;19;1
Azuay;Camilo Ponce Enríquez;Total Camilo Ponce Enríquez;Total Camilo Ponce Enríquez;22.810;2.221;410;537;39;10.344;7.070;61;264;1.769;92;3
Azuay;Camilo Ponce Enríquez;Total Camilo Ponce Enríquez;Asiste;7.265;;312;478;2;4.407;1.250;30;86;699;1;
Azuay;Camilo Ponce Enríquez;Total Camilo Ponce Enríquez;No asiste;15.545;2.221;98;59;37;5.937;5.820;31;178;1.070;91;3
Azuay;Camilo Ponce Enríquez;Urbana;Total Urbana;10.015;855;179;254;16;4.136;3.269;18;150;1.071;65;2
Azuay;Camilo Ponce Enríquez;Urbana;Asiste;3.259;;131;229;2;1.892;538;8;45;413;1;
Azuay;Camilo Ponce Enríquez;Urbana;No asiste;6.756;855;48;25;14;2.244;2.731;10;105;658;64;2
Azuay;Camilo Ponce Enríquez;Rural;Total Rural;12.795;1.366;231;283;23;6.208;3.801;43;114;698;27;1
Azuay;Camilo Ponce Enríquez;Rural;Asiste;4.006;;181;249;;2.515;712;22;41;286;;
Azuay;Camilo Ponce Enríquez;Rural;No asiste;8.789;1.366;50;34;23;3.693;3.089;21;73;412;27;1
Bolívar;Total Bolívar;Total Bolívar;Total Bolívar;199.078;21.828;2.695;3.208;1.428;82.181;49.276;517;3.366;31.244;3.141;194
Bolívar;Total Bolívar;Urbana;Total Urbana;64.172;3.904;558;1.239;112;19.624;15.801;309;1.520;18.525;2.422;158
Bolívar;Total Bolívar;Urbana;Asiste;22.281;;436;1.130;6;10.268;3.574;75;335;6.421;32;4
Bolívar;Total Bolívar;Urbana;No asiste;41.891;3.904;122;109;106;9.356;12.227;234;1.185;12.104;2.390;154
Bolívar;Total Bolívar;Rural;Total Rural;134.906;17.924;2.137;1.969;1.316;62.557;33.475;208;1.846;12.719;719;36
Bolívar;Total Bolívar;Rural;Asiste;43.578;;1.706;1.698;20;24.805;8.696;71;555;6.016;10;1
Bolívar;Total Bolívar;Rural;No asiste;91.328;17.924;431;271;1.296;37.752;24.779;137;1.291;6.703;709;35
Bolívar;Guaranda;Total Guaranda;Total Guaranda;98.130;12.303;1.901;1.635;986;38.470;22.585;217;1.697;16.289;1.907;140
Bolívar;Guaranda;Total Guaranda;Asiste;35.560;;1.516;1.429;16;18.495;6.306;68;497;7.208;21;4
Bolívar;Guaranda;Total Guaranda;No asiste;62.570;12.303;385;206;970;19.975;16.279;149;1.200;9.081;1.886;136
Bolívar;Guaranda;Urbana;Total Urbana;30.755;1.589;308;576;47;8.569;6.837;145;772;10.264;1.526;122
Bolívar;Guaranda;Urbana;Asiste;11.482;;230;527;3;4.775;1.678;35;183;4.035;13;3
Bolívar;Guaranda;Urbana;No asiste;19.273;1.589;78;49;44;3.794;5.159;110;589;6.229;1.513;119
Bolívar;Guaranda;Rural;Total Rural;67.375;10.714;1.593;1.059;939;29.901;15.748;72;925;6.025;381;18
Bolívar;Guaranda;Rural;Asiste;24.078;;1.286;902;13;13.720;4.628;33;314;3.173;8;1
Bolívar;Guaranda;Rural;No asiste;43.297;10.714;307;157;926;16.181;11.120;39;611;2.852;373;17
Bolívar;Chillanes;Total Chillanes;Total Chillanes;19.802;2.345;167;270;110;9.422;5.355;26;241;1.748;113;5
Bolívar;Chillanes;Total Chillanes;Asiste;5.718;;128;230;2;3.370;1.238;4;54;692;;
Bolívar;Chillanes;Total Chillanes;No asiste;14.084;2.345;39;40;108;6.052;4.117;22;187;1.056;113;5
Bolívar;Chillanes;Urbana;Total Urbana;3.251;275;17;64;4;1.122;878;8;81;720;80;2
Bolívar;Chillanes;Urbana;Asiste;1.024;;13;57;;536;169;1;16;232;;
Bolívar;Chillanes;Urbana;No asiste;2.227;275;4;7;4;586;709;7;65;488;80;2
Bolívar;Chillanes;Rural;Total Rural;16.551;2.070;150;206;106;8.300;4.477;18;160;1.028;33;3
Bolívar;Chillanes;Rural;Asiste;4.694;;115;173;2;2.834;1.069;3;38;460;;
Bolívar;Chillanes;Rural;No asiste;11.857;2.070;35;33;104;5.466;3.408;15;122;568;33;3
Bolívar;Chimbo;Total Chimbo;Total Chimbo;15.524;1.328;95;210;63;6.772;3.675;45;274;2.793;264;5
Bolívar;Chimbo;Total Chimbo;Asiste;4.976;;75;184;;2.470;981;12;82;1.166;5;1
Bolívar;Chimbo;Total Chimbo;No asiste;10.548;1.328;20;26;63;4.302;2.694;33;192;1.627;259;4
Bolívar;Chimbo;Urbana;Total Urbana;4.354;211;38;67;2;1.343;1.094;9;125;1.277;187;1
Bolívar;Chimbo;Urbana;Asiste;1.450;;33;59;;644;281;2;33;392;5;1
Bolívar;Chimbo;Urbana;No asiste;2.904;211;5;8;2;699;813;7;92;885;182;
Bolívar;Chimbo;Rural;Total Rural;11.170;1.117;57;143;61;5.429;2.581;36;149;1.516;77;4
Bolívar;Chimbo;Rural;Asiste;3.526;;42;125;;1.826;700;10;49;774;;
Bolívar;Chimbo;Rural;No asiste;7.644;1.117;15;18;61;3.603;1.881;26;100;742;77;4
Bolívar;Echeandía;Total Echeandía;Total Echeandía;14.654;1.546;99;276;117;6.166;4.191;28;175;1.944;106;6
Bolívar;Echeandía;Total Echeandía;Asiste;4.382;;81;246;6;2.488;810;13;31;706;1;
Bolívar;Echeandía;Total Echeandía;No asiste;10.272;1.546;18;30;111;3.678;3.381;15;144;1.238;105;6
Bolívar;Echeandía;Urbana;Total Urbana;7.138;615;60;150;37;2.647;2.161;19;105;1.263;76;5
Bolívar;Echeandía;Urbana;Asiste;2.255;;51;131;2;1.222;405;9;21;413;1;
Bolívar;Echeandía;Urbana;No asiste;4.883;615;9;19;35;1.425;1.756;10;84;850;75;5
Bolívar;Echeandía;Rural;Total Rural;7.516;931;39;126;80;3.519;2.030;9;70;681;30;1
Bolívar;Echeandía;Rural;Asiste;2.127;;30;115;4;1.266;405;4;10;293;;
Bolívar;Echeandía;Rural;No asiste;5.389;931;9;11;76;2.253;1.625;5;60;388;30;1
Bolívar;San Miguel;Total San Miguel;Total San Miguel;28.349;2.411;181;377;89;11.665;6.757;142;622;5.532;542;31
Bolívar;San Miguel;Total San Miguel;Asiste;8.424;;140;340;1;4.383;1.613;35;138;1.764;10;
Bolívar;San Miguel;Total San Miguel;No asiste;19.925;2.411;41;37;88;7.282;5.144;107;484;3.768;532;31
Bolívar;San Miguel;Urbana;Total Urbana;8.806;485;44;158;6;2.365;1.884;86;229;3.143;383;23
Bolívar;San Miguel;Urbana;Asiste;2.926;;38;149;1;1.363;491;15;36;824;9;
Bolívar;San Miguel;Urbana;No asiste;5.880;485;6;9;5;1.002;1.393;71;193;2.319;374;23
Bolívar;San Miguel;Rural;Total Rural;19.543;1.926;137;219;83;9.300;4.873;56;393;2.389;159;8
Bolívar;San Miguel;Rural;Asiste;5.498;;102;191;;3.020;1.122;20;102;940;1;
Bolívar;San Miguel;Rural;No asiste;14.045;1.926;35;28;83;6.280;3.751;36;291;1.449;158;8
Bolívar;Caluma;Total Caluma;Total Caluma;15.607;1.308;110;316;37;6.480;4.602;51;238;2.284;175;6
Bolívar;Caluma;Total Caluma;Asiste;4.744;;94;288;;2.674;944;12;55;673;4;
Bolívar;Caluma;Total Caluma;No asiste;10.863;1.308;16;28;37;3.806;3.658;39;183;1.611;171;6
Bolívar;Caluma;Urbana;Total Urbana;7.884;591;67;185;9;2.792;2.355;38;160;1.538;145;4
Bolívar;Caluma;Urbana;Asiste;2.538;;55;170;;1.386;449;12;37;425;4;
Bolívar;Caluma;Urbana;No asiste;5.346;591;12;15;9;1.406;1.906;26;123;1.113;141;4
Bolívar;Caluma;Rural;Total Rural;7.723;717;43;131;28;3.688;2.247;13;78;746;30;2
Bolívar;Caluma;Rural;Asiste;2.206;;39;118;;1.288;495;;18;248;;
Bolívar;Caluma;Rural;No asiste;5.517;717;4;13;28;2.400;1.752;13;60;498;30;2
Bolívar;Las Naves;Total Las Naves;Total Las Naves;7.012;587;142;124;26;3.206;2.111;8;119;654;34;1
Bolívar;Las Naves;Total Las Naves;Asiste;2.055;;108;111;1;1.193;378;2;33;228;1;
Bolívar;Las Naves;Total Las Naves;No asiste;4.957;587;34;13;25;2.013;1.733;6;86;426;33;1
Bolívar;Las Naves;Urbana;Total Urbana;1.984;138;24;39;7;786;592;4;48;320;25;1
Bolívar;Las Naves;Urbana;Asiste;606;;16;37;;342;101;1;9;100;;
Bolívar;Las Naves;Urbana;No asiste;1.378;138;8;2;7;444;491;3;39;220;25;1
Bolívar;Las Naves;Rural;Total Rural;5.028;449;118;85;19;2.420;1.519;4;71;334;9;
Bolívar;Las Naves;Rural;Asiste;1.449;;92;74;1;851;277;1;24;128;1;
Bolívar;Las Naves;Rural;No asiste;3.579;449;26;11;18;1.569;1.242;3;47;206;8;
Cañar;Total Cañar;Total Cañar;Total Cañar;227.578;20.724;4.695;5.314;1.093;103.324;53.593;823;3.661;29.689;4.453;209
Cañar;Total Cañar;Urbana;Total Urbana;101.098;6.411;1.720;2.380;221;38.997;26.228;496;2.157;19.032;3.313;143
Cañar;Total Cañar;Urbana;Asiste;34.527;;1.509;2.222;8;18.126;5.700;129;420;6.320;84;9
Cañar;Total Cañar;Urbana;No asiste;66.571;6.411;211;158;213;20.871;20.528;367;1.737;12.712;3.229;134
Cañar;Total Cañar;Rural;Total Rural;126.480;14.313;2.975;2.934;872;64.327;27.365;327;1.504;10.657;1.140;66
Cañar;Total Cañar;Rural;Asiste;40.782;;2.572;2.677;22;23.732;6.761;118;376;4.477;44;3
Cañar;Total Cañar;Rural;No asiste;85.698;14.313;403;257;850;40.595;20.604;209;1.128;6.180;1.096;63
Cañar;Azogues;Total Azogues;Total Azogues;74.515;4.554;1.476;1.671;218;30.946;17.464;393;1.478;13.501;2.676;138
Cañar;Azogues;Total Azogues;Asiste;24.878;;1.287;1.574;7;12.649;3.974;123;351;4.846;62;5
Cañar;Azogues;Total Azogues;No asiste;49.637;4.554;189;97;211;18.297;13.490;270;1.127;8.655;2.614;133
Cañar;Azogues;Urbana;Total Urbana;35.763;1.545;530;784;47;11.596;8.929;228;836;9.180;1.995;93
Cañar;Azogues;Urbana;Asiste;12.252;;468;753;4;5.787;1.911;55;172;3.056;43;3
Cañar;Azogues;Urbana;No asiste;23.511;1.545;62;31;43;5.809;7.018;173;664;6.124;1.952;90
Cañar;Azogues;Rural;Total Rural;38.752;3.009;946;887;171;19.350;8.535;165;642;4.321;681;45
Cañar;Azogues;Rural;Asiste;12.626;;819;821;3;6.862;2.063;68;179;1.790;19;2
Cañar;Azogues;Rural;No asiste;26.126;3.009;127;66;168;12.488;6.472;97;463;2.531;662;43
Cañar;Biblián;Total Biblián;Total Biblián;18.852;1.827;457;382;84;9.225;3.984;65;294;2.248;279;7
Cañar;Biblián;Total Biblián;Asiste;6.253;;414;358;;3.326;1.057;21;80;981;16;
Cañar;Biblián;Total Biblián;No asiste;12.599;1.827;43;24;84;5.899;2.927;44;214;1.267;263;7
Cañar;Biblián;Urbana;Total Urbana;5.728;315;99;133;7;2.274;1.398;31;131;1.132;202;6
Cañar;Biblián;Urbana;Asiste;1.894;;94;128;;925;287;4;34;413;9;
Cañar;Biblián;Urbana;No asiste;3.834;315;5;5;7;1.349;1.111;27;97;719;193;6
Cañar;Biblián;Rural;Total Rural;13.124;1.512;358;249;77;6.951;2.586;34;163;1.116;77;1
Cañar;Biblián;Rural;Asiste;4.359;;320;230;;2.401;770;17;46;568;7;
Cañar;Biblián;Rural;No asiste;8.765;1.512;38;19;77;4.550;1.816;17;117;548;70;1
Cañar;Cañar;Total Cañar;Total Cañar;52.150;6.251;1.086;1.112;489;24.932;10.598;93;729;6.159;677;24
Cañar;Cañar;Total Cañar;Asiste;16.782;;945;998;10;9.671;2.796;33;116;2.180;31;2
Cañar;Cañar;Total Cañar;No asiste;35.368;6.251;141;114;479;15.261;7.802;60;613;3.979;646;22
Cañar;Cañar;Urbana;Total Urbana;13.148;664;174;265;51;4.361;3.148;45;397;3.516;509;18
Cañar;Cañar;Urbana;Asiste;4.498;;151;251;1;2.167;775;12;49;1.069;21;2
Cañar;Cañar;Urbana;No asiste;8.650;664;23;14;50;2.194;2.373;33;348;2.447;488;16
Cañar;Cañar;Rural;Total Rural;39.002;5.587;912;847;438;20.571;7.450;48;332;2.643;168;6
Cañar;Cañar;Rural;Asiste;12.284;;794;747;9;7.504;2.021;21;67;1.111;10;
Cañar;Cañar;Rural;No asiste;26.718;5.587;118;100;429;13.067;5.429;27;265;1.532;158;6
Cañar;La Troncal;Total La Troncal;Total La Troncal;62.103;5.526;1.157;1.705;114;28.983;16.950;223;916;5.853;646;30
Cañar;La Troncal;Total La Troncal;Asiste;20.828;;994;1.556;4;12.463;3.473;62;193;2.066;15;2
Cañar;La Troncal;Total La Troncal;No asiste;41.275;5.526;163;149;110;16.520;13.477;161;723;3.787;631;28
Cañar;La Troncal;Urbana;Total Urbana;39.600;3.337;764;1.051;61;17.948;11.046;169;668;4.047;488;21
Cañar;La Troncal;Urbana;Asiste;13.496;;664;959;3;7.940;2.319;54;145;1.401;10;1
Cañar;La Troncal;Urbana;No asiste;26.104;3.337;100;92;58;10.008;8.727;115;523;2.646;478;20
Cañar;La Troncal;Rural;Total Rural;22.503;2.189;393;654;53;11.035;5.904;54;248;1.806;158;9
Cañar;La Troncal;Rural;Asiste;7.332;;330;597;1;4.523;1.154;8;48;665;5;1
Cañar;La Troncal;Rural;No asiste;15.171;2.189;63;57;52;6.512;4.750;46;200;1.141;153;8
Cañar;El Tambo;Total El Tambo;Total El Tambo;9.285;872;247;201;99;4.207;2.167;19;132;1.215;119;7
Cañar;El Tambo;Total El Tambo;Asiste;3.345;;217;191;3;1.880;581;2;28;437;3;3
Cañar;El Tambo;Total El Tambo;No asiste;5.940;872;30;10;96;2.327;1.586;17;104;778;116;4
Cañar;El Tambo;Urbana;Total Urbana;5.202;380;122;109;42;2.193;1.251;18;102;887;93;5
Cañar;El Tambo;Urbana;Asiste;1.895;;104;100;;1.059;315;2;17;294;1;3
Cañar;El Tambo;Urbana;No asiste;3.307;380;18;9;42;1.134;936;16;85;593;92;2
Cañar;El Tambo;Rural;Total Rural;4.083;492;125;92;57;2.014;916;1;30;328;26;2
Cañar;El Tambo;Rural;Asiste;1.450;;113;91;3;821;266;;11;143;2;
Cañar;El Tambo;Rural;No asiste;2.633;492;12;1;54;1.193;650;1;19;185;24;2
Cañar;Déleg;Total Déleg;Total Déleg;6.046;624;130;136;45;3.050;1.482;22;79;433;42;3
Cañar;Déleg;Total Déleg;Asiste;1.849;;107;129;6;1.060;354;4;22;167;;
Cañar;Déleg;Total Déleg;No asiste;4.197;624;23;7;39;1.990;1.128;18;57;266;42;3
Cañar;Déleg;Urbana;Total Urbana;645;37;14;12;;253;182;4;11;116;16;
Cañar;Déleg;Urbana;Asiste;194;;12;10;;97;34;2;1;38;;
Cañar;Déleg;Urbana;No asiste;451;37;2;2;;156;148;2;10;78;16;
Cañar;Déleg;Rural;Total Rural;5.401;587;116;124;45;2.797;1.300;18;68;317;26;3
Cañar;Déleg;Rural;Asiste;1.655;;95;119;6;963;320;2;21;129;;
Cañar;Déleg;Rural;No asiste;3.746;587;21;5;39;1.834;980;16;47;188;26;3
Cañar;Suscal;Total Suscal;Total Suscal;4.627;1.070;142;107;44;1.981;948;8;33;280;14;
Cañar;Suscal;Total Suscal;Asiste;1.374;;117;93;;809;226;2;6;120;1;
Cañar;Suscal;Total Suscal;No asiste;3.253;1.070;25;14;44;1.172;722;6;27;160;13;
Cañar;Suscal;Urbana;Total Urbana;1.012;133;17;26;13;372;274;1;12;154;10;
Cañar;Suscal;Urbana;Asiste;298;;16;21;;151;59;;2;49;;
Cañar;Suscal;Urbana;No asiste;714;133;1;5;13;221;215;1;10;105;10;
Cañar;Suscal;Rural;Total Rural;3.615;937;125;81;31;1.609;674;7;21;126;4;
Cañar;Suscal;Rural;Asiste;1.076;;101;72;;658;167;2;4;71;1;
Cañar;Suscal;Rural;No asiste;2.539;937;24;9;31;951;507;5;17;55;3;
Carchi;Total Carchi;Total Carchi;Total Carchi;172.828;10.958;1.687;3.230;298;80.624;44.895;587;4.225;23.919;2.284;121
Carchi;Total Carchi;Urbana;Total Urbana;87.957;4.083;764;1.693;104;34.153;24.367;342;2.846;17.543;1.955;107
Carchi;Total Carchi;Urbana;Asiste;27.252;;635;1.560;11;13.691;4.767;133;721;5.678;52;4
Carchi;Total Carchi;Urbana;No asiste;60.705;4.083;129;133;93;20.462;19.600;209;2.125;11.865;1.903;103
Carchi;Total Carchi;Rural;Total Rural;84.871;6.875;923;1.537;194;46.471;20.528;245;1.379;6.376;329;14
Carchi;Total Carchi;Rural;Asiste;24.163;;718;1.336;1;14.123;4.568;136;433;2.834;11;3
Carchi;Total Carchi;Rural;No asiste;60.708;6.875;205;201;193;32.348;15.960;109;946;3.542;318;11
Carchi;Tulcán;Total Tulcán;Total Tulcán;92.375;6.328;729;1.649;116;40.663;23.922;312;2.467;14.522;1.578;89
Carchi;Tulcán;Total Tulcán;Asiste;28.059;;593;1.471;6;15.161;4.906;137;664;5.066;49;6
Carchi;Tulcán;Total Tulcán;No asiste;64.316;6.328;136;178;110;25.502;19.016;175;1.803;9.456;1.529;83
Carchi;Tulcán;Urbana;Total Urbana;56.719;2.587;436;1.005;51;21.372;15.828;214;1.915;11.802;1.428;81
Carchi;Tulcán;Urbana;Asiste;17.680;;364;933;5;8.772;3.114;91;493;3.862;42;4
Carchi;Tulcán;Urbana;No asiste;39.039;2.587;72;72;46;12.600;12.714;123;1.422;7.940;1.386;77
Carchi;Tulcán;Rural;Total Rural;35.656;3.741;293;644;65;19.291;8.094;98;552;2.720;150;8
Carchi;Tulcán;Rural;Asiste;10.379;;229;538;1;6.389;1.792;46;171;1.204;7;2
Carchi;Tulcán;Rural;No asiste;25.277;3.741;64;106;64;12.902;6.302;52;381;1.516;143;6
Carchi;Bolívar;Total Bolívar;Total Bolívar;15.677;924;171;319;29;8.486;4.181;38;321;1.136;69;3
Carchi;Bolívar;Total Bolívar;Asiste;4.422;;108;294;;2.497;934;16;98;472;3;
Carchi;Bolívar;Total Bolívar;No asiste;11.255;924;63;25;29;5.989;3.247;22;223;664;66;3
Carchi;Bolívar;Urbana;Total Urbana;3.377;115;28;76;3;1.656;952;15;91;408;32;1
Carchi;Bolívar;Urbana;Asiste;974;;21;69;;515;197;5;25;141;1;
Carchi;Bolívar;Urbana;No asiste;2.403;115;7;7;3;1.141;755;10;66;267;31;1
Carchi;Bolívar;Rural;Total Rural;12.300;809;143;243;26;6.830;3.229;23;230;728;37;2
Carchi;Bolívar;Rural;Asiste;3.448;;87;225;;1.982;737;11;73;331;2;
Carchi;Bolívar;Rural;No asiste;8.852;809;56;18;26;4.848;2.492;12;157;397;35;2
Carchi;Espejo;Total Espejo;Total Espejo;14.522;798;204;316;28;6.630;4.185;46;329;1.866;118;2
Carchi;Espejo;Total Espejo;Asiste;4.334;;182;289;;2.249;812;11;98;692;1;
Carchi;Espejo;Total Espejo;No asiste;10.188;798;22;27;28;4.381;3.373;35;231;1.174;117;2
Carchi;Espejo;Urbana;Total Urbana;5.181;240;63;126;5;1.919;1.554;36;160;990;86;2
Carchi;Espejo;Urbana;Asiste;1.644;;59;122;;822;288;6;37;309;1;
Carchi;Espejo;Urbana;No asiste;3.537;240;4;4;5;1.097;1.266;30;123;681;85;2
Carchi;Espejo;Rural;Total Rural;9.341;558;141;190;23;4.711;2.631;10;169;876;32;
Carchi;Espejo;Rural;Asiste;2.690;;123;167;;1.427;524;5;61;383;;
Carchi;Espejo;Rural;No asiste;6.651;558;18;23;23;3.284;2.107;5;108;493;32;
Carchi;Mira;Total Mira;Total Mira;12.727;909;131;226;49;6.338;3.212;46;298;1.364;144;10
Carchi;Mira;Total Mira;Asiste;3.428;;104;203;;1.823;721;14;85;475;2;1
Carchi;Mira;Total Mira;No asiste;9.299;909;27;23;49;4.515;2.491;32;213;889;142;9
Carchi;Mira;Urbana;Total Urbana;3.691;113;31;70;3;1.319;1.021;16;125;882;104;7
Carchi;Mira;Urbana;Asiste;1.110;;31;66;;500;204;5;40;263;1;
Carchi;Mira;Urbana;No asiste;2.581;113;;4;3;819;817;11;85;619;103;7
Carchi;Mira;Rural;Total Rural;9.036;796;100;156;46;5.019;2.191;30;173;482;40;3
Carchi;Mira;Rural;Asiste;2.318;;73;137;;1.323;517;9;45;212;1;1
Carchi;Mira;Rural;No asiste;6.718;796;27;19;46;3.696;1.674;21;128;270;39;2
Carchi;Montúfar;Total Montúfar;Total Montúfar;29.590;1.562;389;540;53;14.441;7.403;119;673;4.087;307;16
Carchi;Montúfar;Total Montúfar;Asiste;8.774;;307;479;3;4.773;1.554;74;166;1.411;7;
Carchi;Montúfar;Total Montúfar;No asiste;20.816;1.562;82;61;50;9.668;5.849;45;507;2.676;300;16
Carchi;Montúfar;Urbana;Total Urbana;14.497;777;180;297;30;5.794;3.825;48;465;2.812;254;15
Carchi;Montúfar;Urbana;Asiste;4.452;;137;263;3;2.330;745;18;100;850;6;
Carchi;Montúfar;Urbana;No asiste;10.045;777;43;34;27;3.464;3.080;30;365;1.962;248;15
Carchi;Montúfar;Rural;Total Rural;15.093;785;209;243;23;8.647;3.578;71;208;1.275;53;1
Carchi;Montúfar;Rural;Asiste;4.322;;170;216;;2.443;809;56;66;561;1;
Carchi;Montúfar;Rural;No asiste;10.771;785;39;27;23;6.204;2.769;15;142;714;52;1
Carchi;San Pedro de Huaca;Total San Pedro de Huaca;Total San Pedro de Huaca;7.937;437;63;180;23;4.066;1.992;26;137;944;68;1
Carchi;San Pedro de Huaca;Total San Pedro de Huaca;Asiste;2.398;;59;160;3;1.311;408;17;43;396;1;
Carchi;San Pedro de Huaca;Total San Pedro de Huaca;No asiste;5.539;437;4;20;20;2.755;1.584;9;94;548;67;1
Carchi;San Pedro de Huaca;Urbana;Total Urbana;4.492;251;26;119;12;2.093;1.187;13;90;649;51;1
Carchi;San Pedro de Huaca;Urbana;Asiste;1.392;;23;107;3;752;219;8;26;253;1;
Carchi;San Pedro de Huaca;Urbana;No asiste;3.100;251;3;12;9;1.341;968;5;64;396;50;1
Carchi;San Pedro de Huaca;Rural;Total Rural;3.445;186;37;61;11;1.973;805;13;47;295;17;
Carchi;San Pedro de Huaca;Rural;Asiste;1.006;;36;53;;559;189;9;17;143;;
Carchi;San Pedro de Huaca;Rural;No asiste;2.439;186;1;8;11;1.414;616;4;30;152;17;
Cotopaxi;Total Cotopaxi;Total Cotopaxi;Total Cotopaxi;470.210;48.132;5.762;7.696;3.825;197.040;121.131;1.872;11.891;65.207;7.222;432
Cotopaxi;Total Cotopaxi;Urbana;Total Urbana;156.481;11.043;1.342;2.721;318;52.517;41.203;963;5.025;35.865;5.162;322
Cotopaxi;Total Cotopaxi;Urbana;Asiste;52.018;;1.066;2.460;16;26.400;8.906;234;1.010;11.779;137;10
Cotopaxi;Total Cotopaxi;Urbana;No asiste;104.463;11.043;276;261;302;26.117;32.297;729;4.015;24.086;5.025;312
Cotopaxi;Total Cotopaxi;Rural;Total Rural;313.729;37.089;4.420;4.975;3.507;144.523;79.928;909;6.866;29.342;2.060;110
Cotopaxi;Total Cotopaxi;Rural;Asiste;102.576;;3.542;4.369;153;57.943;20.628;384;2.098;13.374;79;6
Cotopaxi;Total Cotopaxi;Rural;No asiste;211.153;37.089;878;606;3.354;86.580;59.300;525;4.768;15.968;1.981;104
Cotopaxi;Latacunga;Total Latacunga;Total Latacunga;217.261;17.971;2.273;3.881;1.317;86.064;56.719;1.036;6.866;36.184;4.645;305
Cotopaxi;Latacunga;Total Latacunga;Asiste;72.700;;1.861;3.532;111;38.265;13.170;281;1.682;13.657;128;13
Cotopaxi;Latacunga;Total Latacunga;No asiste;144.561;17.971;412;349;1.206;47.799;43.549;755;5.184;22.527;4.517;292
Cotopaxi;Latacunga;Urbana;Total Urbana;77.267;4.748;447;1.347;124;23.232;19.538;561;2.871;20.691;3.473;235
Cotopaxi;Latacunga;Urbana;Asiste;25.272;;382;1.238;1;12.038;4.173;135;513;6.693;90;9
Cotopaxi;Latacunga;Urbana;No asiste;51.995;4.748;65;109;123;11.194;15.365;426;2.358;13.998;3.383;226
Cotopaxi;Latacunga;Rural;Total Rural;139.994;13.223;1.826;2.534;1.193;62.832;37.181;475;3.995;15.493;1.172;70
Cotopaxi;Latacunga;Rural;Asiste;47.428;;1.479;2.294;110;26.227;8.997;146;1.169;6.964;38;4
Cotopaxi;Latacunga;Rural;No asiste;92.566;13.223;347;240;1.083;36.605;28.184;329;2.826;8.529;1.134;66
Cotopaxi;La Maná;Total La Maná;Total La Maná;53.793;5.364;855;840;224;23.990;14.806;99;859;6.240;496;20
Cotopaxi;La Maná;Total La Maná;Asiste;18.132;;648;717;13;10.478;3.432;41;299;2.482;21;1
Cotopaxi;La Maná;Total La Maná;No asiste;35.661;5.364;207;123;211;13.512;11.374;58;560;3.758;475;19
Cotopaxi;La Maná;Urbana;Total Urbana;31.740;2.933;484;534;67;13.260;9.073;63;580;4.342;390;14
Cotopaxi;La Maná;Urbana;Asiste;10.908;;358;467;10;6.252;1.981;22;187;1.620;11;
Cotopaxi;La Maná;Urbana;No asiste;20.832;2.933;126;67;57;7.008;7.092;41;393;2.722;379;14
Cotopaxi;La Maná;Rural;Total Rural;22.053;2.431;371;306;157;10.730;5.733;36;279;1.898;106;6
Cotopaxi;La Maná;Rural;Asiste;7.224;;290;250;3;4.226;1.451;19;112;862;10;1
Cotopaxi;La Maná;Rural;No asiste;14.829;2.431;81;56;154;6.504;4.282;17;167;1.036;96;5
Cotopaxi;Pangua;Total Pangua;Total Pangua;21.867;2.703;331;259;143;10.596;6.014;47;167;1.496;109;2
Cotopaxi;Pangua;Total Pangua;Asiste;6.347;;267;217;4;3.689;1.521;17;55;575;2;
Cotopaxi;Pangua;Total Pangua;No asiste;15.520;2.703;64;42;139;6.907;4.493;30;112;921;107;2
Cotopaxi;Pangua;Urbana;Total Urbana;1.872;163;26;25;4;645;553;12;28;368;48;
Cotopaxi;Pangua;Urbana;Asiste;554;;14;24;;286;125;;2;103;;
Cotopaxi;Pangua;Urbana;No asiste;1.318;163;12;1;4;359;428;12;26;265;48;
Cotopaxi;Pangua;Rural;Total Rural;19.995;2.540;305;234;139;9.951;5.461;35;139;1.128;61;2
Cotopaxi;Pangua;Rural;Asiste;5.793;;253;193;4;3.403;1.396;17;53;472;2;
Cotopaxi;Pangua;Rural;No asiste;14.202;2.540;52;41;135;6.548;4.065;18;86;656;59;2
Cotopaxi;Pujilí;Total Pujilí;Total Pujilí;66.980;10.384;748;991;858;26.790;16.719;323;1.364;7.982;783;38
Cotopaxi;Pujilí;Total Pujilí;Asiste;22.142;;568;837;29;12.433;4.648;100;356;3.143;28;
Cotopaxi;Pujilí;Total Pujilí;No asiste;44.838;10.384;180;154;829;14.357;12.071;223;1.008;4.839;755;38
Cotopaxi;Pujilí;Urbana;Total Urbana;16.152;1.104;148;324;53;5.058;4.145;202;538;4.030;517;33
Cotopaxi;Pujilí;Urbana;Asiste;5.551;;114;276;1;2.780;983;32;93;1.255;17;
Cotopaxi;Pujilí;Urbana;No asiste;10.601;1.104;34;48;52;2.278;3.162;170;445;2.775;500;33
Cotopaxi;Pujilí;Rural;Total Rural;50.828;9.280;600;667;805;21.732;12.574;121;826;3.952;266;5
Cotopaxi;Pujilí;Rural;Asiste;16.591;;454;561;28;9.653;3.665;68;263;1.888;11;
Cotopaxi;Pujilí;Rural;No asiste;34.237;9.280;146;106;777;12.079;8.909;53;563;2.064;255;5
Cotopaxi;Salcedo;Total Salcedo;Total Salcedo;67.493;5.566;977;1.180;609;30.762;16.127;282;1.858;9.198;882;52
Cotopaxi;Salcedo;Total Salcedo;Asiste;20.996;;793;1.066;7;11.220;3.797;136;481;3.471;24;1
Cotopaxi;Salcedo;Total Salcedo;No asiste;46.497;5.566;184;114;602;19.542;12.330;146;1.377;5.727;858;51
Cotopaxi;Salcedo;Urbana;Total Urbana;16.751;991;117;295;20;5.573;4.382;78;610;4.139;518;28
Cotopaxi;Salcedo;Urbana;Asiste;5.351;;94;274;3;2.703;849;24;117;1.274;12;1
Cotopaxi;Salcedo;Urbana;No asiste;11.400;991;23;21;17;2.870;3.533;54;493;2.865;506;27
Cotopaxi;Salcedo;Rural;Total Rural;50.742;4.575;860;885;589;25.189;11.745;204;1.248;5.059;364;24
Cotopaxi;Salcedo;Rural;Asiste;15.645;;699;792;4;8.517;2.948;112;364;2.197;12;
Cotopaxi;Salcedo;Rural;No asiste;35.097;4.575;161;93;585;16.672;8.797;92;884;2.862;352;24
Cotopaxi;Saquisilí;Total Saquisilí;Total Saquisilí;24.356;2.792;367;343;437;10.169;6.440;44;548;2.981;225;10
Cotopaxi;Saquisilí;Total Saquisilí;Asiste;8.036;;318;313;2;4.441;1.566;15;140;1.232;9;
Cotopaxi;Saquisilí;Total Saquisilí;No asiste;16.320;2.792;49;30;435;5.728;4.874;29;408;1.749;216;10
Cotopaxi;Saquisilí;Urbana;Total Urbana;9.883;805;92;154;35;3.574;2.813;27;301;1.898;175;9
Cotopaxi;Saquisilí;Urbana;Asiste;3.350;;79;141;1;1.766;609;5;67;675;7;
Cotopaxi;Saquisilí;Urbana;No asiste;6.533;805;13;13;34;1.808;2.204;22;234;1.223;168;9
Cotopaxi;Saquisilí;Rural;Total Rural;14.473;1.987;275;189;402;6.595;3.627;17;247;1.083;50;1
Cotopaxi;Saquisilí;Rural;Asiste;4.686;;239;172;1;2.675;957;10;73;557;2;
Cotopaxi;Saquisilí;Rural;No asiste;9.787;1.987;36;17;401;3.920;2.670;7;174;526;48;1
Cotopaxi;Sigchos;Total Sigchos;Total Sigchos;18.460;3.352;211;202;237;8.669;4.306;41;229;1.126;82;5
Cotopaxi;Sigchos;Total Sigchos;Asiste;6.241;;153;147;3;3.817;1.400;28;95;593;4;1
Cotopaxi;Sigchos;Total Sigchos;No asiste;12.219;3.352;58;55;234;4.852;2.906;13;134;533;78;4
Cotopaxi;Sigchos;Urbana;Total Urbana;2.816;299;28;42;15;1.175;699;20;97;397;41;3
Cotopaxi;Sigchos;Urbana;Asiste;1.032;;25;40;;575;186;16;31;159;;
Cotopaxi;Sigchos;Urbana;No asiste;1.784;299;3;2;15;600;513;4;66;238;41;3
Cotopaxi;Sigchos;Rural;Total Rural;15.644;3.053;183;160;222;7.494;3.607;21;132;729;41;2
Cotopaxi;Sigchos;Rural;Asiste;5.209;;128;107;3;3.242;1.214;12;64;434;4;1
Cotopaxi;Sigchos;Rural;No asiste;10.435;3.053;55;53;219;4.252;2.393;9;68;295;37;1
Chimborazo;Total Chimborazo;Total Chimborazo;Total Chimborazo;471.933;44.571;6.583;10.229;5.794;180.944;112.273;1.916;15.973;80.042;12.439;1.169
Chimborazo;Total Chimborazo;Urbana;Total Urbana;224.667;11.365;2.042;4.685;287;67.329;55.551;1.227;9.754;60.741;10.672;1.014
Chimborazo;Total Chimborazo;Urbana;Asiste;79.073;;1.752;4.410;24;35.164;12.506;304;2.336;22.338;221;18
Chimborazo;Total Chimborazo;Urbana;No asiste;145.594;11.365;290;275;263;32.165;43.045;923;7.418;38.403;10.451;996
Chimborazo;Total Chimborazo;Rural;Total Rural;247.266;33.206;4.541;5.544;5.507;113.615;56.722;689;6.219;19.301;1.767;155
Chimborazo;Total Chimborazo;Rural;Asiste;80.572;;3.774;4.736;87;44.672;15.793;304;2.138;9.008;56;4
Chimborazo;Total Chimborazo;Rural;No asiste;166.694;33.206;767;808;5.420;68.943;40.929;385;4.081;10.293;1.711;151
Chimborazo;Riobamba;Total Riobamba;Total Riobamba;260.882;17.774;2.719;5.386;1.679;84.844;61.696;1.318;11.091;62.619;10.734;1.022
Chimborazo;Riobamba;Total Riobamba;Asiste;90.748;;2.348;4.977;29;41.086;14.771;386;2.934;23.972;226;19
Chimborazo;Riobamba;Total Riobamba;No asiste;170.134;17.774;371;409;1.650;43.758;46.925;932;8.157;38.647;10.508;1.003
Chimborazo;Riobamba;Urbana;Total Urbana;177.213;7.880;1.357;3.537;174;48.898;42.183;1.012;8.098;53.260;9.860;954
Chimborazo;Riobamba;Urbana;Asiste;62.905;;1.181;3.356;13;26.781;9.483;240;1.903;19.729;202;17
Chimborazo;Riobamba;Urbana;No asiste;114.308;7.880;176;181;161;22.117;32.700;772;6.195;33.531;9.658;937
Chimborazo;Riobamba;Rural;Total Rural;83.669;9.894;1.362;1.849;1.505;35.946;19.513;306;2.993;9.359;874;68
Chimborazo;Riobamba;Rural;Asiste;27.843;;1.167;1.621;16;14.305;5.288;146;1.031;4.243;24;2
Chimborazo;Riobamba;Rural;No asiste;55.826;9.894;195;228;1.489;21.641;14.225;160;1.962;5.116;850;66
Chimborazo;Alausí;Total Alausí;Total Alausí;37.275;6.382;675;909;657;17.429;8.429;64;622;1.918;183;7
Chimborazo;Alausí;Total Alausí;Asiste;12.400;;540;789;9;7.684;2.388;40;209;733;8;
Chimborazo;Alausí;Total Alausí;No asiste;24.875;6.382;135;120;648;9.745;6.041;24;413;1.185;175;7
Chimborazo;Alausí;Urbana;Total Urbana;6.071;518;86;136;14;2.118;1.734;28;308;997;129;3
Chimborazo;Alausí;Urbana;Asiste;2.063;;69;130;2;1.085;423;15;86;249;4;
Chimborazo;Alausí;Urbana;No asiste;4.008;518;17;6;12;1.033;1.311;13;222;748;125;3
Chimborazo;Alausí;Rural;Total Rural;31.204;5.864;589;773;643;15.311;6.695;36;314;921;54;4
Chimborazo;Alausí;Rural;Asiste;10.337;;471;659;7;6.599;1.965;25;123;484;4;
Chimborazo;Alausí;Rural;No asiste;20.867;5.864;118;114;636;8.712;4.730;11;191;437;50;4
Chimborazo;Colta;Total Colta;Total Colta;30.468;5.899;381;629;1.154;12.722;6.433;56;670;2.377;136;11
Chimborazo;Colta;Total Colta;Asiste;8.258;;322;487;13;4.505;1.715;29;188;990;8;1
Chimborazo;Colta;Total Colta;No asiste;22.210;5.899;59;142;1.141;8.217;4.718;27;482;1.387;128;10
Chimborazo;Colta;Urbana;Total Urbana;2.785;186;26;69;14;1.064;645;14;115;591;58;3
Chimborazo;Colta;Urbana;Asiste;938;;24;65;;496;145;3;22;180;3;
Chimborazo;Colta;Urbana;No asiste;1.847;186;2;4;14;568;500;11;93;411;55;3
Chimborazo;Colta;Rural;Total Rural;27.683;5.713;355;560;1.140;11.658;5.788;42;555;1.786;78;8
Chimborazo;Colta;Rural;Asiste;7.320;;298;422;13;4.009;1.570;26;166;810;5;1
Chimborazo;Colta;Rural;No asiste;20.363;5.713;57;138;1.127;7.649;4.218;16;389;976;73;7
Chimborazo;Chambo;Total Chambo;Total Chambo;13.431;1.010;228;353;88;5.741;3.219;105;719;1.729;219;20
Chimborazo;Chambo;Total Chambo;Asiste;4.628;;199;324;3;2.313;763;23;264;732;6;1
Chimborazo;Chambo;Total Chambo;No asiste;8.803;1.010;29;29;85;3.428;2.456;82;455;997;213;19
Chimborazo;Chambo;Urbana;Total Urbana;5.462;231;93;139;15;1.993;1.370;51;339;1.067;153;11
Chimborazo;Chambo;Urbana;Asiste;1.894;;85;128;;899;288;5;93;389;6;1
Chimborazo;Chambo;Urbana;No asiste;3.568;231;8;11;15;1.094;1.082;46;246;678;147;10
Chimborazo;Chambo;Rural;Total Rural;7.969;779;135;214;73;3.748;1.849;54;380;662;66;9
Chimborazo;Chambo;Rural;Asiste;2.734;;114;196;3;1.414;475;18;171;343;;
Chimborazo;Chambo;Rural;No asiste;5.235;779;21;18;70;2.334;1.374;36;209;319;66;9
Chimborazo;Chunchi;Total Chunchi;Total Chunchi;10.635;1.370;218;249;111;5.396;2.264;63;148;729;81;6
Chimborazo;Chunchi;Total Chunchi;Asiste;3.432;;178;219;4;2.069;603;31;55;272;1;
Chimborazo;Chunchi;Total Chunchi;No asiste;7.203;1.370;40;30;107;3.327;1.661;32;93;457;80;6
Chimborazo;Chunchi;Urbana;Total Urbana;3.799;312;67;88;18;1.563;1.054;35;98;495;66;3
Chimborazo;Chunchi;Urbana;Asiste;1.256;;55;85;;677;238;16;36;149;;
Chimborazo;Chunchi;Urbana;No asiste;2.543;312;12;3;18;886;816;19;62;346;66;3
Chimborazo;Chunchi;Rural;Total Rural;6.836;1.058;151;161;93;3.833;1.210;28;50;234;15;3
Chimborazo;Chunchi;Rural;Asiste;2.176;;123;134;4;1.392;365;15;19;123;1;
Chimborazo;Chunchi;Rural;No asiste;4.660;1.058;28;27;89;2.441;845;13;31;111;14;3
Chimborazo;Guamote;Total Guamote;Total Guamote;35.769;5.205;808;876;1.654;17.136;8.276;84;359;1.311;55;5
Chimborazo;Guamote;Total Guamote;Asiste;12.459;;684;712;15;7.560;2.607;26;110;741;4;
Chimborazo;Guamote;Total Guamote;No asiste;23.310;5.205;124;164;1.639;9.576;5.669;58;249;570;51;5
Chimborazo;Guamote;Urbana;Total Urbana;3.076;275;45;80;8;1.246;852;7;122;404;36;1
Chimborazo;Guamote;Urbana;Asiste;1.078;;37;66;;604;191;4;25;150;1;
Chimborazo;Guamote;Urbana;No asiste;1.998;275;8;14;8;642;661;3;97;254;35;1
Chimborazo;Guamote;Rural;Total Rural;32.693;4.930;763;796;1.646;15.890;7.424;77;237;907;19;4
Chimborazo;Guamote;Rural;Asiste;11.381;;647;646;15;6.956;2.416;22;85;591;3;
Chimborazo;Guamote;Rural;No asiste;21.312;4.930;116;150;1.631;8.934;5.008;55;152;316;16;4
Chimborazo;Guano;Total Guano;Total Guano;48.327;3.532;949;1.116;215;21.722;11.737;127;1.758;6.299;789;83
Chimborazo;Guano;Total Guano;Asiste;16.353;;784;998;25;8.107;3.134;37;526;2.724;17;1
Chimborazo;Guano;Total Guano;No asiste;31.974;3.532;165;118;190;13.615;8.603;90;1.232;3.575;772;82
Chimborazo;Guano;Urbana;Total Urbana;9.136;467;91;223;11;3.569;2.199;38;354;1.937;215;32
Chimborazo;Guano;Urbana;Asiste;3.039;;80;205;2;1.342;568;6;80;754;2;
Chimborazo;Guano;Urbana;No asiste;6.097;467;11;18;9;2.227;1.631;32;274;1.183;213;32
Chimborazo;Guano;Rural;Total Rural;39.191;3.065;858;893;204;18.153;9.538;89;1.404;4.362;574;51
Chimborazo;Guano;Rural;Asiste;13.314;;704;793;23;6.765;2.566;31;446;1.970;15;1
Chimborazo;Guano;Rural;No asiste;25.877;3.065;154;100;181;11.388;6.972;58;958;2.392;559;50
Chimborazo;Pallatanga;Total Pallatanga;Total Pallatanga;11.796;1.404;244;219;182;5.714;3.000;31;166;766;67;3
Chimborazo;Pallatanga;Total Pallatanga;Asiste;3.799;;165;195;6;2.308;755;11;63;294;2;
Chimborazo;Pallatanga;Total Pallatanga;No asiste;7.997;1.404;79;24;176;3.406;2.245;20;103;472;65;3
Chimborazo;Pallatanga;Urbana;Total Urbana;4.266;414;78;88;17;1.869;1.192;17;95;455;38;3
Chimborazo;Pallatanga;Urbana;Asiste;1.428;;53;79;4;807;276;10;34;164;1;
Chimborazo;Pallatanga;Urbana;No asiste;2.838;414;25;9;13;1.062;916;7;61;291;37;3
Chimborazo;Pallatanga;Rural;Total Rural;7.530;990;166;131;165;3.845;1.808;14;71;311;29;
Chimborazo;Pallatanga;Rural;Asiste;2.371;;112;116;2;1.501;479;1;29;130;1;
Chimborazo;Pallatanga;Rural;No asiste;5.159;990;54;15;163;2.344;1.329;13;42;181;28;
Chimborazo;Penipe;Total Penipe;Total Penipe;6.748;554;107;119;24;3.254;1.751;21;190;655;64;9
Chimborazo;Penipe;Total Penipe;Asiste;1.936;;91;108;2;983;426;11;66;247;2;
Chimborazo;Penipe;Total Penipe;No asiste;4.812;554;16;11;22;2.271;1.325;10;124;408;62;9
Chimborazo;Penipe;Urbana;Total Urbana;1.417;155;23;29;2;531;414;2;39;197;24;1
Chimborazo;Penipe;Urbana;Asiste;475;;21;27;1;227;119;;18;62;;
Chimborazo;Penipe;Urbana;No asiste;942;155;2;2;1;304;295;2;21;135;24;1
Chimborazo;Penipe;Rural;Total Rural;5.331;399;84;90;22;2.723;1.337;19;151;458;40;8
Chimborazo;Penipe;Rural;Asiste;1.461;;70;81;1;756;307;11;48;185;2;
Chimborazo;Penipe;Rural;No asiste;3.870;399;14;9;21;1.967;1.030;8;103;273;38;8
Chimborazo;Cumandá;Total Cumandá;Total Cumandá;16.602;1.441;254;373;30;6.986;5.468;47;250;1.639;111;3
Chimborazo;Cumandá;Total Cumandá;Asiste;5.632;;215;337;5;3.221;1.137;14;59;641;3;
Chimborazo;Cumandá;Total Cumandá;No asiste;10.970;1.441;39;36;25;3.765;4.331;33;191;998;108;3
Chimborazo;Cumandá;Urbana;Total Urbana;11.442;927;176;296;14;4.478;3.908;23;186;1.338;93;3
Chimborazo;Cumandá;Urbana;Asiste;3.997;;147;269;2;2.246;775;5;39;512;2;
Chimborazo;Cumandá;Urbana;No asiste;7.445;927;29;27;12;2.232;3.133;18;147;826;91;3
Chimborazo;Cumandá;Rural;Total Rural;5.160;514;78;77;16;2.508;1.560;24;64;301;18;
Chimborazo;Cumandá;Rural;Asiste;1.635;;68;68;3;975;362;9;20;129;1;
Chimborazo;Cumandá;Rural;No asiste;3.525;514;10;9;13;1.533;1.198;15;44;172;17;
El Oro;Total El Oro;Total El Oro;Total El Oro;714.592;42.208;14.276;15.385;762;288.370;218.353;2.545;13.445;109.927;8.783;538
El Oro;Total El Oro;Urbana;Total Urbana;561.225;31.229;10.693;12.090;424;211.877;175.453;2.137;11.466;97.228;8.126;502
El Oro;Total El Oro;Urbana;Asiste;177.502;;8.953;10.962;45;92.376;29.724;495;2.601;32.139;191;16
El Oro;Total El Oro;Urbana;No asiste;383.723;31.229;1.740;1.128;379;119.501;145.729;1.642;8.865;65.089;7.935;486
El Oro;Total El Oro;Rural;Total Rural;153.367;10.979;3.583;3.295;338;76.493;42.900;408;1.979;12.699;657;36
El Oro;Total El Oro;Rural;Asiste;45.974;;2.882;2.937;22;25.940;7.921;108;517;5.627;17;3
El Oro;Total El Oro;Rural;No asiste;107.393;10.979;701;358;316;50.553;34.979;300;1.462;7.072;640;33
El Oro;Machala;Total Machala;Total Machala;306.309;16.911;5.907;6.530;216;112.079;93.774;1.299;6.298;57.902;5.043;350
El Oro;Machala;Total Machala;Asiste;97.392;;4.967;5.941;33;49.191;15.868;316;1.530;19.408;125;13
El Oro;Machala;Total Machala;No asiste;208.917;16.911;940;589;183;62.888;77.906;983;4.768;38.494;4.918;337
El Oro;Machala;Urbana;Total Urbana;288.072;15.448;5.496;6.073;192;103.433;88.484;1.268;6.026;56.316;4.991;345
El Oro;Machala;Urbana;Asiste;91.785;;4.647;5.535;28;46.073;14.909;303;1.433;18.722;124;11
El Oro;Machala;Urbana;No asiste;196.287;15.448;849;538;164;57.360;73.575;965;4.593;37.594;4.867;334
El Oro;Machala;Rural;Total Rural;18.237;1.463;411;457;24;8.646;5.290;31;272;1.586;52;5
El Oro;Machala;Rural;Asiste;5.607;;320;406;5;3.118;959;13;97;686;1;2
El Oro;Machala;Rural;No asiste;12.630;1.463;91;51;19;5.528;4.331;18;175;900;51;3
El Oro;Arenillas;Total Arenillas;Total Arenillas;32.366;1.817;713;727;14;14.196;9.952;51;646;3.965;274;11
El Oro;Arenillas;Total Arenillas;Asiste;10.138;;619;659;1;5.515;1.813;8;150;1.368;5;
El Oro;Arenillas;Total Arenillas;No asiste;22.228;1.817;94;68;13;8.681;8.139;43;496;2.597;269;11
El Oro;Arenillas;Urbana;Total Urbana;21.524;1.135;436;502;10;8.695;6.782;35;493;3.200;228;8
El Oro;Arenillas;Urbana;Asiste;6.982;;376;450;;3.767;1.228;6;110;1.042;3;
El Oro;Arenillas;Urbana;No asiste;14.542;1.135;60;52;10;4.928;5.554;29;383;2.158;225;8
El Oro;Arenillas;Rural;Total Rural;10.842;682;277;225;4;5.501;3.170;16;153;765;46;3
El Oro;Arenillas;Rural;Asiste;3.156;;243;209;1;1.748;585;2;40;326;2;
El Oro;Arenillas;Rural;No asiste;7.686;682;34;16;3;3.753;2.585;14;113;439;44;3
El Oro;Atahualpa;Total Atahualpa;Total Atahualpa;6.112;252;134;144;3;3.062;1.608;13;60;772;62;2
El Oro;Atahualpa;Total Atahualpa;Asiste;1.815;;106;132;;908;288;5;17;356;3;
El Oro;Atahualpa;Total Atahualpa;No asiste;4.297;252;28;12;3;2.154;1.320;8;43;416;59;2
El Oro;Atahualpa;Urbana;Total Urbana;1.769;64;31;56;;713;516;8;25;330;24;2
El Oro;Atahualpa;Urbana;Asiste;552;;25;54;;267;83;2;7;113;1;
El Oro;Atahualpa;Urbana;No asiste;1.217;64;6;2;;446;433;6;18;217;23;2
El Oro;Atahualpa;Rural;Total Rural;4.343;188;103;88;3;2.349;1.092;5;35;442;38;
El Oro;Atahualpa;Rural;Asiste;1.263;;81;78;;641;205;3;10;243;2;
El Oro;Atahualpa;Rural;No asiste;3.080;188;22;10;3;1.708;887;2;25;199;36;
El Oro;Balsas;Total Balsas;Total Balsas;7.875;378;127;183;12;3.629;2.533;10;65;890;44;4
El Oro;Balsas;Total Balsas;Asiste;2.542;;111;168;;1.462;447;2;12;340;;
El Oro;Balsas;Total Balsas;No asiste;5.333;378;16;15;12;2.167;2.086;8;53;550;44;4
El Oro;Balsas;Urbana;Total Urbana;4.500;190;76;110;10;1.846;1.533;7;37;653;34;4
El Oro;Balsas;Urbana;Asiste;1.518;;68;102;;852;256;1;6;233;;
El Oro;Balsas;Urbana;No asiste;2.982;190;8;8;10;994;1.277;6;31;420;34;4
El Oro;Balsas;Rural;Total Rural;3.375;188;51;73;2;1.783;1.000;3;28;237;10;
El Oro;Balsas;Rural;Asiste;1.024;;43;66;;610;191;1;6;107;;
El Oro;Balsas;Rural;No asiste;2.351;188;8;7;2;1.173;809;2;22;130;10;
El Oro;Chilla;Total Chilla;Total Chilla;2.251;188;45;33;5;1.145;574;3;23;218;16;1
El Oro;Chilla;Total Chilla;Asiste;711;;36;31;1;397;130;1;3;112;;
El Oro;Chilla;Total Chilla;No asiste;1.540;188;9;2;4;748;444;2;20;106;16;1
El Oro;Chilla;Urbana;Total Urbana;910;61;18;11;;384;244;;20;158;14;
El Oro;Chilla;Urbana;Asiste;305;;15;10;;155;47;;3;75;;
El Oro;Chilla;Urbana;No asiste;605;61;3;1;;229;197;;17;83;14;
El Oro;Chilla;Rural;Total Rural;1.341;127;27;22;5;761;330;3;3;60;2;1
El Oro;Chilla;Rural;Asiste;406;;21;21;1;242;83;1;;37;;
El Oro;Chilla;Rural;No asiste;935;127;6;1;4;519;247;2;3;23;2;1
El Oro;El Guabo;Total El Guabo;Total El Guabo;59.536;4.963;1.126;1.412;59;27.399;17.333;340;960;5.646;288;10
El Oro;El Guabo;Total El Guabo;Asiste;18.596;;831;1.259;11;10.930;3.091;68;285;2.110;10;1
El Oro;El Guabo;Total El Guabo;No asiste;40.940;4.963;295;153;48;16.469;14.242;272;675;3.536;278;9
El Oro;El Guabo;Urbana;Total Urbana;26.635;2.018;348;632;23;11.103;8.114;154;525;3.503;207;8
El Oro;El Guabo;Urbana;Asiste;8.286;;262;566;1;4.710;1.374;22;174;1.168;8;1
El Oro;El Guabo;Urbana;No asiste;18.349;2.018;86;66;22;6.393;6.740;132;351;2.335;199;7
El Oro;El Guabo;Rural;Total Rural;32.901;2.945;778;780;36;16.296;9.219;186;435;2.143;81;2
El Oro;El Guabo;Rural;Asiste;10.310;;569;693;10;6.220;1.717;46;111;942;2;
El Oro;El Guabo;Rural;No asiste;22.591;2.945;209;87;26;10.076;7.502;140;324;1.201;79;2
El Oro;Huaquillas;Total Huaquillas;Total Huaquillas;56.303;3.556;1.235;1.204;47;24.171;18.797;116;979;5.849;331;18
El Oro;Huaquillas;Total Huaquillas;Asiste;17.896;;993;1.065;7;10.020;3.252;28;227;2.292;10;2
El Oro;Huaquillas;Total Huaquillas;No asiste;38.407;3.556;242;139;40;14.151;15.545;88;752;3.557;321;16
El Oro;Huaquillas;Urbana;Total Urbana;56.021;3.533;1.233;1.199;47;24.010;18.722;116;978;5.835;330;18
El Oro;Huaquillas;Urbana;Asiste;17.854;;991;1.061;7;9.998;3.246;28;227;2.284;10;2
El Oro;Huaquillas;Urbana;No asiste;38.167;3.533;242;138;40;14.012;15.476;88;751;3.551;320;16
El Oro;Huaquillas;Rural;Total Rural;282;23;2;5;;161;75;;1;14;1;
El Oro;Huaquillas;Rural;Asiste;42;;2;4;;22;6;;;8;;
El Oro;Huaquillas;Rural;No asiste;240;23;;1;;139;69;;1;6;1;
El Oro;Marcabelí;Total Marcabelí;Total Marcabelí;6.870;408;120;170;9;3.201;2.029;8;68;775;82;
El Oro;Marcabelí;Total Marcabelí;Asiste;2.080;;101;150;1;1.143;361;4;13;307;;
El Oro;Marcabelí;Total Marcabelí;No asiste;4.790;408;19;20;8;2.058;1.668;4;55;468;82;
El Oro;Marcabelí;Urbana;Total Urbana;4.973;290;88;125;4;2.148;1.541;8;61;633;75;
El Oro;Marcabelí;Urbana;Asiste;1.546;;77;110;1;841;269;4;12;232;;
El Oro;Marcabelí;Urbana;No asiste;3.427;290;11;15;3;1.307;1.272;4;49;401;75;
El Oro;Marcabelí;Rural;Total Rural;1.897;118;32;45;5;1.053;488;;7;142;7;
El Oro;Marcabelí;Rural;Asiste;534;;24;40;;302;92;;1;75;;
El Oro;Marcabelí;Rural;No asiste;1.363;118;8;5;5;751;396;;6;67;7;
El Oro;Pasaje;Total Pasaje;Total Pasaje;83.597;5.150;1.562;1.769;135;33.808;25.612;191;1.473;12.950;899;48
El Oro;Pasaje;Total Pasaje;Asiste;26.144;;1.323;1.584;3;13.549;4.462;45;296;4.856;25;1
El Oro;Pasaje;Total Pasaje;No asiste;57.453;5.150;239;185;132;20.259;21.150;146;1.177;8.094;874;47
El Oro;Pasaje;Urbana;Total Urbana;60.147;3.389;1.065;1.242;69;22.855;18.790;162;1.144;10.569;821;41
El Oro;Pasaje;Urbana;Asiste;18.819;;903;1.131;3;9.689;3.170;38;207;3.654;23;1
El Oro;Pasaje;Urbana;No asiste;41.328;3.389;162;111;66;13.166;15.620;124;937;6.915;798;40
El Oro;Pasaje;Rural;Total Rural;23.450;1.761;497;527;66;10.953;6.822;29;329;2.381;78;7
El Oro;Pasaje;Rural;Asiste;7.325;;420;453;;3.860;1.292;7;89;1.202;2;
El Oro;Pasaje;Rural;No asiste;16.125;1.761;77;74;66;7.093;5.530;22;240;1.179;76;7
El Oro;Piñas;Total Piñas;Total Piñas;29.406;1.290;530;561;44;13.003;8.776;71;487;4.195;426;23
El Oro;Piñas;Total Piñas;Asiste;8.496;;435;507;1;4.569;1.492;13;92;1.382;5;
El Oro;Piñas;Total Piñas;No asiste;20.910;1.290;95;54;43;8.434;7.284;58;395;2.813;421;23
El Oro;Piñas;Urbana;Total Urbana;18.482;766;294;400;11;6.902;5.969;58;390;3.296;375;21
El Oro;Piñas;Urbana;Asiste;5.594;;246;370;;2.939;978;13;72;971;5;
El Oro;Piñas;Urbana;No asiste;12.888;766;48;30;11;3.963;4.991;45;318;2.325;370;21
El Oro;Piñas;Rural;Total Rural;10.924;524;236;161;33;6.101;2.807;13;97;899;51;2
El Oro;Piñas;Rural;Asiste;2.902;;189;137;1;1.630;514;;20;411;;
El Oro;Piñas;Rural;No asiste;8.022;524;47;24;32;4.471;2.293;13;77;488;51;2
El Oro;Portovelo;Total Portovelo;Total Portovelo;13.556;795;306;307;28;5.896;4.554;91;233;1.231;109;6
El Oro;Portovelo;Total Portovelo;Asiste;3.958;;258;287;1;2.196;744;20;59;390;3;
El Oro;Portovelo;Total Portovelo;No asiste;9.598;795;48;20;27;3.700;3.810;71;174;841;106;6
El Oro;Portovelo;Urbana;Total Urbana;9.764;527;238;241;3;3.908;3.489;81;193;983;96;5
El Oro;Portovelo;Urbana;Asiste;2.932;;199;224;;1.596;544;16;50;301;2;
El Oro;Portovelo;Urbana;No asiste;6.832;527;39;17;3;2.312;2.945;65;143;682;94;5
El Oro;Portovelo;Rural;Total Rural;3.792;268;68;66;25;1.988;1.065;10;40;248;13;1
El Oro;Portovelo;Rural;Asiste;1.026;;59;63;1;600;200;4;9;89;1;
El Oro;Portovelo;Rural;No asiste;2.766;268;9;3;24;1.388;865;6;31;159;12;1
El Oro;Santa Rosa;Total Santa Rosa;Total Santa Rosa;80.299;4.723;1.816;1.855;79;32.926;23.665;296;1.779;12.242;871;47
El Oro;Santa Rosa;Total Santa Rosa;Asiste;25.242;;1.550;1.666;5;13.734;4.127;77;360;3.707;15;1
El Oro;Santa Rosa;Total Santa Rosa;No asiste;55.057;4.723;266;189;74;19.192;19.538;219;1.419;8.535;856;46
El Oro;Santa Rosa;Urbana;Total Urbana;56.842;3.235;1.219;1.306;46;21.642;17.076;212;1.366;9.966;735;39
El Oro;Santa Rosa;Urbana;Asiste;18.077;;1.034;1.168;4;9.707;2.961;52;265;2.874;11;1
El Oro;Santa Rosa;Urbana;No asiste;38.765;3.235;185;138;42;11.935;14.115;160;1.101;7.092;724;38
El Oro;Santa Rosa;Rural;Total Rural;23.457;1.488;597;549;33;11.284;6.589;84;413;2.276;136;8
El Oro;Santa Rosa;Rural;Asiste;7.165;;516;498;1;4.027;1.166;25;95;833;4;
El Oro;Santa Rosa;Rural;No asiste;16.292;1.488;81;51;32;7.257;5.423;59;318;1.443;132;8
El Oro;Zaruma;Total Zaruma;Total Zaruma;24.374;1.418;560;367;99;11.108;7.461;49;299;2.685;311;17
El Oro;Zaruma;Total Zaruma;Asiste;6.847;;422;335;3;3.830;1.296;15;60;878;7;1
El Oro;Zaruma;Total Zaruma;No asiste;17.527;1.418;138;32;96;7.278;6.165;34;239;1.807;304;16
El Oro;Zaruma;Urbana;Total Urbana;10.005;460;135;170;8;3.606;3.671;27;175;1.553;189;11
El Oro;Zaruma;Urbana;Asiste;2.790;;95;158;1;1.547;558;10;29;388;4;
El Oro;Zaruma;Urbana;No asiste;7.215;460;40;12;7;2.059;3.113;17;146;1.165;185;11
El Oro;Zaruma;Rural;Total Rural;14.369;958;425;197;91;7.502;3.790;22;124;1.132;122;6
El Oro;Zaruma;Rural;Asiste;4.057;;327;177;2;2.283;738;5;31;490;3;1
El Oro;Zaruma;Rural;No asiste;10.312;958;98;20;89;5.219;3.052;17;93;642;119;5
El Oro;Las Lajas;Total Las Lajas;Total Las Lajas;5.738;359;95;123;12;2.747;1.685;7;75;607;27;1
El Oro;Las Lajas;Total Las Lajas;Asiste;1.619;;83;115;;872;274;1;14;260;;
El Oro;Las Lajas;Total Las Lajas;No asiste;4.119;359;12;8;12;1.875;1.411;6;61;347;27;1
El Oro;Las Lajas;Urbana;Total Urbana;1.581;113;16;23;1;632;522;1;33;233;7;
El Oro;Las Lajas;Urbana;Asiste;462;;15;23;;235;101;;6;82;;
El Oro;Las Lajas;Urbana;No asiste;1.119;113;1;;1;397;421;1;27;151;7;
El Oro;Las Lajas;Rural;Total Rural;4.157;246;79;100;11;2.115;1.163;6;42;374;20;1
El Oro;Las Lajas;Rural;Asiste;1.157;;68;92;;637;173;1;8;178;;
El Oro;Las Lajas;Rural;No asiste;3.000;246;11;8;11;1.478;990;5;34;196;20;1
Esmeraldas;Total Esmeraldas;Total Esmeraldas;Total Esmeraldas;553.900;56.823;10.573;13.588;595;238.735;159.120;1.685;7.654;59.683;5.076;368
Esmeraldas;Total Esmeraldas;Urbana;Total Urbana;248.586;19.148;4.544;6.561;164;89.013;76.532;857;5.278;42.314;3.893;282
Esmeraldas;Total Esmeraldas;Urbana;Asiste;91.965;;3.610;6.019;29;50.020;15.551;310;1.671;14.668;78;9
Esmeraldas;Total Esmeraldas;Urbana;No asiste;156.621;19.148;934;542;135;38.993;60.981;547;3.607;27.646;3.815;273
Esmeraldas;Total Esmeraldas;Rural;Total Rural;305.314;37.675;6.029;7.027;431;149.722;82.588;828;2.376;17.369;1.183;86
Esmeraldas;Total Esmeraldas;Rural;Asiste;106.107;;4.851;6.162;69;67.095;19.067;269;801;7.751;38;4
Esmeraldas;Total Esmeraldas;Rural;No asiste;199.207;37.675;1.178;865;362;82.627;63.521;559;1.575;9.618;1.145;82
Esmeraldas;Esmeraldas;Total Esmeraldas;Total Esmeraldas;211.848;16.794;2.946;5.366;140;76.672;62.179;712;4.110;38.931;3.725;273
Esmeraldas;Esmeraldas;Total Esmeraldas;Asiste;78.597;;2.429;4.972;16;42.642;12.860;291;1.387;13.921;70;9
Esmeraldas;Esmeraldas;Total Esmeraldas;No asiste;133.251;16.794;517;394;124;34.030;49.319;421;2.723;25.010;3.655;264
Esmeraldas;Esmeraldas;Urbana;Total Urbana;155.487;10.821;2.051;3.908;72;51.479;46.474;578;3.497;33.183;3.193;231
Esmeraldas;Esmeraldas;Urbana;Asiste;57.739;;1.721;3.654;10;30.168;9.216;227;1.160;11.516;59;8
Esmeraldas;Esmeraldas;Urbana;No asiste;97.748;10.821;330;254;62;21.311;37.258;351;2.337;21.667;3.134;223
Esmeraldas;Esmeraldas;Rural;Total Rural;56.361;5.973;895;1.458;68;25.193;15.705;134;613;5.748;532;42
Esmeraldas;Esmeraldas;Rural;Asiste;20.858;;708;1.318;6;12.474;3.644;64;227;2.405;11;1
Esmeraldas;Esmeraldas;Rural;No asiste;35.503;5.973;187;140;62;12.719;12.061;70;386;3.343;521;41
Esmeraldas;Eloy Alfaro;Total Eloy Alfaro;Total Eloy Alfaro;46.305;6.316;1.322;1.161;74;21.650;13.022;140;352;2.181;87;
Esmeraldas;Eloy Alfaro;Total Eloy Alfaro;Asiste;16.922;;997;1.021;13;10.514;3.289;63;96;926;3;
Esmeraldas;Eloy Alfaro;Total Eloy Alfaro;No asiste;29.383;6.316;325;140;61;11.136;9.733;77;256;1.255;84;
Esmeraldas;Eloy Alfaro;Urbana;Total Urbana;4.956;460;165;193;3;1.922;1.678;9;69;441;16;
Esmeraldas;Eloy Alfaro;Urbana;Asiste;1.872;;122;173;;1.010;372;4;21;169;1;
Esmeraldas;Eloy Alfaro;Urbana;No asiste;3.084;460;43;20;3;912;1.306;5;48;272;15;
Esmeraldas;Eloy Alfaro;Rural;Total Rural;41.349;5.856;1.157;968;71;19.728;11.344;131;283;1.740;71;
Esmeraldas;Eloy Alfaro;Rural;Asiste;15.050;;875;848;13;9.504;2.917;59;75;757;2;
Esmeraldas;Eloy Alfaro;Rural;No asiste;26.299;5.856;282;120;58;10.224;8.427;72;208;983;69;
Esmeraldas;Muisne;Total Muisne;Total Muisne;36.426;4.757;672;924;30;18.513;9.618;79;157;1.605;69;2
Esmeraldas;Muisne;Total Muisne;Asiste;12.303;;501;817;10;8.143;2.091;28;55;656;2;
Esmeraldas;Muisne;Total Muisne;No asiste;24.123;4.757;171;107;20;10.370;7.527;51;102;949;67;2
Esmeraldas;Muisne;Urbana;Total Urbana;5.574;526;132;160;3;2.419;1.744;18;51;487;33;1
Esmeraldas;Muisne;Urbana;Asiste;1.798;;99;144;;1.076;315;8;22;133;1;
Esmeraldas;Muisne;Urbana;No asiste;3.776;526;33;16;3;1.343;1.429;10;29;354;32;1
Esmeraldas;Muisne;Rural;Total Rural;30.852;4.231;540;764;27;16.094;7.874;61;106;1.118;36;1
Esmeraldas;Muisne;Rural;Asiste;10.505;;402;673;10;7.067;1.776;20;33;523;1;
Esmeraldas;Muisne;Rural;No asiste;20.347;4.231;138;91;17;9.027;6.098;41;73;595;35;1
Esmeraldas;Quinindé;Total Quinindé;Total Quinindé;126.841;14.307;2.160;2.395;157;60.092;36.579;446;1.379;8.646;644;36
Esmeraldas;Quinindé;Total Quinindé;Asiste;41.663;;1.806;2.019;11;25.628;7.739;93;494;3.849;22;2
Esmeraldas;Quinindé;Total Quinindé;No asiste;85.178;14.307;354;376;146;34.464;28.840;353;885;4.797;622;34
Esmeraldas;Quinindé;Urbana;Total Urbana;31.120;2.481;772;713;18;11.685;10.322;142;632;3.975;361;19
Esmeraldas;Quinindé;Urbana;Asiste;11.037;;616;610;;5.985;2.039;24;226;1.527;9;1
Esmeraldas;Quinindé;Urbana;No asiste;20.083;2.481;156;103;18;5.700;8.283;118;406;2.448;352;18
Esmeraldas;Quinindé;Rural;Total Rural;95.721;11.826;1.388;1.682;139;48.407;26.257;304;747;4.671;283;17
Esmeraldas;Quinindé;Rural;Asiste;30.626;;1.190;1.409;11;19.643;5.700;69;268;2.322;13;1
Esmeraldas;Quinindé;Rural;No asiste;65.095;11.826;198;273;128;28.764;20.557;235;479;2.349;270;16
Esmeraldas;San Lorenzo;Total San Lorenzo;Total San Lorenzo;48.391;5.948;1.373;1.458;97;20.684;14.524;87;1.054;2.929;220;17
Esmeraldas;San Lorenzo;Total San Lorenzo;Asiste;18.139;;1.001;1.299;31;11.184;3.410;36;236;932;10;
Esmeraldas;San Lorenzo;Total San Lorenzo;No asiste;30.252;5.948;372;159;66;9.500;11.114;51;818;1.997;210;17
Esmeraldas;San Lorenzo;Urbana;Total Urbana;28.491;2.857;793;885;62;11.361;9.133;70;808;2.331;178;13
Esmeraldas;San Lorenzo;Urbana;Asiste;10.714;;533;801;16;6.428;2.096;31;159;644;6;
Esmeraldas;San Lorenzo;Urbana;No asiste;17.777;2.857;260;84;46;4.933;7.037;39;649;1.687;172;13
Esmeraldas;San Lorenzo;Rural;Total Rural;19.900;3.091;580;573;35;9.323;5.391;17;246;598;42;4
Esmeraldas;San Lorenzo;Rural;Asiste;7.425;;468;498;15;4.756;1.314;5;77;288;4;
Esmeraldas;San Lorenzo;Rural;No asiste;12.475;3.091;112;75;20;4.567;4.077;12;169;310;38;4
Esmeraldas;Atacames;Total Atacames;Total Atacames;51.204;5.143;1.143;1.487;37;23.367;15.198;108;427;3.991;278;25
Esmeraldas;Atacames;Total Atacames;Asiste;19.116;;939;1.350;4;11.660;3.415;44;146;1.555;3;
Esmeraldas;Atacames;Total Atacames;No asiste;32.088;5.143;204;137;33;11.707;11.783;64;281;2.436;275;25
Esmeraldas;Atacames;Urbana;Total Urbana;18.948;1.640;498;585;1;8.331;5.943;36;177;1.631;94;12
Esmeraldas;Atacames;Urbana;Asiste;7.348;;413;531;;4.481;1.269;14;65;574;1;
Esmeraldas;Atacames;Urbana;No asiste;11.600;1.640;85;54;1;3.850;4.674;22;112;1.057;93;12
Esmeraldas;Atacames;Rural;Total Rural;32.256;3.503;645;902;36;15.036;9.255;72;250;2.360;184;13
Esmeraldas;Atacames;Rural;Asiste;11.768;;526;819;4;7.179;2.146;30;81;981;2;
Esmeraldas;Atacames;Rural;No asiste;20.488;3.503;119;83;32;7.857;7.109;42;169;1.379;182;13
Esmeraldas;Rioverde;Total Rioverde;Total Rioverde;32.885;3.558;957;797;60;17.757;8.000;113;175;1.400;53;15
Esmeraldas;Rioverde;Total Rioverde;Asiste;11.332;;788;703;13;7.344;1.814;24;58;580;6;2
Esmeraldas;Rioverde;Total Rioverde;No asiste;21.553;3.558;169;94;47;10.413;6.186;89;117;820;47;13
Esmeraldas;Rioverde;Urbana;Total Urbana;4.010;363;133;117;5;1.816;1.238;4;44;266;18;6
Esmeraldas;Rioverde;Urbana;Asiste;1.457;;106;106;3;872;244;2;18;105;1;
Esmeraldas;Rioverde;Urbana;No asiste;2.553;363;27;11;2;944;994;2;26;161;17;6
Esmeraldas;Rioverde;Rural;Total Rural;28.875;3.195;824;680;55;15.941;6.762;109;131;1.134;35;9
Esmeraldas;Rioverde;Rural;Asiste;9.875;;682;597;10;6.472;1.570;22;40;475;5;2
Esmeraldas;Rioverde;Rural;No asiste;19.000;3.195;142;83;45;9.469;5.192;87;91;659;30;7
Guayas;Total Guayas;Total Guayas;Total Guayas;4.391.923;325.167;53.555;84.270;4.688;1.685.960;1.333.685;18.783;86.440;728.942;65.943;4.490
Guayas;Total Guayas;Urbana;Total Urbana;3.744.462;253.708;41.623;71.786;2.751;1.344.435;1.168.476;17.214;81.190;694.463;64.382;4.434
Guayas;Total Guayas;Urbana;Asiste;1.198.015;;35.609;65.230;289;616.032;195.541;3.655;22.334;257.645;1.558;122
Guayas;Total Guayas;Urbana;No asiste;2.546.447;253.708;6.014;6.556;2.462;728.403;972.935;13.559;58.856;436.818;62.824;4.312
Guayas;Total Guayas;Rural;Total Rural;647.461;71.459;11.932;12.484;1.937;341.525;165.209;1.569;5.250;34.479;1.561;56
Guayas;Total Guayas;Rural;Asiste;194.191;;9.810;10.723;83;119.157;33.844;395;1.713;18.415;47;4
Guayas;Total Guayas;Rural;No asiste;453.270;71.459;2.122;1.761;1.854;222.368;131.365;1.174;3.537;16.064;1.514;52
Guayas;Guayaquil;Total Guayaquil;Total Guayaquil;2.746.403;178.541;30.786;51.713;1.671;981.523;876.483;12.181;60.310;509.230;41.051;2.914
Guayas;Guayaquil;Total Guayaquil;Asiste;872.622;;26.588;47.031;207;445.140;142.291;2.573;17.540;190.197;979;76
Guayas;Guayaquil;Total Guayaquil;No asiste;1.873.781;178.541;4.198;4.682;1.464;536.383;734.192;9.608;42.770;319.033;40.072;2.838
Guayas;Guayaquil;Urbana;Total Urbana;2.650.288;169.038;28.782;49.549;1.493;933.092;849.812;12.014;59.312;503.483;40.810;2.903
Guayas;Guayaquil;Urbana;Asiste;841.613;;24.867;45.122;190;426.432;137.205;2.513;17.196;187.039;973;76
Guayas;Guayaquil;Urbana;No asiste;1.808.675;169.038;3.915;4.427;1.303;506.660;712.607;9.501;42.116;316.444;39.837;2.827
Guayas;Guayaquil;Rural;Total Rural;96.115;9.503;2.004;2.164;178;48.431;26.671;167;998;5.747;241;11
Guayas;Guayaquil;Rural;Asiste;31.009;;1.721;1.909;17;18.708;5.086;60;344;3.158;6;
Guayas;Guayaquil;Rural;No asiste;65.106;9.503;283;255;161;29.723;21.585;107;654;2.589;235;11
Guayas;Alfredo Baquerizo Moreno (Juján);Total Alfredo Baquerizo Moreno (Juján);Total Alfredo Baquerizo Moreno (Juján);25.526;3.038;169;466;38;12.481;7.266;99;247;1.639;80;3
Guayas;Alfredo Baquerizo Moreno (Juján);Total Alfredo Baquerizo Moreno (Juján);Asiste;6.849;;139;383;2;4.264;1.255;18;55;733;;
Guayas;Alfredo Baquerizo Moreno (Juján);Total Alfredo Baquerizo Moreno (Juján);No asiste;18.677;3.038;30;83;36;8.217;6.011;81;192;906;80;3
Guayas;Alfredo Baquerizo Moreno (Juján);Urbana;Total Urbana;6.035;532;71;124;1;2.357;2.027;9;124;742;45;3
Guayas;Alfredo Baquerizo Moreno (Juján);Urbana;Asiste;1.714;;58;113;;895;312;2;24;310;;
Guayas;Alfredo Baquerizo Moreno (Juján);Urbana;No asiste;4.321;532;13;11;1;1.462;1.715;7;100;432;45;3
Guayas;Alfredo Baquerizo Moreno (Juján);Rural;Total Rural;19.491;2.506;98;342;37;10.124;5.239;90;123;897;35;
Guayas;Alfredo Baquerizo Moreno (Juján);Rural;Asiste;5.135;;81;270;2;3.369;943;16;31;423;;
Guayas;Alfredo Baquerizo Moreno (Juján);Rural;No asiste;14.356;2.506;17;72;35;6.755;4.296;74;92;474;35;
Guayas;Balao;Total Balao;Total Balao;25.655;2.389;519;604;39;13.370;6.850;27;176;1.611;68;2
Guayas;Balao;Total Balao;Asiste;8.262;;425;531;2;4.951;1.371;9;59;914;;
Guayas;Balao;Total Balao;No asiste;17.393;2.389;94;73;37;8.419;5.479;18;117;697;68;2
Guayas;Balao;Urbana;Total Urbana;12.850;1.032;310;332;21;6.448;3.606;7;93;954;45;2
Guayas;Balao;Urbana;Asiste;4.355;;252;302;;2.526;720;1;34;520;;
Guayas;Balao;Urbana;No asiste;8.495;1.032;58;30;21;3.922;2.886;6;59;434;45;2
Guayas;Balao;Rural;Total Rural;12.805;1.357;209;272;18;6.922;3.244;20;83;657;23;
Guayas;Balao;Rural;Asiste;3.907;;173;229;2;2.425;651;8;25;394;;
Guayas;Balao;Rural;No asiste;8.898;1.357;36;43;16;4.497;2.593;12;58;263;23;
Guayas;Balzar;Total Balzar;Total Balzar;57.829;6.661;1.488;1.103;286;28.280;15.867;145;502;3.281;209;7
Guayas;Balzar;Total Balzar;Asiste;18.220;;1.139;921;1;11.314;3.243;47;136;1.418;1;
Guayas;Balzar;Total Balzar;No asiste;39.609;6.661;349;182;285;16.966;12.624;98;366;1.863;208;7
Guayas;Balzar;Urbana;Total Urbana;32.744;3.493;815;688;102;14.365;9.958;86;386;2.662;186;3
Guayas;Balzar;Urbana;Asiste;10.804;;607;588;;6.500;1.887;35;90;1.096;1;
Guayas;Balzar;Urbana;No asiste;21.940;3.493;208;100;102;7.865;8.071;51;296;1.566;185;3
Guayas;Balzar;Rural;Total Rural;25.085;3.168;673;415;184;13.915;5.909;59;116;619;23;4
Guayas;Balzar;Rural;Asiste;7.416;;532;333;1;4.814;1.356;12;46;322;;
Guayas;Balzar;Rural;No asiste;17.669;3.168;141;82;183;9.101;4.553;47;70;297;23;4
Guayas;Colimes;Total Colimes;Total Colimes;26.251;3.100;836;415;81;14.416;5.979;51;225;1.103;43;2
Guayas;Colimes;Total Colimes;Asiste;7.949;;650;359;9;4.956;1.297;19;77;581;1;
Guayas;Colimes;Total Colimes;No asiste;18.302;3.100;186;56;72;9.460;4.682;32;148;522;42;2
Guayas;Colimes;Urbana;Total Urbana;7.619;652;226;148;11;3.603;2.183;17;94;652;31;2
Guayas;Colimes;Urbana;Asiste;2.631;;178;130;3;1.537;411;8;28;335;1;
Guayas;Colimes;Urbana;No asiste;4.988;652;48;18;8;2.066;1.772;9;66;317;30;2
Guayas;Colimes;Rural;Total Rural;18.632;2.448;610;267;70;10.813;3.796;34;131;451;12;
Guayas;Colimes;Rural;Asiste;5.318;;472;229;6;3.419;886;11;49;246;;
Guayas;Colimes;Rural;No asiste;13.314;2.448;138;38;64;7.394;2.910;23;82;205;12;
Guayas;Daule;Total Daule;Total Daule;222.446;16.163;2.127;4.616;370;76.229;51.920;834;6.901;52.248;10.411;627
Guayas;Daule;Total Daule;Asiste;70.045;;1.766;4.174;11;37.331;11.293;161;1.622;13.472;186;29
Guayas;Daule;Total Daule;No asiste;152.401;16.163;361;442;359;38.898;40.627;673;5.279;38.776;10.225;598
Guayas;Daule;Urbana;Total Urbana;161.498;9.436;1.100;3.496;89;43.015;36.850;688;6.115;49.818;10.271;620
Guayas;Daule;Urbana;Asiste;53.141;;896;3.239;9;26.905;8.141;129;1.358;12.250;185;29
Guayas;Daule;Urbana;No asiste;108.357;9.436;204;257;80;16.110;28.709;559;4.757;37.568;10.086;591
Guayas;Daule;Rural;Total Rural;60.948;6.727;1.027;1.120;281;33.214;15.070;146;786;2.430;140;7
Guayas;Daule;Rural;Asiste;16.904;;870;935;2;10.426;3.152;32;264;1.222;1;
Guayas;Daule;Rural;No asiste;44.044;6.727;157;185;279;22.788;11.918;114;522;1.208;139;7
Guayas;Durán;Total Durán;Total Durán;303.910;22.909;2.874;6.210;261;112.890;100.605;1.425;6.531;47.480;2.586;139
Guayas;Durán;Total Durán;Asiste;99.460;;2.480;5.637;22;52.837;16.848;333;1.754;19.444;101;4
Guayas;Durán;Total Durán;No asiste;204.450;22.909;394;573;239;60.053;83.757;1.092;4.777;28.036;2.485;135
Guayas;Durán;Urbana;Total Urbana;295.211;21.952;2.738;5.990;241;109.089;98.594;1.384;6.412;46.261;2.414;136
Guayas;Durán;Urbana;Asiste;96.672;;2.352;5.447;22;51.190;16.409;322;1.727;19.105;94;4
Guayas;Durán;Urbana;No asiste;198.539;21.952;386;543;219;57.899;82.185;1.062;4.685;27.156;2.320;132
Guayas;Durán;Rural;Total Rural;8.699;957;136;220;20;3.801;2.011;41;119;1.219;172;3
Guayas;Durán;Rural;Asiste;2.788;;128;190;;1.647;439;11;27;339;7;
Guayas;Durán;Rural;No asiste;5.911;957;8;30;20;2.154;1.572;30;92;880;165;3
Guayas;El Empalme;Total El Empalme;Total El Empalme;79.767;8.698;1.218;1.457;239;40.135;20.814;181;500;6.165;341;19
Guayas;El Empalme;Total El Empalme;Asiste;24.556;;1.029;1.308;5;15.182;4.222;74;188;2.532;14;2
Guayas;El Empalme;Total El Empalme;No asiste;55.211;8.698;189;149;234;24.953;16.592;107;312;3.633;327;17
Guayas;El Empalme;Urbana;Total Urbana;41.778;3.962;662;834;103;18.609;12.221;103;320;4.658;289;17
Guayas;El Empalme;Urbana;Asiste;13.709;;555;761;3;8.072;2.362;47;108;1.790;10;1
Guayas;El Empalme;Urbana;No asiste;28.069;3.962;107;73;100;10.537;9.859;56;212;2.868;279;16
Guayas;El Empalme;Rural;Total Rural;37.989;4.736;556;623;136;21.526;8.593;78;180;1.507;52;2
Guayas;El Empalme;Rural;Asiste;10.847;;474;547;2;7.110;1.860;27;80;742;4;1
Guayas;El Empalme;Rural;No asiste;27.142;4.736;82;76;134;14.416;6.733;51;100;765;48;1
Guayas;El Triunfo;Total El Triunfo;Total El Triunfo;60.541;6.243;878;1.457;93;29.005;16.854;363;561;4.755;323;9
Guayas;El Triunfo;Total El Triunfo;Asiste;19.560;;695;1.272;8;12.064;3.320;68;134;1.989;10;
Guayas;El Triunfo;Total El Triunfo;No asiste;40.981;6.243;183;185;85;16.941;13.534;295;427;2.766;313;9
Guayas;El Triunfo;Urbana;Total Urbana;41.042;3.946;673;1.032;66;18.864;11.660;308;435;3.782;269;7
Guayas;El Triunfo;Urbana;Asiste;13.596;;523;896;6;8.175;2.253;57;95;1.582;9;
Guayas;El Triunfo;Urbana;No asiste;27.446;3.946;150;136;60;10.689;9.407;251;340;2.200;260;7
Guayas;El Triunfo;Rural;Total Rural;19.499;2.297;205;425;27;10.141;5.194;55;126;973;54;2
Guayas;El Triunfo;Rural;Asiste;5.964;;172;376;2;3.889;1.067;11;39;407;1;
Guayas;El Triunfo;Rural;No asiste;13.535;2.297;33;49;25;6.252;4.127;44;87;566;53;2
Guayas;Milagro;Total Milagro;Total Milagro;195.943;16.531;1.573;3.507;158;77.669;56.796;1.463;2.444;32.513;3.131;158
Guayas;Milagro;Total Milagro;Asiste;62.063;;1.278;3.133;33;33.429;10.127;273;434;13.245;105;6
Guayas;Milagro;Total Milagro;No asiste;133.880;16.531;295;374;125;44.240;46.669;1.190;2.010;19.268;3.026;152
Guayas;Milagro;Urbana;Total Urbana;159.970;13.034;1.186;2.883;114;59.777;47.299;1.277;2.169;29.124;2.958;149
Guayas;Milagro;Urbana;Asiste;51.044;;981;2.571;22;26.956;8.262;236;379;11.531;100;6
Guayas;Milagro;Urbana;No asiste;108.926;13.034;205;312;92;32.821;39.037;1.041;1.790;17.593;2.858;143
Guayas;Milagro;Rural;Total Rural;35.973;3.497;387;624;44;17.892;9.497;186;275;3.389;173;9
Guayas;Milagro;Rural;Asiste;11.019;;297;562;11;6.473;1.865;37;55;1.714;5;
Guayas;Milagro;Rural;No asiste;24.954;3.497;90;62;33;11.419;7.632;149;220;1.675;168;9
Guayas;Naranjal;Total Naranjal;Total Naranjal;83.691;9.306;851;1.853;86;40.424;22.736;340;784;6.943;347;21
Guayas;Naranjal;Total Naranjal;Asiste;26.223;;684;1.623;;15.503;4.286;46;179;3.892;10;
Guayas;Naranjal;Total Naranjal;No asiste;57.468;9.306;167;230;86;24.921;18.450;294;605;3.051;337;21
Guayas;Naranjal;Urbana;Total Urbana;39.323;4.062;364;907;32;17.543;11.317;208;527;4.065;282;16
Guayas;Naranjal;Urbana;Asiste;12.537;;293;808;;7.312;1.981;25;126;1.986;6;
Guayas;Naranjal;Urbana;No asiste;26.786;4.062;71;99;32;10.231;9.336;183;401;2.079;276;16
Guayas;Naranjal;Rural;Total Rural;44.368;5.244;487;946;54;22.881;11.419;132;257;2.878;65;5
Guayas;Naranjal;Rural;Asiste;13.686;;391;815;;8.191;2.305;21;53;1.906;4;
Guayas;Naranjal;Rural;No asiste;30.682;5.244;96;131;54;14.690;9.114;111;204;972;61;5
Guayas;Naranjito;Total Naranjito;Total Naranjito;44.169;4.603;195;768;119;20.467;12.633;141;386;4.563;289;5
Guayas;Naranjito;Total Naranjito;Asiste;13.689;;152;681;4;8.066;2.431;41;61;2.239;14;
Guayas;Naranjito;Total Naranjito;No asiste;30.480;4.603;43;87;115;12.401;10.202;100;325;2.324;275;5
Guayas;Naranjito;Urbana;Total Urbana;34.664;3.522;187;640;99;15.219;10.154;130;344;4.096;269;4
Guayas;Naranjito;Urbana;Asiste;11.005;;146;572;4;6.291;1.897;33;55;1.994;13;
Guayas;Naranjito;Urbana;No asiste;23.659;3.522;41;68;95;8.928;8.257;97;289;2.102;256;4
Guayas;Naranjito;Rural;Total Rural;9.505;1.081;8;128;20;5.248;2.479;11;42;467;20;1
Guayas;Naranjito;Rural;Asiste;2.684;;6;109;;1.775;534;8;6;245;1;
Guayas;Naranjito;Rural;No asiste;6.821;1.081;2;19;20;3.473;1.945;3;36;222;19;1
Guayas;Palestina;Total Palestina;Total Palestina;18.019;2.204;305;307;37;9.024;4.705;57;256;1.098;26;
Guayas;Palestina;Total Palestina;Asiste;5.358;;271;263;;3.155;916;4;85;664;;
Guayas;Palestina;Total Palestina;No asiste;12.661;2.204;34;44;37;5.869;3.789;53;171;434;26;
Guayas;Palestina;Urbana;Total Urbana;10.392;990;182;215;17;4.835;3.018;11;201;899;24;
Guayas;Palestina;Urbana;Asiste;3.302;;164;192;;1.796;548;2;63;537;;
Guayas;Palestina;Urbana;No asiste;7.090;990;18;23;17;3.039;2.470;9;138;362;24;
Guayas;Palestina;Rural;Total Rural;7.627;1.214;123;92;20;4.189;1.687;46;55;199;2;
Guayas;Palestina;Rural;Asiste;2.056;;107;71;;1.359;368;2;22;127;;
Guayas;Palestina;Rural;No asiste;5.571;1.214;16;21;20;2.830;1.319;44;33;72;2;
Guayas;Pedro Carbo;Total Pedro Carbo;Total Pedro Carbo;52.177;5.811;1.685;1.105;283;24.966;13.501;372;636;3.611;200;7
Guayas;Pedro Carbo;Total Pedro Carbo;Asiste;17.173;;1.348;896;13;9.953;2.919;59;221;1.752;11;1
Guayas;Pedro Carbo;Total Pedro Carbo;No asiste;35.004;5.811;337;209;270;15.013;10.582;313;415;1.859;189;6
Guayas;Pedro Carbo;Urbana;Total Urbana;24.882;2.351;686;547;71;10.420;7.276;271;451;2.637;167;5
Guayas;Pedro Carbo;Urbana;Asiste;8.590;;575;449;2;4.742;1.427;41;144;1.203;7;
Guayas;Pedro Carbo;Urbana;No asiste;16.292;2.351;111;98;69;5.678;5.849;230;307;1.434;160;5
Guayas;Pedro Carbo;Rural;Total Rural;27.295;3.460;999;558;212;14.546;6.225;101;185;974;33;2
Guayas;Pedro Carbo;Rural;Asiste;8.583;;773;447;11;5.211;1.492;18;77;549;4;1
Guayas;Pedro Carbo;Rural;No asiste;18.712;3.460;226;111;201;9.335;4.733;83;108;425;29;1
Guayas;Samborondón;Total Samborondón;Total Samborondón;98.540;5.701;1.425;1.825;58;35.409;21.610;280;1.612;24.956;5.151;513
Guayas;Samborondón;Total Samborondón;Asiste;29.567;;1.210;1.655;6;12.611;4.284;46;214;9.425;114;2
Guayas;Samborondón;Total Samborondón;No asiste;68.973;5.701;215;170;52;22.798;17.326;234;1.398;15.531;5.037;511
Guayas;Samborondón;Urbana;Total Urbana;72.425;3.369;738;1.262;21;22.081;14.548;250;1.416;23.149;5.078;513
Guayas;Samborondón;Urbana;Asiste;21.742;;669;1.174;4;8.326;2.916;36;152;8.349;114;2
Guayas;Samborondón;Urbana;No asiste;50.683;3.369;69;88;17;13.755;11.632;214;1.264;14.800;4.964;511
Guayas;Samborondón;Rural;Total Rural;26.115;2.332;687;563;37;13.328;7.062;30;196;1.807;73;
Guayas;Samborondón;Rural;Asiste;7.825;;541;481;2;4.285;1.368;10;62;1.076;;
Guayas;Samborondón;Rural;No asiste;18.290;2.332;146;82;35;9.043;5.694;20;134;731;73;
Guayas;Santa Lucía;Total Santa Lucía;Total Santa Lucía;43.700;4.352;1.239;892;188;22.343;11.638;36;867;2.008;135;2
Guayas;Santa Lucía;Total Santa Lucía;Asiste;13.086;;1.012;793;3;7.727;2.361;17;311;858;4;
Guayas;Santa Lucía;Total Santa Lucía;No asiste;30.614;4.352;227;99;185;14.616;9.277;19;556;1.150;131;2
Guayas;Santa Lucía;Urbana;Total Urbana;10.924;882;224;217;20;4.504;3.531;17;372;1.072;84;1
Guayas;Santa Lucía;Urbana;Asiste;3.546;;193;204;1;1.989;635;8;104;410;2;
Guayas;Santa Lucía;Urbana;No asiste;7.378;882;31;13;19;2.515;2.896;9;268;662;82;1
Guayas;Santa Lucía;Rural;Total Rural;32.776;3.470;1.015;675;168;17.839;8.107;19;495;936;51;1
Guayas;Santa Lucía;Rural;Asiste;9.540;;819;589;2;5.738;1.726;9;207;448;2;
Guayas;Santa Lucía;Rural;No asiste;23.236;3.470;196;86;166;12.101;6.381;10;288;488;49;1
Guayas;Salitre;Total Salitre;Total Salitre;61.060;6.254;1.473;1.051;218;32.057;16.207;80;413;3.163;141;3
Guayas;Salitre;Total Salitre;Asiste;18.286;;1.234;921;5;10.923;3.207;24;151;1.820;1;
Guayas;Salitre;Total Salitre;No asiste;42.774;6.254;239;130;213;21.134;13.000;56;262;1.343;140;3
Guayas;Salitre;Urbana;Total Urbana;13.571;1.018;344;284;27;5.594;4.466;29;180;1.538;89;2
Guayas;Salitre;Urbana;Asiste;4.767;;292;258;1;2.500;804;12;51;848;1;
Guayas;Salitre;Urbana;No asiste;8.804;1.018;52;26;26;3.094;3.662;17;129;690;88;2
Guayas;Salitre;Rural;Total Rural;47.489;5.236;1.129;767;191;26.463;11.741;51;233;1.625;52;1
Guayas;Salitre;Rural;Asiste;13.519;;942;663;4;8.423;2.403;12;100;972;;
Guayas;Salitre;Rural;No asiste;33.970;5.236;187;104;187;18.040;9.338;39;133;653;52;1
Guayas;San Jacinto de Yaguachi;Total San Jacinto de Yaguachi;Total San Jacinto de Yaguachi;72.699;7.144;606;1.271;78;34.516;20.370;197;516;7.642;347;12
Guayas;San Jacinto de Yaguachi;Total San Jacinto de Yaguachi;Asiste;23.213;;502;1.101;10;12.777;3.982;65;119;4.637;19;1
Guayas;San Jacinto de Yaguachi;Total San Jacinto de Yaguachi;No asiste;49.486;7.144;104;170;68;21.739;16.388;132;397;3.005;328;11
Guayas;San Jacinto de Yaguachi;Urbana;Total Urbana;22.972;1.961;213;431;21;9.395;6.951;57;230;3.514;191;8
Guayas;San Jacinto de Yaguachi;Urbana;Asiste;7.837;;174;389;3;3.799;1.309;25;50;2.074;14;
Guayas;San Jacinto de Yaguachi;Urbana;No asiste;15.135;1.961;39;42;18;5.596;5.642;32;180;1.440;177;8
Guayas;San Jacinto de Yaguachi;Rural;Total Rural;49.727;5.183;393;840;57;25.121;13.419;140;286;4.128;156;4
Guayas;San Jacinto de Yaguachi;Rural;Asiste;15.376;;328;712;7;8.978;2.673;40;69;2.563;5;1
Guayas;San Jacinto de Yaguachi;Rural;No asiste;34.351;5.183;65;128;50;16.143;10.746;100;217;1.565;151;3
Guayas;Playas;Total Playas;Total Playas;58.768;4.485;1.470;1.135;126;26.828;17.176;200;1.092;5.759;467;30
Guayas;Playas;Total Playas;Asiste;19.879;;1.260;1.036;13;11.508;3.250;55;300;2.441;15;1
Guayas;Playas;Total Playas;No asiste;38.889;4.485;210;99;113;15.320;13.926;145;792;3.318;452;29
Guayas;Playas;Urbana;Total Urbana;48.156;3.533;1.234;900;100;21.200;14.575;163;953;5.054;416;28
Guayas;Playas;Urbana;Asiste;16.547;;1.094;839;13;9.417;2.714;48;266;2.141;14;1
Guayas;Playas;Urbana;No asiste;31.609;3.533;140;61;87;11.783;11.861;115;687;2.913;402;27
Guayas;Playas;Rural;Total Rural;10.612;952;236;235;26;5.628;2.601;37;139;705;51;2
Guayas;Playas;Rural;Asiste;3.332;;166;197;;2.091;536;7;34;300;1;
Guayas;Playas;Rural;No asiste;7.280;952;70;38;26;3.537;2.065;30;105;405;50;2
Guayas;Simón Bolívar;Total Simón Bolívar;Total Simón Bolívar;29.427;2.995;293;530;31;14.738;8.305;99;211;2.100;123;2
Guayas;Simón Bolívar;Total Simón Bolívar;Asiste;8.559;;232;483;2;5.430;1.507;23;37;842;3;
Guayas;Simón Bolívar;Total Simón Bolívar;No asiste;20.868;2.995;61;47;29;9.308;6.798;76;174;1.258;120;2
Guayas;Simón Bolívar;Urbana;Total Urbana;8.696;803;107;162;6;3.762;2.714;36;102;918;84;2
Guayas;Simón Bolívar;Urbana;Asiste;2.717;;83;148;;1.628;470;8;16;362;2;
Guayas;Simón Bolívar;Urbana;No asiste;5.979;803;24;14;6;2.134;2.244;28;86;556;82;2
Guayas;Simón Bolívar;Rural;Total Rural;20.731;2.192;186;368;25;10.976;5.591;63;109;1.182;39;
Guayas;Simón Bolívar;Rural;Asiste;5.842;;149;335;2;3.802;1.037;15;21;480;1;
Guayas;Simón Bolívar;Rural;No asiste;14.889;2.192;37;33;23;7.174;4.554;48;88;702;38;
Guayas;Coronel Marcelino Maridueña;Total Coronel Marcelino Maridueña;Total Coronel Marcelino Maridueña;13.183;854;129;276;5;5.256;4.508;28;209;1.792;122;4
Guayas;Coronel Marcelino Maridueña;Total Coronel Marcelino Maridueña;Asiste;3.963;;104;258;;2.190;708;11;36;651;4;1
Guayas;Coronel Marcelino Maridueña;Total Coronel Marcelino Maridueña;No asiste;9.220;854;25;18;5;3.066;3.800;17;173;1.141;118;3
Guayas;Coronel Marcelino Maridueña;Urbana;Total Urbana;7.796;373;66;153;;2.524;2.850;13;188;1.521;105;3
Guayas;Coronel Marcelino Maridueña;Urbana;Asiste;2.331;;57;146;;1.191;370;3;30;530;3;1
Guayas;Coronel Marcelino Maridueña;Urbana;No asiste;5.465;373;9;7;;1.333;2.480;10;158;991;102;2
Guayas;Coronel Marcelino Maridueña;Rural;Total Rural;5.387;481;63;123;5;2.732;1.658;15;21;271;17;1
Guayas;Coronel Marcelino Maridueña;Rural;Asiste;1.632;;47;112;;999;338;8;6;121;1;
Guayas;Coronel Marcelino Maridueña;Rural;No asiste;3.755;481;16;11;5;1.733;1.320;7;15;150;16;1
Guayas;Lomas de Sargentillo;Total Lomas de Sargentillo;Total Lomas de Sargentillo;22.254;2.584;425;498;93;10.833;6.001;37;247;1.458;76;2
Guayas;Lomas de Sargentillo;Total Lomas de Sargentillo;Asiste;6.910;;356;430;5;4.169;1.256;12;71;608;3;
Guayas;Lomas de Sargentillo;Total Lomas de Sargentillo;No asiste;15.344;2.584;69;68;88;6.664;4.745;25;176;850;73;2
Guayas;Lomas de Sargentillo;Urbana;Total Urbana;16.603;1.787;287;374;55;7.744;4.742;31;236;1.278;67;2
Guayas;Lomas de Sargentillo;Urbana;Asiste;5.229;;227;332;4;3.093;973;9;69;520;2;
Guayas;Lomas de Sargentillo;Urbana;No asiste;11.374;1.787;60;42;51;4.651;3.769;22;167;758;65;2
Guayas;Lomas de Sargentillo;Rural;Total Rural;5.651;797;138;124;38;3.089;1.259;6;11;180;9;
Guayas;Lomas de Sargentillo;Rural;Asiste;1.681;;129;98;1;1.076;283;3;2;88;1;
Guayas;Lomas de Sargentillo;Rural;No asiste;3.970;797;9;26;37;2.013;976;3;9;92;8;
Guayas;Nobol;Total Nobol;Total Nobol;23.850;2.034;459;560;62;11.221;7.183;68;446;1.711;104;2
Guayas;Nobol;Total Nobol;Asiste;8.006;;396;501;8;4.723;1.420;42;147;764;5;
Guayas;Nobol;Total Nobol;No asiste;15.844;2.034;63;59;54;6.498;5.763;26;299;947;99;2
Guayas;Nobol;Urbana;Total Urbana;10.010;757;164;233;19;4.223;3.298;54;251;941;68;2
Guayas;Nobol;Urbana;Asiste;3.374;;144;215;;1.881;608;35;78;411;2;
Guayas;Nobol;Urbana;No asiste;6.636;757;20;18;19;2.342;2.690;19;173;530;66;2
Guayas;Nobol;Rural;Total Rural;13.840;1.277;295;327;43;6.998;3.885;14;195;770;36;
Guayas;Nobol;Rural;Asiste;4.632;;252;286;8;2.842;812;7;69;353;3;
Guayas;Nobol;Rural;No asiste;9.208;1.277;43;41;35;4.156;3.073;7;126;417;33;
Guayas;General  Antonio Elizalde;Total General  Antonio Elizalde;Total General  Antonio Elizalde;11.810;1.010;138;253;20;4.942;3.813;48;175;1.306;103;2
Guayas;General  Antonio Elizalde;Total General  Antonio Elizalde;Asiste;3.812;;120;215;1;2.133;788;14;33;505;2;1
Guayas;General  Antonio Elizalde;Total General  Antonio Elizalde;No asiste;7.998;1.010;18;38;19;2.809;3.025;34;142;801;101;1
Guayas;General  Antonio Elizalde;Urbana;Total Urbana;6.738;481;85;146;5;2.466;2.357;27;126;965;79;1
Guayas;General  Antonio Elizalde;Urbana;Asiste;2.209;;72;126;1;1.167;446;7;23;365;2;
Guayas;General  Antonio Elizalde;Urbana;No asiste;4.529;481;13;20;4;1.299;1.911;20;103;600;77;1
Guayas;General  Antonio Elizalde;Rural;Total Rural;5.072;529;53;107;15;2.476;1.456;21;49;341;24;1
Guayas;General  Antonio Elizalde;Rural;Asiste;1.603;;48;89;;966;342;7;10;140;;1
Guayas;General  Antonio Elizalde;Rural;No asiste;3.469;529;5;18;15;1.510;1.114;14;39;201;24;
Guayas;Isidro Ayora;Total Isidro Ayora;Total Isidro Ayora;14.305;1.557;394;398;48;6.938;3.865;31;193;807;69;5
Guayas;Isidro Ayora;Total Isidro Ayora;Asiste;4.896;;349;348;2;2.853;803;16;83;437;3;2
Guayas;Isidro Ayora;Total Isidro Ayora;No asiste;9.409;1.557;45;50;46;4.085;3.062;15;110;370;66;3
Guayas;Isidro Ayora;Urbana;Total Urbana;8.275;742;179;239;17;3.706;2.469;24;153;680;61;5
Guayas;Isidro Ayora;Urbana;Asiste;3.003;;157;209;1;1.712;481;13;68;357;3;2
Guayas;Isidro Ayora;Urbana;No asiste;5.272;742;22;30;16;1.994;1.988;11;85;323;58;3
Guayas;Isidro Ayora;Rural;Total Rural;6.030;815;215;159;31;3.232;1.396;7;40;127;8;
Guayas;Isidro Ayora;Rural;Asiste;1.893;;192;139;1;1.141;322;3;15;80;;
Guayas;Isidro Ayora;Rural;No asiste;4.137;815;23;20;30;2.091;1.074;4;25;47;8;
Imbabura;Total Imbabura;Total Imbabura;Total Imbabura;469.879;36.648;7.754;9.190;1.873;191.170;123.577;2.090;14.156;73.894;8.865;662
Imbabura;Total Imbabura;Urbana;Total Urbana;245.628;11.686;2.863;4.899;321;85.498;67.265;1.202;9.036;54.927;7.368;563
Imbabura;Total Imbabura;Urbana;Asiste;78.458;;2.561;4.662;22;38.801;13.594;267;2.236;16.121;176;18
Imbabura;Total Imbabura;Urbana;No asiste;167.170;11.686;302;237;299;46.697;53.671;935;6.800;38.806;7.192;545
Imbabura;Total Imbabura;Rural;Total Rural;224.251;24.962;4.891;4.291;1.552;105.672;56.312;888;5.120;18.967;1.497;99
Imbabura;Total Imbabura;Rural;Asiste;71.769;;4.295;3.900;16;40.110;13.809;241;1.562;7.775;55;6
Imbabura;Total Imbabura;Rural;No asiste;152.482;24.962;596;391;1.536;65.562;42.503;647;3.558;11.192;1.442;93
Imbabura;Ibarra;Total Ibarra;Total Ibarra;217.469;11.452;2.768;4.471;402;80.637;58.570;951;7.437;44.218;6.092;471
Imbabura;Ibarra;Total Ibarra;Asiste;69.048;;2.472;4.225;10;34.995;12.114;218;1.907;12.947;144;16
Imbabura;Ibarra;Total Ibarra;No asiste;148.421;11.452;296;246;392;45.642;46.456;733;5.530;31.271;5.948;455
Imbabura;Ibarra;Urbana;Total Urbana;157.941;6.592;1.621;3.242;116;52.750;42.908;763;5.909;38.069;5.536;435
Imbabura;Ibarra;Urbana;Asiste;50.228;;1.451;3.089;7;24.780;8.525;154;1.444;10.642;124;12
Imbabura;Ibarra;Urbana;No asiste;107.713;6.592;170;153;109;27.970;34.383;609;4.465;27.427;5.412;423
Imbabura;Ibarra;Rural;Total Rural;59.528;4.860;1.147;1.229;286;27.887;15.662;188;1.528;6.149;556;36
Imbabura;Ibarra;Rural;Asiste;18.820;;1.021;1.136;3;10.215;3.589;64;463;2.305;20;4
Imbabura;Ibarra;Rural;No asiste;40.708;4.860;126;93;283;17.672;12.073;124;1.065;3.844;536;32
Imbabura;Antonio Ante;Total Antonio Ante;Total Antonio Ante;53.771;3.093;904;1.085;178;23.420;14.007;360;1.823;8.048;794;59
Imbabura;Antonio Ante;Total Antonio Ante;Asiste;17.513;;794;1.035;4;9.041;3.132;93;475;2.913;23;3
Imbabura;Antonio Ante;Total Antonio Ante;No asiste;36.258;3.093;110;50;174;14.379;10.875;267;1.348;5.135;771;56
Imbabura;Antonio Ante;Urbana;Total Urbana;25.115;1.100;362;457;33;10.044;6.753;203;945;4.725;463;30
Imbabura;Antonio Ante;Urbana;Asiste;8.105;;319;440;3;4.021;1.422;42;229;1.612;16;1
Imbabura;Antonio Ante;Urbana;No asiste;17.010;1.100;43;17;30;6.023;5.331;161;716;3.113;447;29
Imbabura;Antonio Ante;Rural;Total Rural;28.656;1.993;542;628;145;13.376;7.254;157;878;3.323;331;29
Imbabura;Antonio Ante;Rural;Asiste;9.408;;475;595;1;5.020;1.710;51;246;1.301;7;2
Imbabura;Antonio Ante;Rural;No asiste;19.248;1.993;67;33;144;8.356;5.544;106;632;2.022;324;27
Imbabura;Cotacachi;Total Cotacachi;Total Cotacachi;53.001;6.200;1.172;927;246;23.985;13.409;368;1.203;4.921;528;42
Imbabura;Cotacachi;Total Cotacachi;Asiste;17.082;;996;834;6;9.644;3.406;38;386;1.760;11;1
Imbabura;Cotacachi;Total Cotacachi;No asiste;35.919;6.200;176;93;240;14.341;10.003;330;817;3.161;517;41
Imbabura;Cotacachi;Urbana;Total Urbana;10.526;581;137;204;22;3.427;2.862;35;437;2.442;349;30
Imbabura;Cotacachi;Urbana;Asiste;3.303;;128;197;4;1.586;569;9;112;692;5;1
Imbabura;Cotacachi;Urbana;No asiste;7.223;581;9;7;18;1.841;2.293;26;325;1.750;344;29
Imbabura;Cotacachi;Rural;Total Rural;42.475;5.619;1.035;723;224;20.558;10.547;333;766;2.479;179;12
Imbabura;Cotacachi;Rural;Asiste;13.779;;868;637;2;8.058;2.837;29;274;1.068;6;
Imbabura;Cotacachi;Rural;No asiste;28.696;5.619;167;86;222;12.500;7.710;304;492;1.411;173;12
Imbabura;Otavalo;Total Otavalo;Total Otavalo;114.303;13.476;2.225;2.137;984;47.033;29.550;297;2.949;14.278;1.303;71
Imbabura;Otavalo;Total Otavalo;Asiste;37.167;;1.975;1.945;16;19.979;7.021;110;776;5.296;47;2
Imbabura;Otavalo;Total Otavalo;No asiste;77.136;13.476;250;192;968;27.054;22.529;187;2.173;8.982;1.256;69
Imbabura;Otavalo;Urbana;Total Urbana;41.718;2.875;530;799;132;14.869;11.749;161;1.380;8.255;915;53
Imbabura;Otavalo;Urbana;Asiste;13.519;;469;753;7;6.703;2.516;50;343;2.650;26;2
Imbabura;Otavalo;Urbana;No asiste;28.199;2.875;61;46;125;8.166;9.233;111;1.037;5.605;889;51
Imbabura;Otavalo;Rural;Total Rural;72.585;10.601;1.695;1.338;852;32.164;17.801;136;1.569;6.023;388;18
Imbabura;Otavalo;Rural;Asiste;23.648;;1.506;1.192;9;13.276;4.505;60;433;2.646;21;
Imbabura;Otavalo;Rural;No asiste;48.937;10.601;189;146;843;18.888;13.296;76;1.136;3.377;367;18
Imbabura;Pimampiro;Total Pimampiro;Total Pimampiro;13.366;1.075;283;267;32;6.580;3.673;23;250;1.105;74;4
Imbabura;Pimampiro;Total Pimampiro;Asiste;3.801;;255;240;1;2.133;702;8;71;385;5;1
Imbabura;Pimampiro;Total Pimampiro;No asiste;9.565;1.075;28;27;31;4.447;2.971;15;179;720;69;3
Imbabura;Pimampiro;Urbana;Total Urbana;5.848;309;127;113;6;2.492;1.755;8;156;817;61;4
Imbabura;Pimampiro;Urbana;Asiste;1.753;;119;100;1;931;298;;36;262;5;1
Imbabura;Pimampiro;Urbana;No asiste;4.095;309;8;13;5;1.561;1.457;8;120;555;56;3
Imbabura;Pimampiro;Rural;Total Rural;7.518;766;156;154;26;4.088;1.918;15;94;288;13;
Imbabura;Pimampiro;Rural;Asiste;2.048;;136;140;;1.202;404;8;35;123;;
Imbabura;Pimampiro;Rural;No asiste;5.470;766;20;14;26;2.886;1.514;7;59;165;13;
Imbabura;San Miguel de Urcuquí;Total San Miguel de Urcuquí;Total San Miguel de Urcuquí;17.969;1.352;402;303;31;9.515;4.368;91;494;1.324;74;15
Imbabura;San Miguel de Urcuquí;Total San Miguel de Urcuquí;Asiste;5.616;;364;283;1;3.119;1.028;41;183;595;1;1
Imbabura;San Miguel de Urcuquí;Total San Miguel de Urcuquí;No asiste;12.353;1.352;38;20;30;6.396;3.340;50;311;729;73;14
Imbabura;San Miguel de Urcuquí;Urbana;Total Urbana;4.480;229;86;84;12;1.916;1.238;32;209;619;44;11
Imbabura;San Miguel de Urcuquí;Urbana;Asiste;1.550;;75;83;;780;264;12;72;263;;1
Imbabura;San Miguel de Urcuquí;Urbana;No asiste;2.930;229;11;1;12;1.136;974;20;137;356;44;10
Imbabura;San Miguel de Urcuquí;Rural;Total Rural;13.489;1.123;316;219;19;7.599;3.130;59;285;705;30;4
Imbabura;San Miguel de Urcuquí;Rural;Asiste;4.066;;289;200;1;2.339;764;29;111;332;1;
Imbabura;San Miguel de Urcuquí;Rural;No asiste;9.423;1.123;27;19;18;5.260;2.366;30;174;373;29;4
Loja;Total Loja;Total Loja;Total Loja;485.421;28.110;8.875;8.665;1.494;207.613;115.513;1.530;10.799;88.638;12.791;1.393
Loja;Total Loja;Urbana;Total Urbana;293.339;13.134;4.576;6.161;298;98.126;72.052;1.230;8.464;75.979;12.006;1.313
Loja;Total Loja;Urbana;Asiste;101.927;;3.817;5.777;18;49.909;16.740;393;2.253;22.706;287;27
Loja;Total Loja;Urbana;No asiste;191.412;13.134;759;384;280;48.217;55.312;837;6.211;53.273;11.719;1.286
Loja;Total Loja;Rural;Total Rural;192.082;14.976;4.299;2.504;1.196;109.487;43.461;300;2.335;12.659;785;80
Loja;Total Loja;Rural;Asiste;54.751;;3.214;2.011;24;32.470;10.842;104;762;5.299;25;
Loja;Total Loja;Rural;No asiste;137.331;14.976;1.085;493;1.172;77.017;32.619;196;1.573;7.360;760;80
Loja;Loja;Total Loja;Total Loja;250.028;11.430;3.626;5.222;271;87.875;57.630;930;6.375;64.737;10.675;1.257
Loja;Loja;Total Loja;Asiste;86.193;;3.020;4.867;3;42.176;14.079;346;1.808;19.612;258;24
Loja;Loja;Total Loja;No asiste;163.835;11.430;606;355;268;45.699;43.551;584;4.567;45.125;10.417;1.233
Loja;Loja;Urbana;Total Urbana;203.496;8.430;2.686;4.327;114;63.450;46.584;800;5.575;59.963;10.359;1.208
Loja;Loja;Urbana;Asiste;71.732;;2.279;4.083;1;34.039;11.404;303;1.554;17.801;244;24
Loja;Loja;Urbana;No asiste;131.764;8.430;407;244;113;29.411;35.180;497;4.021;42.162;10.115;1.184
Loja;Loja;Rural;Total Rural;46.532;3.000;940;895;157;24.425;11.046;130;800;4.774;316;49
Loja;Loja;Rural;Asiste;14.461;;741;784;2;8.137;2.675;43;254;1.811;14;
Loja;Loja;Rural;No asiste;32.071;3.000;199;111;155;16.288;8.371;87;546;2.963;302;49
Loja;Calvas;Total Calvas;Total Calvas;26.042;1.419;722;414;168;12.393;5.664;70;1.165;3.569;429;29
Loja;Calvas;Total Calvas;Asiste;8.039;;499;363;16;4.285;1.492;36;341;995;12;
Loja;Calvas;Total Calvas;No asiste;18.003;1.419;223;51;152;8.108;4.172;34;824;2.574;417;29
Loja;Calvas;Urbana;Total Urbana;13.175;585;275;294;33;4.626;3.052;39;876;2.967;400;28
Loja;Calvas;Urbana;Asiste;4.597;;207;275;7;2.237;816;18;238;788;11;
Loja;Calvas;Urbana;No asiste;8.578;585;68;19;26;2.389;2.236;21;638;2.179;389;28
Loja;Calvas;Rural;Total Rural;12.867;834;447;120;135;7.767;2.612;31;289;602;29;1
Loja;Calvas;Rural;Asiste;3.442;;292;88;9;2.048;676;18;103;207;1;
Loja;Calvas;Rural;No asiste;9.425;834;155;32;126;5.719;1.936;13;186;395;28;1
Loja;Catamayo;Total Catamayo;Total Catamayo;35.240;2.082;757;696;58;15.738;9.961;125;880;4.608;311;24
Loja;Catamayo;Total Catamayo;Asiste;11.399;;642;635;3;6.129;2.042;24;224;1.691;9;
Loja;Catamayo;Total Catamayo;No asiste;23.841;2.082;115;61;55;9.609;7.919;101;656;2.917;302;24
Loja;Catamayo;Urbana;Total Urbana;27.026;1.509;620;568;40;11.143;8.013;117;765;3.955;274;22
Loja;Catamayo;Urbana;Asiste;9.107;;523;527;2;4.875;1.556;21;189;1.405;9;
Loja;Catamayo;Urbana;No asiste;17.919;1.509;97;41;38;6.268;6.457;96;576;2.550;265;22
Loja;Catamayo;Rural;Total Rural;8.214;573;137;128;18;4.595;1.948;8;115;653;37;2
Loja;Catamayo;Rural;Asiste;2.292;;119;108;1;1.254;486;3;35;286;;
Loja;Catamayo;Rural;No asiste;5.922;573;18;20;17;3.341;1.462;5;80;367;37;2
Loja;Celica;Total Celica;Total Celica;14.379;1.158;210;160;31;7.121;3.913;34;213;1.404;130;5
Loja;Celica;Total Celica;Asiste;4.355;;157;137;1;2.500;970;10;46;531;2;1
Loja;Celica;Total Celica;No asiste;10.024;1.158;53;23;30;4.621;2.943;24;167;873;128;4
Loja;Celica;Urbana;Total Urbana;4.486;256;63;72;8;1.625;1.330;21;132;879;96;4
Loja;Celica;Urbana;Asiste;1.536;;42;66;;807;313;6;24;275;2;1
Loja;Celica;Urbana;No asiste;2.950;256;21;6;8;818;1.017;15;108;604;94;3
Loja;Celica;Rural;Total Rural;9.893;902;147;88;23;5.496;2.583;13;81;525;34;1
Loja;Celica;Rural;Asiste;2.819;;115;71;1;1.693;657;4;22;256;;
Loja;Celica;Rural;No asiste;7.074;902;32;17;22;3.803;1.926;9;59;269;34;1
Loja;Chaguarpamba;Total Chaguarpamba;Total Chaguarpamba;6.857;433;144;64;9;3.846;1.660;9;93;558;41;
Loja;Chaguarpamba;Total Chaguarpamba;Asiste;1.878;;126;56;;1.060;371;2;25;235;3;
Loja;Chaguarpamba;Total Chaguarpamba;No asiste;4.979;433;18;8;9;2.786;1.289;7;68;323;38;
Loja;Chaguarpamba;Urbana;Total Urbana;1.342;52;45;22;3;493;393;1;48;264;21;
Loja;Chaguarpamba;Urbana;Asiste;454;;39;20;;216;69;1;7;100;2;
Loja;Chaguarpamba;Urbana;No asiste;888;52;6;2;3;277;324;;41;164;19;
Loja;Chaguarpamba;Rural;Total Rural;5.515;381;99;42;6;3.353;1.267;8;45;294;20;
Loja;Chaguarpamba;Rural;Asiste;1.424;;87;36;;844;302;1;18;135;1;
Loja;Chaguarpamba;Rural;No asiste;4.091;381;12;6;6;2.509;965;7;27;159;19;
Loja;Espíndola;Total Espíndola;Total Espíndola;14.119;1.057;369;151;146;7.914;3.144;25;193;1.017;101;2
Loja;Espíndola;Total Espíndola;Asiste;3.967;;294;107;2;2.321;843;7;56;330;7;
Loja;Espíndola;Total Espíndola;No asiste;10.152;1.057;75;44;144;5.593;2.301;18;137;687;94;2
Loja;Espíndola;Urbana;Total Urbana;2.073;83;38;31;3;730;575;11;73;462;66;1
Loja;Espíndola;Urbana;Asiste;635;;33;27;;319;120;1;22;110;3;
Loja;Espíndola;Urbana;No asiste;1.438;83;5;4;3;411;455;10;51;352;63;1
Loja;Espíndola;Rural;Total Rural;12.046;974;331;120;143;7.184;2.569;14;120;555;35;1
Loja;Espíndola;Rural;Asiste;3.332;;261;80;2;2.002;723;6;34;220;4;
Loja;Espíndola;Rural;No asiste;8.714;974;70;40;141;5.182;1.846;8;86;335;31;1
Loja;Gonzanamá;Total Gonzanamá;Total Gonzanamá;12.247;811;196;173;43;6.538;2.773;27;241;1.325;109;11
Loja;Gonzanamá;Total Gonzanamá;Asiste;3.386;;140;118;;1.908;714;3;78;424;1;
Loja;Gonzanamá;Total Gonzanamá;No asiste;8.861;811;56;55;43;4.630;2.059;24;163;901;108;11
Loja;Gonzanamá;Urbana;Total Urbana;1.973;98;33;43;4;589;504;10;64;567;55;6
Loja;Gonzanamá;Urbana;Asiste;633;;23;36;;314;130;1;18;110;1;
Loja;Gonzanamá;Urbana;No asiste;1.340;98;10;7;4;275;374;9;46;457;54;6
Loja;Gonzanamá;Rural;Total Rural;10.274;713;163;130;39;5.949;2.269;17;177;758;54;5
Loja;Gonzanamá;Rural;Asiste;2.753;;117;82;;1.594;584;2;60;314;;
Loja;Gonzanamá;Rural;No asiste;7.521;713;46;48;39;4.355;1.685;15;117;444;54;5
Loja;Macará;Total Macará;Total Macará;18.215;1.016;468;302;105;8.840;5.151;73;288;1.789;170;13
Loja;Macará;Total Macará;Asiste;5.449;;378;284;4;3.217;963;16;75;508;4;
Loja;Macará;Total Macará;No asiste;12.766;1.016;90;18;101;5.623;4.188;57;213;1.281;166;13
Loja;Macará;Urbana;Total Urbana;12.454;667;280;262;24;5.291;3.868;66;243;1.580;161;12
Loja;Macará;Urbana;Asiste;3.889;;228;248;2;2.236;678;13;60;420;4;
Loja;Macará;Urbana;No asiste;8.565;667;52;14;22;3.055;3.190;53;183;1.160;157;12
Loja;Macará;Rural;Total Rural;5.761;349;188;40;81;3.549;1.283;7;45;209;9;1
Loja;Macará;Rural;Asiste;1.560;;150;36;2;981;285;3;15;88;;
Loja;Macará;Rural;No asiste;4.201;349;38;4;79;2.568;998;4;30;121;9;1
Loja;Paltas;Total Paltas;Total Paltas;22.841;1.264;559;241;225;11.540;5.972;45;318;2.450;208;19
Loja;Paltas;Total Paltas;Asiste;6.907;;420;225;6;3.921;1.339;9;104;877;6;
Loja;Paltas;Total Paltas;No asiste;15.934;1.264;139;16;219;7.619;4.633;36;214;1.573;202;19
Loja;Paltas;Urbana;Total Urbana;7.831;284;195;140;14;2.656;2.379;28;196;1.744;179;16
Loja;Paltas;Urbana;Asiste;2.913;;170;135;4;1.485;517;6;50;542;4;
Loja;Paltas;Urbana;No asiste;4.918;284;25;5;10;1.171;1.862;22;146;1.202;175;16
Loja;Paltas;Rural;Total Rural;15.010;980;364;101;211;8.884;3.593;17;122;706;29;3
Loja;Paltas;Rural;Asiste;3.994;;250;90;2;2.436;822;3;54;335;2;
Loja;Paltas;Rural;No asiste;11.016;980;114;11;209;6.448;2.771;14;68;371;27;3
Loja;Puyango;Total Puyango;Total Puyango;16.257;1.249;135;224;141;8.413;3.953;102;252;1.650;132;6
Loja;Puyango;Total Puyango;Asiste;4.586;;97;174;1;2.690;864;12;65;681;2;
Loja;Puyango;Total Puyango;No asiste;11.671;1.249;38;50;140;5.723;3.089;90;187;969;130;6
Loja;Puyango;Urbana;Total Urbana;5.981;343;66;134;26;2.440;1.586;90;158;1.038;97;3
Loja;Puyango;Urbana;Asiste;1.957;;47;120;;1.066;320;9;36;357;2;
Loja;Puyango;Urbana;No asiste;4.024;343;19;14;26;1.374;1.266;81;122;681;95;3
Loja;Puyango;Rural;Total Rural;10.276;906;69;90;115;5.973;2.367;12;94;612;35;3
Loja;Puyango;Rural;Asiste;2.629;;50;54;1;1.624;544;3;29;324;;
Loja;Puyango;Rural;No asiste;7.647;906;19;36;114;4.349;1.823;9;65;288;35;3
Loja;Saraguro;Total Saraguro;Total Saraguro;29.111;2.939;658;550;170;15.380;6.184;19;355;2.571;272;13
Loja;Saraguro;Total Saraguro;Asiste;9.223;;529;454;3;5.465;1.723;10;85;948;5;1
Loja;Saraguro;Total Saraguro;No asiste;19.888;2.939;129;96;167;9.915;4.461;9;270;1.623;267;12
Loja;Saraguro;Urbana;Total Urbana;4.656;301;80;88;20;1.637;1.161;9;151;1.044;158;7
Loja;Saraguro;Urbana;Asiste;1.603;;67;77;1;811;312;4;26;302;2;1
Loja;Saraguro;Urbana;No asiste;3.053;301;13;11;19;826;849;5;125;742;156;6
Loja;Saraguro;Rural;Total Rural;24.455;2.638;578;462;150;13.743;5.023;10;204;1.527;114;6
Loja;Saraguro;Rural;Asiste;7.620;;462;377;2;4.654;1.411;6;59;646;3;
Loja;Saraguro;Rural;No asiste;16.835;2.638;116;85;148;9.089;3.612;4;145;881;111;6
Loja;Sozoranga;Total Sozoranga;Total Sozoranga;6.970;444;246;41;44;4.323;1.418;23;72;333;25;1
Loja;Sozoranga;Total Sozoranga;Asiste;1.915;;166;34;1;1.217;367;6;20;103;1;
Loja;Sozoranga;Total Sozoranga;No asiste;5.055;444;80;7;43;3.106;1.051;17;52;230;24;1
Loja;Sozoranga;Urbana;Total Urbana;908;26;30;15;1;365;244;10;29;172;16;
Loja;Sozoranga;Urbana;Asiste;276;;25;15;;147;50;1;3;34;1;
Loja;Sozoranga;Urbana;No asiste;632;26;5;;1;218;194;9;26;138;15;
Loja;Sozoranga;Rural;Total Rural;6.062;418;216;26;43;3.958;1.174;13;43;161;9;1
Loja;Sozoranga;Rural;Asiste;1.639;;141;19;1;1.070;317;5;17;69;;
Loja;Sozoranga;Rural;No asiste;4.423;418;75;7;42;2.888;857;8;26;92;9;1
Loja;Zapotillo;Total Zapotillo;Total Zapotillo;14.571;1.183;459;224;30;7.862;3.448;17;114;1.143;87;4
Loja;Zapotillo;Total Zapotillo;Asiste;4.226;;333;191;1;2.535;717;9;25;414;;1
Loja;Zapotillo;Total Zapotillo;No asiste;10.345;1.183;126;33;29;5.327;2.731;8;89;729;87;3
Loja;Zapotillo;Urbana;Total Urbana;3.599;225;96;85;5;1.403;1.041;6;54;620;62;2
Loja;Zapotillo;Urbana;Asiste;1.201;;85;78;1;618;199;5;7;207;;1
Loja;Zapotillo;Urbana;No asiste;2.398;225;11;7;4;785;842;1;47;413;62;1
Loja;Zapotillo;Rural;Total Rural;10.972;958;363;139;25;6.459;2.407;11;60;523;25;2
Loja;Zapotillo;Rural;Asiste;3.025;;248;113;;1.917;518;4;18;207;;
Loja;Zapotillo;Rural;No asiste;7.947;958;115;26;25;4.542;1.889;7;42;316;25;2
Loja;Pindal;Total Pindal;Total Pindal;10.409;1.063;171;118;32;5.326;2.728;19;113;786;50;3
Loja;Pindal;Total Pindal;Asiste;3.065;;132;82;;1.819;632;5;30;364;1;
Loja;Pindal;Total Pindal;No asiste;7.344;1.063;39;36;32;3.507;2.096;14;83;422;49;3
Loja;Pindal;Urbana;Total Urbana;2.660;226;18;48;2;995;902;14;53;372;30;
Loja;Pindal;Urbana;Asiste;885;;16;44;;495;180;3;9;137;1;
Loja;Pindal;Urbana;No asiste;1.775;226;2;4;2;500;722;11;44;235;29;
Loja;Pindal;Rural;Total Rural;7.749;837;153;70;30;4.331;1.826;5;60;414;20;3
Loja;Pindal;Rural;Asiste;2.180;;116;38;;1.324;452;2;21;227;;
Loja;Pindal;Rural;No asiste;5.569;837;37;32;30;3.007;1.374;3;39;187;20;3
Loja;Quilanga;Total Quilanga;Total Quilanga;3.971;252;72;42;9;2.218;886;7;71;389;21;4
Loja;Quilanga;Total Quilanga;Asiste;1.019;;31;26;;581;217;2;21;140;1;
Loja;Quilanga;Total Quilanga;No asiste;2.952;252;41;16;9;1.637;669;5;50;249;20;4
Loja;Quilanga;Urbana;Total Urbana;934;26;23;15;1;404;217;5;21;206;14;2
Loja;Quilanga;Urbana;Asiste;272;;9;12;;141;43;1;4;61;1;
Loja;Quilanga;Urbana;No asiste;662;26;14;3;1;263;174;4;17;145;13;2
Loja;Quilanga;Rural;Total Rural;3.037;226;49;27;8;1.814;669;2;50;183;7;2
Loja;Quilanga;Rural;Asiste;747;;22;14;;440;174;1;17;79;;
Loja;Quilanga;Rural;No asiste;2.290;226;27;13;8;1.374;495;1;33;104;7;2
Loja;Olmedo;Total Olmedo;Total Olmedo;4.164;310;83;43;12;2.286;1.028;5;56;309;30;2
Loja;Olmedo;Total Olmedo;Asiste;1.071;;67;35;1;555;249;;12;152;;
Loja;Olmedo;Total Olmedo;No asiste;3.093;310;16;8;11;1.731;779;5;44;157;30;2
Loja;Olmedo;Urbana;Total Urbana;745;23;28;17;;279;203;3;26;146;18;2
Loja;Olmedo;Urbana;Asiste;237;;24;14;;103;33;;6;57;;
Loja;Olmedo;Urbana;No asiste;508;23;4;3;;176;170;3;20;89;18;2
Loja;Olmedo;Rural;Total Rural;3.419;287;55;26;12;2.007;825;2;30;163;12;
Loja;Olmedo;Rural;Asiste;834;;43;21;1;452;216;;6;95;;
Loja;Olmedo;Rural;No asiste;2.585;287;12;5;11;1.555;609;2;24;68;12;
Los Ríos;Total Los Ríos;Total Los Ríos;Total Los Ríos;898.652;90.439;12.586;16.483;1.725;399.510;243.863;4.218;11.454;109.838;8.003;533
Los Ríos;Total Los Ríos;Urbana;Total Urbana;485.223;42.202;5.770;9.475;639;188.774;138.320;2.802;7.813;82.296;6.689;443
Los Ríos;Total Los Ríos;Urbana;Asiste;161.511;;4.712;8.475;61;86.312;26.859;571;2.249;32.119;141;12
Los Ríos;Total Los Ríos;Urbana;No asiste;323.712;42.202;1.058;1.000;578;102.462;111.461;2.231;5.564;50.177;6.548;431
Los Ríos;Total Los Ríos;Rural;Total Rural;413.429;48.237;6.816;7.008;1.086;210.736;105.543;1.416;3.641;27.542;1.314;90
Los Ríos;Total Los Ríos;Rural;Asiste;122.153;;5.582;6.052;47;73.862;21.400;423;1.393;13.345;43;6
Los Ríos;Total Los Ríos;Rural;No asiste;291.276;48.237;1.234;956;1.039;136.874;84.143;993;2.248;14.197;1.271;84
Los Ríos;Babahoyo;Total Babahoyo;Total Babahoyo;178.509;15.048;2.401;3.803;260;71.524;45.688;747;3.138;32.828;2.905;167
Los Ríos;Babahoyo;Total Babahoyo;Asiste;59.194;;2.028;3.385;8;29.623;9.547;258;898;13.385;55;7
Los Ríos;Babahoyo;Total Babahoyo;No asiste;119.315;15.048;373;418;252;41.901;36.141;489;2.240;19.443;2.850;160
Los Ríos;Babahoyo;Urbana;Total Urbana;98.251;7.123;741;2.031;64;33.121;25.488;472;2.258;24.512;2.316;125
Los Ríos;Babahoyo;Urbana;Asiste;32.828;;621;1.803;2;15.468;5.096;122;591;9.079;42;4
Los Ríos;Babahoyo;Urbana;No asiste;65.423;7.123;120;228;62;17.653;20.392;350;1.667;15.433;2.274;121
Los Ríos;Babahoyo;Rural;Total Rural;80.258;7.925;1.660;1.772;196;38.403;20.200;275;880;8.316;589;42
Los Ríos;Babahoyo;Rural;Asiste;26.366;;1.407;1.582;6;14.155;4.451;136;307;4.306;13;3
Los Ríos;Babahoyo;Rural;No asiste;53.892;7.925;253;190;190;24.248;15.749;139;573;4.010;576;39
Los Ríos;Baba;Total Baba;Total Baba;45.296;4.829;1.278;812;153;23.411;11.463;207;392;2.647;103;1
Los Ríos;Baba;Total Baba;Asiste;13.338;;1.056;721;5;7.943;2.329;26;162;1.095;1;
Los Ríos;Baba;Total Baba;No asiste;31.958;4.829;222;91;148;15.468;9.134;181;230;1.552;102;1
Los Ríos;Baba;Urbana;Total Urbana;6.746;583;146;150;14;2.830;1.940;92;101;840;49;1
Los Ríos;Baba;Urbana;Asiste;2.180;;122;133;2;1.233;386;1;47;256;;
Los Ríos;Baba;Urbana;No asiste;4.566;583;24;17;12;1.597;1.554;91;54;584;49;1
Los Ríos;Baba;Rural;Total Rural;38.550;4.246;1.132;662;139;20.581;9.523;115;291;1.807;54;
Los Ríos;Baba;Rural;Asiste;11.158;;934;588;3;6.710;1.943;25;115;839;1;
Los Ríos;Baba;Rural;No asiste;27.392;4.246;198;74;136;13.871;7.580;90;176;968;53;
Los Ríos;Montalvo;Total Montalvo;Total Montalvo;28.354;2.245;304;537;76;11.561;8.668;113;692;3.883;263;12
Los Ríos;Montalvo;Total Montalvo;Asiste;8.667;;279;492;13;4.690;1.601;57;153;1.376;6;
Los Ríos;Montalvo;Total Montalvo;No asiste;19.687;2.245;25;45;63;6.871;7.067;56;539;2.507;257;12
Los Ríos;Montalvo;Urbana;Total Urbana;16.248;1.111;204;317;40;5.765;5.278;76;518;2.714;215;10
Los Ríos;Montalvo;Urbana;Asiste;5.287;;190;291;12;2.725;1.001;36;109;919;4;
Los Ríos;Montalvo;Urbana;No asiste;10.961;1.111;14;26;28;3.040;4.277;40;409;1.795;211;10
Los Ríos;Montalvo;Rural;Total Rural;12.106;1.134;100;220;36;5.796;3.390;37;174;1.169;48;2
Los Ríos;Montalvo;Rural;Asiste;3.380;;89;201;1;1.965;600;21;44;457;2;
Los Ríos;Montalvo;Rural;No asiste;8.726;1.134;11;19;35;3.831;2.790;16;130;712;46;2
Los Ríos;Puebloviejo;Total Puebloviejo;Total Puebloviejo;40.961;4.459;892;743;120;19.138;10.954;166;419;3.908;159;3
Los Ríos;Puebloviejo;Total Puebloviejo;Asiste;13.065;;709;643;7;7.609;2.191;44;143;1.715;4;
Los Ríos;Puebloviejo;Total Puebloviejo;No asiste;27.896;4.459;183;100;113;11.529;8.763;122;276;2.193;155;3
Los Ríos;Puebloviejo;Urbana;Total Urbana;9.646;836;261;214;14;4.208;2.720;46;106;1.173;67;1
Los Ríos;Puebloviejo;Urbana;Asiste;3.159;;222;195;1;1.771;498;12;49;410;1;
Los Ríos;Puebloviejo;Urbana;No asiste;6.487;836;39;19;13;2.437;2.222;34;57;763;66;1
Los Ríos;Puebloviejo;Rural;Total Rural;31.315;3.623;631;529;106;14.930;8.234;120;313;2.735;92;2
Los Ríos;Puebloviejo;Rural;Asiste;9.906;;487;448;6;5.838;1.693;32;94;1.305;3;
Los Ríos;Puebloviejo;Rural;No asiste;21.409;3.623;144;81;100;9.092;6.541;88;219;1.430;89;2
Los Ríos;Quevedo;Total Quevedo;Total Quevedo;206.008;18.903;1.940;3.671;216;83.879;57.944;668;2.806;33.103;2.636;242
Los Ríos;Quevedo;Total Quevedo;Asiste;68.256;;1.561;3.247;16;37.345;11.054;123;874;13.960;68;8
Los Ríos;Quevedo;Total Quevedo;No asiste;137.752;18.903;379;424;200;46.534;46.890;545;1.932;19.143;2.568;234
Los Ríos;Quevedo;Urbana;Total Urbana;177.792;15.759;1.623;3.213;191;70.100;50.324;625;2.482;30.724;2.520;231
Los Ríos;Quevedo;Urbana;Asiste;59.780;;1.306;2.862;14;32.217;9.628;113;763;12.809;62;6
Los Ríos;Quevedo;Urbana;No asiste;118.012;15.759;317;351;177;37.883;40.696;512;1.719;17.915;2.458;225
Los Ríos;Quevedo;Rural;Total Rural;28.216;3.144;317;458;25;13.779;7.620;43;324;2.379;116;11
Los Ríos;Quevedo;Rural;Asiste;8.476;;255;385;2;5.128;1.426;10;111;1.151;6;2
Los Ríos;Quevedo;Rural;No asiste;19.740;3.144;62;73;23;8.651;6.194;33;213;1.228;110;9
Los Ríos;Urdaneta;Total Urdaneta;Total Urdaneta;33.151;3.595;446;599;59;15.805;9.297;101;262;2.830;151;6
Los Ríos;Urdaneta;Total Urdaneta;Asiste;9.533;;350;504;6;5.851;1.682;36;93;1.010;1;
Los Ríos;Urdaneta;Total Urdaneta;No asiste;23.618;3.595;96;95;53;9.954;7.615;65;169;1.820;150;6
Los Ríos;Urdaneta;Urbana;Total Urbana;7.216;639;104;148;5;2.946;2.260;27;88;945;54;
Los Ríos;Urdaneta;Urbana;Asiste;2.185;;91;134;1;1.225;398;12;25;299;;
Los Ríos;Urdaneta;Urbana;No asiste;5.031;639;13;14;4;1.721;1.862;15;63;646;54;
Los Ríos;Urdaneta;Rural;Total Rural;25.935;2.956;342;451;54;12.859;7.037;74;174;1.885;97;6
Los Ríos;Urdaneta;Rural;Asiste;7.348;;259;370;5;4.626;1.284;24;68;711;1;
Los Ríos;Urdaneta;Rural;No asiste;18.587;2.956;83;81;49;8.233;5.753;50;106;1.174;96;6
Los Ríos;Ventanas;Total Ventanas;Total Ventanas;73.211;7.604;777;1.136;121;32.370;21.264;772;912;7.711;517;27
Los Ríos;Ventanas;Total Ventanas;Asiste;22.437;;562;982;4;12.929;4.489;90;283;3.086;11;1
Los Ríos;Ventanas;Total Ventanas;No asiste;50.774;7.604;215;154;117;19.441;16.775;682;629;4.625;506;26
Los Ríos;Ventanas;Urbana;Total Urbana;41.531;4.029;385;755;37;16.278;12.613;544;650;5.775;443;22
Los Ríos;Ventanas;Urbana;Asiste;13.438;;275;678;1;7.331;2.661;55;198;2.229;9;1
Los Ríos;Ventanas;Urbana;No asiste;28.093;4.029;110;77;36;8.947;9.952;489;452;3.546;434;21
Los Ríos;Ventanas;Rural;Total Rural;31.680;3.575;392;381;84;16.092;8.651;228;262;1.936;74;5
Los Ríos;Ventanas;Rural;Asiste;8.999;;287;304;3;5.598;1.828;35;85;857;2;
Los Ríos;Ventanas;Rural;No asiste;22.681;3.575;105;77;81;10.494;6.823;193;177;1.079;72;5
Los Ríos;Vinces;Total Vinces;Total Vinces;80.909;8.985;1.022;1.375;217;37.418;22.669;379;738;7.638;444;24
Los Ríos;Vinces;Total Vinces;Asiste;23.488;;833;1.247;14;13.858;4.284;74;272;2.895;11;
Los Ríos;Vinces;Total Vinces;No asiste;57.421;8.985;189;128;203;23.560;18.385;305;466;4.743;433;24
Los Ríos;Vinces;Urbana;Total Urbana;35.064;2.808;556;689;61;13.389;10.837;143;455;5.716;390;20
Los Ríos;Vinces;Urbana;Asiste;11.318;;440;633;10;6.175;1.925;36;136;1.954;9;
Los Ríos;Vinces;Urbana;No asiste;23.746;2.808;116;56;51;7.214;8.912;107;319;3.762;381;20
Los Ríos;Vinces;Rural;Total Rural;45.845;6.177;466;686;156;24.029;11.832;236;283;1.922;54;4
Los Ríos;Vinces;Rural;Asiste;12.170;;393;614;4;7.683;2.359;38;136;941;2;
Los Ríos;Vinces;Rural;No asiste;33.675;6.177;73;72;152;16.346;9.473;198;147;981;52;4
Los Ríos;Palenque;Total Palenque;Total Palenque;24.838;3.317;643;315;59;13.403;5.837;139;172;903;48;2
Los Ríos;Palenque;Total Palenque;Asiste;6.911;;494;269;5;4.640;1.052;47;34;366;4;
Los Ríos;Palenque;Total Palenque;No asiste;17.927;3.317;149;46;54;8.763;4.785;92;138;537;44;2
Los Ríos;Palenque;Urbana;Total Urbana;7.258;747;254;150;15;3.332;1.948;105;110;557;39;1
Los Ríos;Palenque;Urbana;Asiste;2.363;;200;141;1;1.422;346;27;24;200;2;
Los Ríos;Palenque;Urbana;No asiste;4.895;747;54;9;14;1.910;1.602;78;86;357;37;1
Los Ríos;Palenque;Rural;Total Rural;17.580;2.570;389;165;44;10.071;3.889;34;62;346;9;1
Los Ríos;Palenque;Rural;Asiste;4.548;;294;128;4;3.218;706;20;10;166;2;
Los Ríos;Palenque;Rural;No asiste;13.032;2.570;95;37;40;6.853;3.183;14;52;180;7;1
Los Ríos;Buena Fe;Total Buena Fe;Total Buena Fe;74.410;8.219;1.232;1.484;183;34.261;21.116;392;826;6.314;366;17
Los Ríos;Buena Fe;Total Buena Fe;Asiste;24.724;;1.014;1.310;15;15.018;4.129;107;395;2.728;8;
Los Ríos;Buena Fe;Total Buena Fe;No asiste;49.686;8.219;218;174;168;19.243;16.987;285;431;3.586;358;17
Los Ríos;Buena Fe;Urbana;Total Urbana;46.779;4.658;879;953;109;20.320;13.949;295;406;4.875;320;15
Los Ríos;Buena Fe;Urbana;Asiste;16.110;;725;858;10;9.515;2.693;68;144;2.091;6;
Los Ríos;Buena Fe;Urbana;No asiste;30.669;4.658;154;95;99;10.805;11.256;227;262;2.784;314;15
Los Ríos;Buena Fe;Rural;Total Rural;27.631;3.561;353;531;74;13.941;7.167;97;420;1.439;46;2
Los Ríos;Buena Fe;Rural;Asiste;8.614;;289;452;5;5.503;1.436;39;251;637;2;
Los Ríos;Buena Fe;Rural;No asiste;19.017;3.561;64;79;69;8.438;5.731;58;169;802;44;2
Los Ríos;Valencia;Total Valencia;Total Valencia;51.509;6.083;809;1.064;95;25.171;13.035;157;648;4.222;211;14
Los Ríos;Valencia;Total Valencia;Asiste;16.523;;703;932;4;9.712;2.723;76;183;2.185;5;
Los Ríos;Valencia;Total Valencia;No asiste;34.986;6.083;106;132;91;15.459;10.312;81;465;2.037;206;14
Los Ríos;Valencia;Urbana;Total Urbana;22.996;2.340;404;512;46;9.834;6.365;108;466;2.735;176;10
Los Ríos;Valencia;Urbana;Asiste;7.907;;344;445;3;4.359;1.331;63;121;1.237;4;
Los Ríos;Valencia;Urbana;No asiste;15.089;2.340;60;67;43;5.475;5.034;45;345;1.498;172;10
Los Ríos;Valencia;Rural;Total Rural;28.513;3.743;405;552;49;15.337;6.670;49;182;1.487;35;4
Los Ríos;Valencia;Rural;Asiste;8.616;;359;487;1;5.353;1.392;13;62;948;1;
Los Ríos;Valencia;Rural;No asiste;19.897;3.743;46;65;48;9.984;5.278;36;120;539;34;4
Los Ríos;Mocache;Total Mocache;Total Mocache;42.026;4.790;686;694;124;22.066;10.351;339;295;2.537;129;15
Los Ríos;Mocache;Total Mocache;Asiste;12.063;;581;585;11;7.525;2.080;46;110;1.119;4;2
Los Ríos;Mocache;Total Mocache;No asiste;29.963;4.790;105;109;113;14.541;8.271;293;185;1.418;125;13
Los Ríos;Mocache;Urbana;Total Urbana;9.535;904;155;223;27;4.129;2.648;247;100;1.037;59;6
Los Ríos;Mocache;Urbana;Asiste;3.070;;131;198;4;1.782;531;22;26;374;1;1
Los Ríos;Mocache;Urbana;No asiste;6.465;904;24;25;23;2.347;2.117;225;74;663;58;5
Los Ríos;Mocache;Rural;Total Rural;32.491;3.886;531;471;97;17.937;7.703;92;195;1.500;70;9
Los Ríos;Mocache;Rural;Asiste;8.993;;450;387;7;5.743;1.549;24;84;745;3;1
Los Ríos;Mocache;Rural;No asiste;23.498;3.886;81;84;90;12.194;6.154;68;111;755;67;8
Los Ríos;Quinsaloma;Total Quinsaloma;Total Quinsaloma;19.470;2.362;156;250;42;9.503;5.577;38;154;1.314;71;3
Los Ríos;Quinsaloma;Total Quinsaloma;Asiste;5.465;;124;210;;3.431;1.098;10;42;544;6;
Los Ríos;Quinsaloma;Total Quinsaloma;No asiste;14.005;2.362;32;40;42;6.072;4.479;28;112;770;65;3
Los Ríos;Quinsaloma;Urbana;Total Urbana;6.161;665;58;120;16;2.522;1.950;22;73;693;41;1
Los Ríos;Quinsaloma;Urbana;Asiste;1.886;;45;104;;1.089;365;4;16;262;1;
Los Ríos;Quinsaloma;Urbana;No asiste;4.275;665;13;16;16;1.433;1.585;18;57;431;40;1
Los Ríos;Quinsaloma;Rural;Total Rural;13.309;1.697;98;130;26;6.981;3.627;16;81;621;30;2
Los Ríos;Quinsaloma;Rural;Asiste;3.579;;79;106;;2.342;733;6;26;282;5;
Los Ríos;Quinsaloma;Rural;No asiste;9.730;1.697;19;24;26;4.639;2.894;10;55;339;25;2
Manabí;Total Manabí;Total Manabí;Total Manabí;1.592.840;134.413;31.828;38.345;4.270;680.112;416.131;5.852;16.018;241.704;22.546;1.621
Manabí;Total Manabí;Urbana;Total Urbana;924.325;64.069;14.589;22.413;1.362;335.284;253.779;4.027;12.364;194.595;20.328;1.515
Manabí;Total Manabí;Urbana;Asiste;307.390;;12.595;20.458;112;154.962;50.233;1.033;3.589;64.091;283;34
Manabí;Total Manabí;Urbana;No asiste;616.935;64.069;1.994;1.955;1.250;180.322;203.546;2.994;8.775;130.504;20.045;1.481
Manabí;Total Manabí;Rural;Total Rural;668.515;70.344;17.239;15.932;2.908;344.828;162.352;1.825;3.654;47.109;2.218;106
Manabí;Total Manabí;Rural;Asiste;206.663;;15.251;13.835;148;118.252;35.560;522;1.285;21.760;46;4
Manabí;Total Manabí;Rural;No asiste;461.852;70.344;1.988;2.097;2.760;226.576;126.792;1.303;2.369;25.349;2.172;102
Manabí;Portoviejo;Total Portoviejo;Total Portoviejo;322.925;20.131;5.763;8.224;526;117.067;85.578;1.447;4.550;70.306;8.628;705
Manabí;Portoviejo;Total Portoviejo;Asiste;105.586;;5.269;7.536;19;51.058;16.766;314;1.359;23.128;124;13
Manabí;Portoviejo;Total Portoviejo;No asiste;217.339;20.131;494;688;507;66.009;68.812;1.133;3.191;47.178;8.504;692
Manabí;Portoviejo;Urbana;Total Urbana;244.129;14.213;3.923;6.223;292;79.275;63.864;1.305;3.950;62.188;8.204;692
Manabí;Portoviejo;Urbana;Asiste;81.281;;3.596;5.728;5;38.220;12.535;256;1.163;19.650;115;13
Manabí;Portoviejo;Urbana;No asiste;162.848;14.213;327;495;287;41.055;51.329;1.049;2.787;42.538;8.089;679
Manabí;Portoviejo;Rural;Total Rural;78.796;5.918;1.840;2.001;234;37.792;21.714;142;600;8.118;424;13
Manabí;Portoviejo;Rural;Asiste;24.305;;1.673;1.808;14;12.838;4.231;58;196;3.478;9;
Manabí;Portoviejo;Rural;No asiste;54.491;5.918;167;193;220;24.954;17.483;84;404;4.640;415;13
Manabí;Bolívar;Total Bolívar;Total Bolívar;41.827;3.321;748;1.058;99;19.183;10.604;81;286;5.804;589;54
Manabí;Bolívar;Total Bolívar;Asiste;13.349;;673;962;17;7.006;2.211;28;87;2.354;7;4
Manabí;Bolívar;Total Bolívar;No asiste;28.478;3.321;75;96;82;12.177;8.393;53;199;3.450;582;50
Manabí;Bolívar;Urbana;Total Urbana;20.011;1.258;317;552;34;7.192;5.596;49;206;4.255;506;46
Manabí;Bolívar;Urbana;Asiste;6.830;;283;529;10;3.258;1.105;15;58;1.562;6;4
Manabí;Bolívar;Urbana;No asiste;13.181;1.258;34;23;24;3.934;4.491;34;148;2.693;500;42
Manabí;Bolívar;Rural;Total Rural;21.816;2.063;431;506;65;11.991;5.008;32;80;1.549;83;8
Manabí;Bolívar;Rural;Asiste;6.519;;390;433;7;3.748;1.106;13;29;792;1;
Manabí;Bolívar;Rural;No asiste;15.297;2.063;41;73;58;8.243;3.902;19;51;757;82;8
Manabí;Chone;Total Chone;Total Chone;128.166;12.015;2.395;3.226;386;54.645;32.174;438;1.276;19.715;1.791;105
Manabí;Chone;Total Chone;Asiste;40.461;;2.154;2.813;18;21.266;6.925;152;367;6.750;15;1
Manabí;Chone;Total Chone;No asiste;87.705;12.015;241;413;368;33.379;25.249;286;909;12.965;1.776;104
Manabí;Chone;Urbana;Total Urbana;54.629;3.825;763;1.411;101;17.539;14.470;216;876;13.865;1.474;89
Manabí;Chone;Urbana;Asiste;17.985;;669;1.255;8;8.623;2.929;85;226;4.177;12;1
Manabí;Chone;Urbana;No asiste;36.644;3.825;94;156;93;8.916;11.541;131;650;9.688;1.462;88
Manabí;Chone;Rural;Total Rural;73.537;8.190;1.632;1.815;285;37.106;17.704;222;400;5.850;317;16
Manabí;Chone;Rural;Asiste;22.476;;1.485;1.558;10;12.643;3.996;67;141;2.573;3;
Manabí;Chone;Rural;No asiste;51.061;8.190;147;257;275;24.463;13.708;155;259;3.277;314;16
Manabí;El Carmen;Total El Carmen;Total El Carmen;120.936;12.639;2.303;2.660;246;57.851;32.568;317;868;10.585;849;50
Manabí;El Carmen;Total El Carmen;Asiste;38.864;;2.004;2.364;17;22.935;7.010;105;350;4.067;11;1
Manabí;El Carmen;Total El Carmen;No asiste;82.072;12.639;299;296;229;34.916;25.558;212;518;6.518;838;49
Manabí;El Carmen;Urbana;Total Urbana;52.366;4.884;1.094;1.264;100;21.449;14.921;205;506;7.220;684;39
Manabí;El Carmen;Urbana;Asiste;18.403;;957;1.149;16;10.095;3.338;72;194;2.572;10;
Manabí;El Carmen;Urbana;No asiste;33.963;4.884;137;115;84;11.354;11.583;133;312;4.648;674;39
Manabí;El Carmen;Rural;Total Rural;68.570;7.755;1.209;1.396;146;36.402;17.647;112;362;3.365;165;11
Manabí;El Carmen;Rural;Asiste;20.461;;1.047;1.215;1;12.840;3.672;33;156;1.495;1;1
Manabí;El Carmen;Rural;No asiste;48.109;7.755;162;181;145;23.562;13.975;79;206;1.870;164;10
Manabí;Flavio Alfaro;Total Flavio Alfaro;Total Flavio Alfaro;26.415;3.083;517;661;111;13.019;6.684;68;158;1.996;117;1
Manabí;Flavio Alfaro;Total Flavio Alfaro;Asiste;8.382;;467;568;19;4.832;1.410;31;61;991;3;
Manabí;Flavio Alfaro;Total Flavio Alfaro;No asiste;18.033;3.083;50;93;92;8.187;5.274;37;97;1.005;114;1
Manabí;Flavio Alfaro;Urbana;Total Urbana;8.312;811;166;255;53;3.358;2.483;29;73;1.007;77;
Manabí;Flavio Alfaro;Urbana;Asiste;2.926;;147;226;17;1.539;510;13;31;440;3;
Manabí;Flavio Alfaro;Urbana;No asiste;5.386;811;19;29;36;1.819;1.973;16;42;567;74;
Manabí;Flavio Alfaro;Rural;Total Rural;18.103;2.272;351;406;58;9.661;4.201;39;85;989;40;1
Manabí;Flavio Alfaro;Rural;Asiste;5.456;;320;342;2;3.293;900;18;30;551;;
Manabí;Flavio Alfaro;Rural;No asiste;12.647;2.272;31;64;56;6.368;3.301;21;55;438;40;1
Manabí;Jipijapa;Total Jipijapa;Total Jipijapa;78.117;6.428;1.548;1.834;386;32.012;18.735;140;581;14.819;1.529;105
Manabí;Jipijapa;Total Jipijapa;Asiste;25.408;;1.332;1.666;6;12.783;3.908;52;105;5.539;16;1
Manabí;Jipijapa;Total Jipijapa;No asiste;52.709;6.428;216;168;380;19.229;14.827;88;476;9.280;1.513;104
Manabí;Jipijapa;Urbana;Total Urbana;45.382;2.579;1.005;1.139;64;14.990;11.302;103;463;12.193;1.443;101
Manabí;Jipijapa;Urbana;Asiste;16.087;;865;1.061;3;7.470;2.341;38;74;4.219;15;1
Manabí;Jipijapa;Urbana;No asiste;29.295;2.579;140;78;61;7.520;8.961;65;389;7.974;1.428;100
Manabí;Jipijapa;Rural;Total Rural;32.735;3.849;543;695;322;17.022;7.433;37;118;2.626;86;4
Manabí;Jipijapa;Rural;Asiste;9.321;;467;605;3;5.313;1.567;14;31;1.320;1;
Manabí;Jipijapa;Rural;No asiste;23.414;3.849;76;90;319;11.709;5.866;23;87;1.306;85;4
Manabí;Junín;Total Junín;Total Junín;22.324;1.833;545;600;50;10.665;5.529;331;183;2.428;155;5
Manabí;Junín;Total Junín;Asiste;7.030;;476;532;2;3.691;1.104;118;61;1.043;3;
Manabí;Junín;Total Junín;No asiste;15.294;1.833;69;68;48;6.974;4.425;213;122;1.385;152;5
Manabí;Junín;Urbana;Total Urbana;7.332;400;171;182;6;2.690;2.047;159;111;1.441;121;4
Manabí;Junín;Urbana;Asiste;2.491;;152;170;;1.185;357;91;27;506;3;
Manabí;Junín;Urbana;No asiste;4.841;400;19;12;6;1.505;1.690;68;84;935;118;4
Manabí;Junín;Rural;Total Rural;14.992;1.433;374;418;44;7.975;3.482;172;72;987;34;1
Manabí;Junín;Rural;Asiste;4.539;;324;362;2;2.506;747;27;34;537;;
Manabí;Junín;Rural;No asiste;10.453;1.433;50;56;42;5.469;2.735;145;38;450;34;1
Manabí;Manta;Total Manta;Total Manta;271.145;19.115;2.826;5.983;310;100.461;76.290;974;3.810;55.858;5.115;403
Manabí;Manta;Total Manta;Asiste;84.910;;2.302;5.435;26;43.798;14.441;263;1.060;17.497;79;9
Manabí;Manta;Total Manta;No asiste;186.235;19.115;524;548;284;56.663;61.849;711;2.750;38.361;5.036;394
Manabí;Manta;Urbana;Total Urbana;258.697;18.020;2.455;5.605;272;93.684;73.281;959;3.755;55.202;5.066;398
Manabí;Manta;Urbana;Asiste;80.967;;1.965;5.095;23;41.614;13.744;253;1.040;17.147;77;9
Manabí;Manta;Urbana;No asiste;177.730;18.020;490;510;249;52.070;59.537;706;2.715;38.055;4.989;389
Manabí;Manta;Rural;Total Rural;12.448;1.095;371;378;38;6.777;3.009;15;55;656;49;5
Manabí;Manta;Rural;Asiste;3.943;;337;340;3;2.184;697;10;20;350;2;
Manabí;Manta;Rural;No asiste;8.505;1.095;34;38;35;4.593;2.312;5;35;306;47;5
Manabí;Montecristi;Total Montecristi;Total Montecristi;99.937;7.745;1.623;2.471;253;43.356;27.031;548;1.086;14.878;897;49
Manabí;Montecristi;Total Montecristi;Asiste;34.193;;1.374;2.239;5;18.250;5.678;128;409;6.095;14;1
Manabí;Montecristi;Total Montecristi;No asiste;65.744;7.745;249;232;248;25.106;21.353;420;677;8.783;883;48
Manabí;Montecristi;Urbana;Total Urbana;71.066;5.451;989;1.639;105;28.795;20.008;467;873;11.915;779;45
Manabí;Montecristi;Urbana;Asiste;24.674;;811;1.487;4;13.003;4.156;81;321;4.800;11;
Manabí;Montecristi;Urbana;No asiste;46.392;5.451;178;152;101;15.792;15.852;386;552;7.115;768;45
Manabí;Montecristi;Rural;Total Rural;28.871;2.294;634;832;148;14.561;7.023;81;213;2.963;118;4
Manabí;Montecristi;Rural;Asiste;9.519;;563;752;1;5.247;1.522;47;88;1.295;3;1
Manabí;Montecristi;Rural;No asiste;19.352;2.294;71;80;147;9.314;5.501;34;125;1.668;115;3
Manabí;Paján;Total Paján;Total Paján;41.879;5.025;1.472;938;183;21.490;9.730;53;269;2.581;136;2
Manabí;Paján;Total Paján;Asiste;12.953;;1.233;772;10;7.407;2.241;25;103;1.158;3;1
Manabí;Paján;Total Paján;No asiste;28.926;5.025;239;166;173;14.083;7.489;28;166;1.423;133;1
Manabí;Paján;Urbana;Total Urbana;7.686;565;222;199;17;3.016;2.176;12;106;1.275;98;
Manabí;Paján;Urbana;Asiste;2.703;;186;160;2;1.390;410;3;32;518;2;
Manabí;Paján;Urbana;No asiste;4.983;565;36;39;15;1.626;1.766;9;74;757;96;
Manabí;Paján;Rural;Total Rural;34.193;4.460;1.250;739;166;18.474;7.554;41;163;1.306;38;2
Manabí;Paján;Rural;Asiste;10.250;;1.047;612;8;6.017;1.831;22;71;640;1;1
Manabí;Paján;Rural;No asiste;23.943;4.460;203;127;158;12.457;5.723;19;92;666;37;1
Manabí;Pichincha;Total Pichincha;Total Pichincha;30.380;3.829;941;626;114;16.242;6.947;51;154;1.401;71;4
Manabí;Pichincha;Total Pichincha;Asiste;9.537;;841;515;18;5.654;1.673;30;65;734;5;2
Manabí;Pichincha;Total Pichincha;No asiste;20.843;3.829;100;111;96;10.588;5.274;21;89;667;66;2
Manabí;Pichincha;Urbana;Total Urbana;4.406;339;118;87;6;1.766;1.341;11;52;644;38;4
Manabí;Pichincha;Urbana;Asiste;1.517;;108;77;;784;242;6;17;280;1;2
Manabí;Pichincha;Urbana;No asiste;2.889;339;10;10;6;982;1.099;5;35;364;37;2
Manabí;Pichincha;Rural;Total Rural;25.974;3.490;823;539;108;14.476;5.606;40;102;757;33;
Manabí;Pichincha;Rural;Asiste;8.020;;733;438;18;4.870;1.431;24;48;454;4;
Manabí;Pichincha;Rural;No asiste;17.954;3.490;90;101;90;9.606;4.175;16;54;303;29;
Manabí;Rocafuerte;Total Rocafuerte;Total Rocafuerte;42.688;2.537;1.078;1.179;175;19.587;10.853;79;301;6.424;459;16
Manabí;Rocafuerte;Total Rocafuerte;Asiste;14.027;;999;1.095;15;7.098;2.235;26;72;2.481;6;
Manabí;Rocafuerte;Total Rocafuerte;No asiste;28.661;2.537;79;84;160;12.489;8.618;53;229;3.943;453;16
Manabí;Rocafuerte;Urbana;Total Urbana;11.848;588;209;327;12;4.150;3.097;43;150;2.989;274;9
Manabí;Rocafuerte;Urbana;Asiste;4.083;;192;311;;2.007;580;15;34;940;4;
Manabí;Rocafuerte;Urbana;No asiste;7.765;588;17;16;12;2.143;2.517;28;116;2.049;270;9
Manabí;Rocafuerte;Rural;Total Rural;30.840;1.949;869;852;163;15.437;7.756;36;151;3.435;185;7
Manabí;Rocafuerte;Rural;Asiste;9.944;;807;784;15;5.091;1.655;11;38;1.541;2;
Manabí;Rocafuerte;Rural;No asiste;20.896;1.949;62;68;148;10.346;6.101;25;113;1.894;183;7
Manabí;Santa Ana;Total Santa Ana;Total Santa Ana;51.462;5.454;1.615;1.139;334;25.168;12.572;91;428;4.382;266;13
Manabí;Santa Ana;Total Santa Ana;Asiste;15.660;;1.495;1.022;2;8.686;2.577;37;110;1.727;4;
Manabí;Santa Ana;Total Santa Ana;No asiste;35.802;5.454;120;117;332;16.482;9.995;54;318;2.655;262;13
Manabí;Santa Ana;Urbana;Total Urbana;11.918;657;307;317;21;4.550;3.306;32;172;2.348;199;9
Manabí;Santa Ana;Urbana;Asiste;3.879;;293;294;;1.905;561;4;44;775;3;
Manabí;Santa Ana;Urbana;No asiste;8.039;657;14;23;21;2.645;2.745;28;128;1.573;196;9
Manabí;Santa Ana;Rural;Total Rural;39.544;4.797;1.308;822;313;20.618;9.266;59;256;2.034;67;4
Manabí;Santa Ana;Rural;Asiste;11.781;;1.202;728;2;6.781;2.016;33;66;952;1;
Manabí;Santa Ana;Rural;No asiste;27.763;4.797;106;94;311;13.837;7.250;26;190;1.082;66;4
Manabí;Sucre;Total Sucre;Total Sucre;62.841;5.017;1.363;1.420;203;28.143;16.890;227;391;8.555;596;36
Manabí;Sucre;Total Sucre;Asiste;19.744;;1.162;1.262;13;10.611;3.453;22;92;3.120;9;
Manabí;Sucre;Total Sucre;No asiste;43.097;5.017;201;158;190;17.532;13.437;205;299;5.435;587;36
Manabí;Sucre;Urbana;Total Urbana;22.209;1.679;261;486;30;8.036;6.501;50;197;4.547;397;25
Manabí;Sucre;Urbana;Asiste;6.930;;222;437;1;3.593;1.240;10;37;1.390;;
Manabí;Sucre;Urbana;No asiste;15.279;1.679;39;49;29;4.443;5.261;40;160;3.157;397;25
Manabí;Sucre;Rural;Total Rural;40.632;3.338;1.102;934;173;20.107;10.389;177;194;4.008;199;11
Manabí;Sucre;Rural;Asiste;12.814;;940;825;12;7.018;2.213;12;55;1.730;9;
Manabí;Sucre;Rural;No asiste;27.818;3.338;162;109;161;13.089;8.176;165;139;2.278;190;11
Manabí;Tosagua;Total Tosagua;Total Tosagua;42.853;3.574;1.118;1.080;166;20.233;11.177;71;199;4.886;325;24
Manabí;Tosagua;Total Tosagua;Asiste;13.540;;971;943;14;7.193;2.230;24;69;2.088;5;3
Manabí;Tosagua;Total Tosagua;No asiste;29.313;3.574;147;137;152;13.040;8.947;47;130;2.798;320;21
Manabí;Tosagua;Urbana;Total Urbana;11.317;766;163;301;18;4.038;3.464;25;81;2.263;184;14
Manabí;Tosagua;Urbana;Asiste;3.858;;142;270;2;1.900;670;8;26;837;1;2
Manabí;Tosagua;Urbana;No asiste;7.459;766;21;31;16;2.138;2.794;17;55;1.426;183;12
Manabí;Tosagua;Rural;Total Rural;31.536;2.808;955;779;148;16.195;7.713;46;118;2.623;141;10
Manabí;Tosagua;Rural;Asiste;9.682;;829;673;12;5.293;1.560;16;43;1.251;4;1
Manabí;Tosagua;Rural;No asiste;21.854;2.808;126;106;136;10.902;6.153;30;75;1.372;137;9
Manabí;24 de Mayo;Total 24 de Mayo;Total 24 de Mayo;31.473;3.274;1.025;655;209;15.612;7.585;74;273;2.616;146;4
Manabí;24 de Mayo;Total 24 de Mayo;Asiste;9.543;;919;555;4;5.121;1.684;27;99;1.132;2;
Manabí;24 de Mayo;Total 24 de Mayo;No asiste;21.930;3.274;106;100;205;10.491;5.901;47;174;1.484;144;4
Manabí;24 de Mayo;Urbana;Total Urbana;6.607;394;170;146;26;2.493;1.840;47;95;1.286;106;4
Manabí;24 de Mayo;Urbana;Asiste;2.175;;133;132;1;1.022;384;13;26;463;1;
Manabí;24 de Mayo;Urbana;No asiste;4.432;394;37;14;25;1.471;1.456;34;69;823;105;4
Manabí;24 de Mayo;Rural;Total Rural;24.866;2.880;855;509;183;13.119;5.745;27;178;1.330;40;
Manabí;24 de Mayo;Rural;Asiste;7.368;;786;423;3;4.099;1.300;14;73;669;1;
Manabí;24 de Mayo;Rural;No asiste;17.498;2.880;69;86;180;9.020;4.445;13;105;661;39;
Manabí;Pedernales;Total Pedernales;Total Pedernales;70.408;9.268;1.882;1.952;202;34.761;16.841;313;267;4.659;254;9
Manabí;Pedernales;Total Pedernales;Asiste;25.214;;1.522;1.679;26;15.317;4.262;83;113;2.200;12;
Manabí;Pedernales;Total Pedernales;No asiste;45.194;9.268;360;273;176;19.444;12.579;230;154;2.459;242;9
Manabí;Pedernales;Urbana;Total Urbana;27.068;2.906;609;772;60;11.641;7.474;183;141;3.079;194;9
Manabí;Pedernales;Urbana;Asiste;10.088;;473;706;3;5.794;1.658;25;58;1.362;9;
Manabí;Pedernales;Urbana;No asiste;16.980;2.906;136;66;57;5.847;5.816;158;83;1.717;185;9
Manabí;Pedernales;Rural;Total Rural;43.340;6.362;1.273;1.180;142;23.120;9.367;130;126;1.580;60;
Manabí;Pedernales;Rural;Asiste;15.126;;1.049;973;23;9.523;2.604;58;55;838;3;
Manabí;Pedernales;Rural;No asiste;28.214;6.362;224;207;119;13.597;6.763;72;71;742;57;
Manabí;Olmedo;Total Olmedo;Total Olmedo;10.090;1.060;375;196;80;4.934;2.543;48;135;694;23;2
Manabí;Olmedo;Total Olmedo;Asiste;3.103;;334;166;7;1.688;533;13;47;313;1;1
Manabí;Olmedo;Total Olmedo;No asiste;6.987;1.060;41;30;73;3.246;2.010;35;88;381;22;1
Manabí;Olmedo;Urbana;Total Urbana;2.684;166;91;71;22;1.075;828;11;46;355;17;2
Manabí;Olmedo;Urbana;Asiste;909;;84;65;;450;166;;4;138;1;1
Manabí;Olmedo;Urbana;No asiste;1.775;166;7;6;22;625;662;11;42;217;16;1
Manabí;Olmedo;Rural;Total Rural;7.406;894;284;125;58;3.859;1.715;37;89;339;6;
Manabí;Olmedo;Rural;Asiste;2.194;;250;101;7;1.238;367;13;43;175;;
Manabí;Olmedo;Rural;No asiste;5.212;894;34;24;51;2.621;1.348;24;46;164;6;
Manabí;Puerto López;Total Puerto López;Total Puerto López;25.630;2.380;543;631;69;11.572;7.861;51;142;2.274;98;9
Manabí;Puerto López;Total Puerto López;Asiste;8.307;;477;565;2;5.018;1.375;10;30;826;4;
Manabí;Puerto López;Total Puerto López;No asiste;17.323;2.380;66;66;67;6.554;6.486;41;112;1.448;94;9
Manabí;Puerto López;Urbana;Total Urbana;12.598;1.084;246;341;20;5.362;4.048;25;74;1.336;58;4
Manabí;Puerto López;Urbana;Asiste;4.171;;208;317;;2.478;700;5;13;447;3;
Manabí;Puerto López;Urbana;No asiste;8.427;1.084;38;24;20;2.884;3.348;20;61;889;55;4
Manabí;Puerto López;Rural;Total Rural;13.032;1.296;297;290;49;6.210;3.813;26;68;938;40;5
Manabí;Puerto López;Rural;Asiste;4.136;;269;248;2;2.540;675;5;17;379;1;
Manabí;Puerto López;Rural;No asiste;8.896;1.296;28;42;47;3.670;3.138;21;51;559;39;5
Manabí;Jama;Total Jama;Total Jama;16.588;1.758;589;489;28;7.978;4.234;41;83;1.308;77;3
Manabí;Jama;Total Jama;Asiste;5.753;;546;451;3;3.229;1.007;16;25;476;;
Manabí;Jama;Total Jama;No asiste;10.835;1.758;43;38;25;4.749;3.227;25;58;832;77;3
Manabí;Jama;Urbana;Total Urbana;5.259;430;156;151;3;2.168;1.519;18;38;731;43;2
Manabí;Jama;Urbana;Asiste;1.832;;140;141;2;983;339;5;6;216;;
Manabí;Jama;Urbana;No asiste;3.427;430;16;10;1;1.185;1.180;13;32;515;43;2
Manabí;Jama;Rural;Total Rural;11.329;1.328;433;338;25;5.810;2.715;23;45;577;34;1
Manabí;Jama;Rural;Asiste;3.921;;406;310;1;2.246;668;11;19;260;;
Manabí;Jama;Rural;No asiste;7.408;1.328;27;28;24;3.564;2.047;12;26;317;34;1
Manabí;Jaramijó;Total Jaramijó;Total Jaramijó;29.759;2.333;1.006;700;95;14.293;7.479;53;431;3.102;256;11
Manabí;Jaramijó;Total Jaramijó;Asiste;10.710;;848;626;16;6.116;1.767;24;144;1.163;5;1
Manabí;Jaramijó;Total Jaramijó;No asiste;19.049;2.333;158;74;79;8.177;5.712;29;287;1.939;251;10
Manabí;Jaramijó;Urbana;Total Urbana;28.397;2.200;974;670;90;13.700;7.228;45;333;2.905;242;10
Manabí;Jaramijó;Urbana;Asiste;10.210;;820;598;15;5.805;1.704;21;137;1.104;5;1
Manabí;Jaramijó;Urbana;No asiste;18.187;2.200;154;72;75;7.895;5.524;24;196;1.801;237;9
Manabí;Jaramijó;Rural;Total Rural;1.362;133;32;30;5;593;251;8;98;197;14;1
Manabí;Jaramijó;Rural;Asiste;500;;28;28;1;311;63;3;7;59;;
Manabí;Jaramijó;Rural;No asiste;862;133;4;2;4;282;188;5;91;138;14;1
Manabí;San Vicente;Total San Vicente;Total San Vicente;24.997;2.594;553;623;45;11.840;6.226;356;147;2.433;169;11
Manabí;San Vicente;Total San Vicente;Asiste;7.779;;448;527;1;4.457;1.303;27;46;969;1;
Manabí;San Vicente;Total San Vicente;No asiste;17.218;2.594;105;96;44;7.383;4.923;329;101;1.464;168;11
Manabí;San Vicente;Urbana;Total Urbana;10.404;854;180;275;10;4.317;2.985;33;66;1.551;124;9
Manabí;San Vicente;Urbana;Asiste;3.391;;149;250;;1.844;564;14;21;548;1;
Manabí;San Vicente;Urbana;No asiste;7.013;854;31;25;10;2.473;2.421;19;45;1.003;123;9
Manabí;San Vicente;Rural;Total Rural;14.593;1.740;373;348;35;7.523;3.241;323;81;882;45;2
Manabí;San Vicente;Rural;Asiste;4.388;;299;277;1;2.613;739;13;25;421;;
Manabí;San Vicente;Rural;No asiste;10.205;1.740;74;71;34;4.910;2.502;310;56;461;45;2
Morona Santiago;Total Morona Santiago;Total Morona Santiago;Total Morona Santiago;192.508;18.204;6.438;5.136;396;90.293;50.716;554;2.405;16.199;2.069;98
Morona Santiago;Total Morona Santiago;Urbana;Total Urbana;62.836;3.929;1.174;1.731;88;23.660;18.459;261;1.336;10.544;1.583;71
Morona Santiago;Total Morona Santiago;Urbana;Asiste;22.617;;1.003;1.623;11;12.658;3.936;79;285;2.989;30;3
Morona Santiago;Total Morona Santiago;Urbana;No asiste;40.219;3.929;171;108;77;11.002;14.523;182;1.051;7.555;1.553;68
Morona Santiago;Total Morona Santiago;Rural;Total Rural;129.672;14.275;5.264;3.405;308;66.633;32.257;293;1.069;5.655;486;27
Morona Santiago;Total Morona Santiago;Rural;Asiste;52.657;;4.457;3.060;47;34.677;7.775;102;304;2.216;15;4
Morona Santiago;Total Morona Santiago;Rural;No asiste;77.015;14.275;807;345;261;31.956;24.482;191;765;3.439;471;23
Morona Santiago;Morona;Total Morona;Total Morona;54.935;4.444;1.271;1.501;72;23.490;15.351;212;744;6.756;1.037;57
Morona Santiago;Morona;Total Morona;Asiste;21.156;;1.071;1.406;8;12.504;3.592;75;181;2.293;22;4
Morona Santiago;Morona;Total Morona;No asiste;33.779;4.444;200;95;64;10.986;11.759;137;563;4.463;1.015;53
Morona Santiago;Morona;Urbana;Total Urbana;22.398;1.338;341;637;19;7.640;6.312;117;443;4.703;806;42
Morona Santiago;Morona;Urbana;Asiste;8.401;;312;597;3;4.409;1.411;37;104;1.509;17;2
Morona Santiago;Morona;Urbana;No asiste;13.997;1.338;29;40;16;3.231;4.901;80;339;3.194;789;40
Morona Santiago;Morona;Rural;Total Rural;32.537;3.106;930;864;53;15.850;9.039;95;301;2.053;231;15
Morona Santiago;Morona;Rural;Asiste;12.755;;759;809;5;8.095;2.181;38;77;784;5;2
Morona Santiago;Morona;Rural;No asiste;19.782;3.106;171;55;48;7.755;6.858;57;224;1.269;226;13
Morona Santiago;Gualaquiza;Total Gualaquiza;Total Gualaquiza;21.892;1.907;387;624;121;10.500;5.998;62;239;1.795;249;10
Morona Santiago;Gualaquiza;Total Gualaquiza;Asiste;7.822;;337;549;;5.062;1.310;15;66;477;6;
Morona Santiago;Gualaquiza;Total Gualaquiza;No asiste;14.070;1.907;50;75;121;5.438;4.688;47;173;1.318;243;10
Morona Santiago;Gualaquiza;Urbana;Total Urbana;9.157;676;113;204;12;3.624;2.813;35;163;1.306;202;9
Morona Santiago;Gualaquiza;Urbana;Asiste;3.136;;94;190;;1.883;596;7;37;326;3;
Morona Santiago;Gualaquiza;Urbana;No asiste;6.021;676;19;14;12;1.741;2.217;28;126;980;199;9
Morona Santiago;Gualaquiza;Rural;Total Rural;12.735;1.231;274;420;109;6.876;3.185;27;76;489;47;1
Morona Santiago;Gualaquiza;Rural;Asiste;4.686;;243;359;;3.179;714;8;29;151;3;
Morona Santiago;Gualaquiza;Rural;No asiste;8.049;1.231;31;61;109;3.697;2.471;19;47;338;44;1
Morona Santiago;Limón Indanza;Total Limón Indanza;Total Limón Indanza;9.602;857;332;252;28;4.535;2.341;20;249;867;119;2
Morona Santiago;Limón Indanza;Total Limón Indanza;Asiste;3.657;;277;211;;2.255;584;4;59;266;1;
Morona Santiago;Limón Indanza;Total Limón Indanza;No asiste;5.945;857;55;41;28;2.280;1.757;16;190;601;118;2
Morona Santiago;Limón Indanza;Urbana;Total Urbana;3.982;154;125;111;12;1.635;1.049;15;169;621;90;1
Morona Santiago;Limón Indanza;Urbana;Asiste;1.522;;101;106;;863;251;3;30;167;1;
Morona Santiago;Limón Indanza;Urbana;No asiste;2.460;154;24;5;12;772;798;12;139;454;89;1
Morona Santiago;Limón Indanza;Rural;Total Rural;5.620;703;207;141;16;2.900;1.292;5;80;246;29;1
Morona Santiago;Limón Indanza;Rural;Asiste;2.135;;176;105;;1.392;333;1;29;99;;
Morona Santiago;Limón Indanza;Rural;No asiste;3.485;703;31;36;16;1.508;959;4;51;147;29;1
Morona Santiago;Palora;Total Palora;Total Palora;11.882;1.041;315;319;8;5.457;3.357;21;125;1.153;83;3
Morona Santiago;Palora;Total Palora;Asiste;4.010;;265;297;1;2.543;591;7;35;267;3;1
Morona Santiago;Palora;Total Palora;No asiste;7.872;1.041;50;22;7;2.914;2.766;14;90;886;80;2
Morona Santiago;Palora;Urbana;Total Urbana;5.748;386;137;166;1;2.239;1.791;12;88;865;61;2
Morona Santiago;Palora;Urbana;Asiste;1.814;;114;150;;1.068;280;3;17;180;1;1
Morona Santiago;Palora;Urbana;No asiste;3.934;386;23;16;1;1.171;1.511;9;71;685;60;1
Morona Santiago;Palora;Rural;Total Rural;6.134;655;178;153;7;3.218;1.566;9;37;288;22;1
Morona Santiago;Palora;Rural;Asiste;2.196;;151;147;1;1.475;311;4;18;87;2;
Morona Santiago;Palora;Rural;No asiste;3.938;655;27;6;6;1.743;1.255;5;19;201;20;1
Morona Santiago;Santiago;Total Santiago;Total Santiago;9.755;731;279;210;11;4.670;2.782;24;140;814;91;3
Morona Santiago;Santiago;Total Santiago;Asiste;3.576;;245;185;1;2.232;619;4;37;251;2;
Morona Santiago;Santiago;Total Santiago;No asiste;6.179;731;34;25;10;2.438;2.163;20;103;563;89;3
Morona Santiago;Santiago;Urbana;Total Urbana;2.349;120;39;63;4;857;797;13;39;360;54;3
Morona Santiago;Santiago;Urbana;Asiste;742;;39;59;;424;135;2;10;72;1;
Morona Santiago;Santiago;Urbana;No asiste;1.607;120;;4;4;433;662;11;29;288;53;3
Morona Santiago;Santiago;Rural;Total Rural;7.406;611;240;147;7;3.813;1.985;11;101;454;37;
Morona Santiago;Santiago;Rural;Asiste;2.834;;206;126;1;1.808;484;2;27;179;1;
Morona Santiago;Santiago;Rural;No asiste;4.572;611;34;21;6;2.005;1.501;9;74;275;36;
Morona Santiago;Sucúa;Total Sucúa;Total Sucúa;23.504;2.247;497;616;33;10.842;6.490;69;381;2.018;302;9
Morona Santiago;Sucúa;Total Sucúa;Asiste;8.517;;434;574;6;5.280;1.538;33;91;553;8;
Morona Santiago;Sucúa;Total Sucúa;No asiste;14.987;2.247;63;42;27;5.562;4.952;36;290;1.465;294;9
Morona Santiago;Sucúa;Urbana;Total Urbana;10.846;712;179;295;22;4.330;3.199;49;256;1.548;249;7
Morona Santiago;Sucúa;Urbana;Asiste;3.800;;143;276;4;2.200;712;21;58;380;6;
Morona Santiago;Sucúa;Urbana;No asiste;7.046;712;36;19;18;2.130;2.487;28;198;1.168;243;7
Morona Santiago;Sucúa;Rural;Total Rural;12.658;1.535;318;321;11;6.512;3.291;20;125;470;53;2
Morona Santiago;Sucúa;Rural;Asiste;4.717;;291;298;2;3.080;826;12;33;173;2;
Morona Santiago;Sucúa;Rural;No asiste;7.941;1.535;27;23;9;3.432;2.465;8;92;297;51;2
Morona Santiago;Huamboya;Total Huamboya;Total Huamboya;10.830;728;722;341;13;5.395;2.826;28;120;617;36;4
Morona Santiago;Huamboya;Total Huamboya;Asiste;4.983;;615;306;7;3.065;704;15;31;240;;
Morona Santiago;Huamboya;Total Huamboya;No asiste;5.847;728;107;35;6;2.330;2.122;13;89;377;36;4
Morona Santiago;Huamboya;Urbana;Total Urbana;1.312;76;42;32;4;509;380;5;33;214;16;1
Morona Santiago;Huamboya;Urbana;Asiste;539;;39;31;4;297;79;3;8;78;;
Morona Santiago;Huamboya;Urbana;No asiste;773;76;3;1;;212;301;2;25;136;16;1
Morona Santiago;Huamboya;Rural;Total Rural;9.518;652;680;309;9;4.886;2.446;23;87;403;20;3
Morona Santiago;Huamboya;Rural;Asiste;4.444;;576;275;3;2.768;625;12;23;162;;
Morona Santiago;Huamboya;Rural;No asiste;5.074;652;104;34;6;2.118;1.821;11;64;241;20;3
Morona Santiago;San Juan Bosco;Total San Juan Bosco;Total San Juan Bosco;4.372;380;116;108;21;2.239;1.105;11;27;337;26;2
Morona Santiago;San Juan Bosco;Total San Juan Bosco;Asiste;1.784;;104;103;1;1.130;310;4;9;123;;
Morona Santiago;San Juan Bosco;Total San Juan Bosco;No asiste;2.588;380;12;5;20;1.109;795;7;18;214;26;2
Morona Santiago;San Juan Bosco;Urbana;Total Urbana;1.613;73;30;56;7;697;470;7;13;237;22;1
Morona Santiago;San Juan Bosco;Urbana;Asiste;626;;28;55;;348;120;1;3;71;;
Morona Santiago;San Juan Bosco;Urbana;No asiste;987;73;2;1;7;349;350;6;10;166;22;1
Morona Santiago;San Juan Bosco;Rural;Total Rural;2.759;307;86;52;14;1.542;635;4;14;100;4;1
Morona Santiago;San Juan Bosco;Rural;Asiste;1.158;;76;48;1;782;190;3;6;52;;
Morona Santiago;San Juan Bosco;Rural;No asiste;1.601;307;10;4;13;760;445;1;8;48;4;1
Morona Santiago;Taisha;Total Taisha;Total Taisha;26.700;4.304;1.456;601;36;13.091;5.856;77;215;1.005;54;5
Morona Santiago;Taisha;Total Taisha;Asiste;11.348;;1.180;536;4;7.847;1.278;20;43;436;2;2
Morona Santiago;Taisha;Total Taisha;No asiste;15.352;4.304;276;65;32;5.244;4.578;57;172;569;52;3
Morona Santiago;Taisha;Urbana;Total Urbana;1.864;180;59;67;3;675;577;2;54;208;36;3
Morona Santiago;Taisha;Urbana;Asiste;692;;49;60;;424;103;2;7;46;1;
Morona Santiago;Taisha;Urbana;No asiste;1.172;180;10;7;3;251;474;;47;162;35;3
Morona Santiago;Taisha;Rural;Total Rural;24.836;4.124;1.397;534;33;12.416;5.279;75;161;797;18;2
Morona Santiago;Taisha;Rural;Asiste;10.656;;1.131;476;4;7.423;1.175;18;36;390;1;2
Morona Santiago;Taisha;Rural;No asiste;14.180;4.124;266;58;29;4.993;4.104;57;125;407;17;
Morona Santiago;Logroño;Total Logroño;Total Logroño;7.484;618;389;204;35;3.881;1.965;8;61;299;24;
Morona Santiago;Logroño;Total Logroño;Asiste;3.216;;335;190;25;2.055;485;2;19;104;1;
Morona Santiago;Logroño;Total Logroño;No asiste;4.268;618;54;14;10;1.826;1.480;6;42;195;23;
Morona Santiago;Logroño;Urbana;Total Urbana;1.382;81;28;32;2;623;425;3;18;156;14;
Morona Santiago;Logroño;Urbana;Asiste;497;;8;31;;298;107;;3;50;;
Morona Santiago;Logroño;Urbana;No asiste;885;81;20;1;2;325;318;3;15;106;14;
Morona Santiago;Logroño;Rural;Total Rural;6.102;537;361;172;33;3.258;1.540;5;43;143;10;
Morona Santiago;Logroño;Rural;Asiste;2.719;;327;159;25;1.757;378;2;16;54;1;
Morona Santiago;Logroño;Rural;No asiste;3.383;537;34;13;8;1.501;1.162;3;27;89;9;
Morona Santiago;Pablo Sexto;Total Pablo Sexto;Total Pablo Sexto;2.267;191;109;77;10;1.009;601;5;20;217;26;2
Morona Santiago;Pablo Sexto;Total Pablo Sexto;Asiste;947;;105;65;1;513;192;1;4;66;;
Morona Santiago;Pablo Sexto;Total Pablo Sexto;No asiste;1.320;191;4;12;9;496;409;4;16;151;26;2
Morona Santiago;Pablo Sexto;Urbana;Total Urbana;1.031;62;39;31;2;374;296;3;14;186;22;2
Morona Santiago;Pablo Sexto;Urbana;Asiste;382;;37;31;;173;85;;2;54;;
Morona Santiago;Pablo Sexto;Urbana;No asiste;649;62;2;;2;201;211;3;12;132;22;2
Morona Santiago;Pablo Sexto;Rural;Total Rural;1.236;129;70;46;8;635;305;2;6;31;4;
Morona Santiago;Pablo Sexto;Rural;Asiste;565;;68;34;1;340;107;1;2;12;;
Morona Santiago;Pablo Sexto;Rural;No asiste;671;129;2;12;7;295;198;1;4;19;4;
Morona Santiago;Tiwintza;Total Tiwintza;Total Tiwintza;9.285;756;565;283;8;5.184;2.044;17;84;321;22;1
Morona Santiago;Tiwintza;Total Tiwintza;Asiste;4.258;;492;261;4;2.849;508;1;14;129;;
Morona Santiago;Tiwintza;Total Tiwintza;No asiste;5.027;756;73;22;4;2.335;1.536;16;70;192;22;1
Morona Santiago;Tiwintza;Urbana;Total Urbana;1.154;71;42;37;;457;350;;46;140;11;
Morona Santiago;Tiwintza;Urbana;Asiste;466;;39;37;;271;57;;6;56;;
Morona Santiago;Tiwintza;Urbana;No asiste;688;71;3;;;186;293;;40;84;11;
Morona Santiago;Tiwintza;Rural;Total Rural;8.131;685;523;246;8;4.727;1.694;17;38;181;11;1
Morona Santiago;Tiwintza;Rural;Asiste;3.792;;453;224;4;2.578;451;1;8;73;;
Morona Santiago;Tiwintza;Rural;No asiste;4.339;685;70;22;4;2.149;1.243;16;30;108;11;1
Napo;Total Napo;Total Napo;Total Napo;131.675;7.770;3.749;3.953;333;53.527;40.957;484;4.184;14.803;1.785;130
Napo;Total Napo;Urbana;Total Urbana;44.675;2.063;914;1.227;71;13.783;13.790;225;2.078;9.050;1.382;92
Napo;Total Napo;Urbana;Asiste;16.740;;839;1.195;7;8.421;2.673;66;615;2.886;35;3
Napo;Total Napo;Urbana;No asiste;27.935;2.063;75;32;64;5.362;11.117;159;1.463;6.164;1.347;89
Napo;Total Napo;Rural;Total Rural;87.000;5.707;2.835;2.726;262;39.744;27.167;259;2.106;5.753;403;38
Napo;Total Napo;Rural;Asiste;35.323;;2.627;2.604;14;20.845;6.122;77;839;2.179;16;
Napo;Total Napo;Rural;No asiste;51.677;5.707;208;122;248;18.899;21.045;182;1.267;3.574;387;38
Napo;Tena;Total Tena;Total Tena;80.816;4.847;2.208;2.445;162;32.677;24.550;296;2.602;9.647;1.281;101
Napo;Tena;Total Tena;Asiste;32.232;;2.035;2.348;14;18.276;5.329;73;887;3.230;38;2
Napo;Tena;Total Tena;No asiste;48.584;4.847;173;97;148;14.401;19.221;223;1.715;6.417;1.243;99
Napo;Tena;Urbana;Total Urbana;29.724;1.354;579;827;41;8.813;8.978;148;1.422;6.455;1.032;75
Napo;Tena;Urbana;Asiste;11.161;;529;806;6;5.542;1.716;38;406;2.087;29;2
Napo;Tena;Urbana;No asiste;18.563;1.354;50;21;35;3.271;7.262;110;1.016;4.368;1.003;73
Napo;Tena;Rural;Total Rural;51.092;3.493;1.629;1.618;121;23.864;15.572;148;1.180;3.192;249;26
Napo;Tena;Rural;Asiste;21.071;;1.506;1.542;8;12.734;3.613;35;481;1.143;9;
Napo;Tena;Rural;No asiste;30.021;3.493;123;76;113;11.130;11.959;113;699;2.049;240;26
Napo;Archidona;Total Archidona;Total Archidona;30.488;1.689;1.182;989;126;12.700;9.994;80;840;2.648;229;11
Napo;Archidona;Total Archidona;Asiste;12.733;;1.114;964;7;7.179;2.173;31;323;938;3;1
Napo;Archidona;Total Archidona;No asiste;17.755;1.689;68;25;119;5.521;7.821;49;517;1.710;226;10
Napo;Archidona;Urbana;Total Urbana;7.353;331;200;221;15;2.300;2.380;42;354;1.322;179;9
Napo;Archidona;Urbana;Asiste;2.914;;191;219;1;1.508;463;14;117;397;3;1
Napo;Archidona;Urbana;No asiste;4.439;331;9;2;14;792;1.917;28;237;925;176;8
Napo;Archidona;Rural;Total Rural;23.135;1.358;982;768;111;10.400;7.614;38;486;1.326;50;2
Napo;Archidona;Rural;Asiste;9.819;;923;745;6;5.671;1.710;17;206;541;;
Napo;Archidona;Rural;No asiste;13.316;1.358;59;23;105;4.729;5.904;21;280;785;50;2
Napo;El Chaco;Total El Chaco;Total El Chaco;9.252;488;189;244;26;3.554;3.079;39;356;1.141;129;7
Napo;El Chaco;Total El Chaco;Asiste;3.230;;166;229;;1.658;620;18;108;425;6;
Napo;El Chaco;Total El Chaco;No asiste;6.022;488;23;15;26;1.896;2.459;21;248;716;123;7
Napo;El Chaco;Urbana;Total Urbana;4.353;184;79;110;6;1.529;1.419;25;190;707;101;3
Napo;El Chaco;Urbana;Asiste;1.538;;67;105;;787;280;12;55;229;3;
Napo;El Chaco;Urbana;No asiste;2.815;184;12;5;6;742;1.139;13;135;478;98;3
Napo;El Chaco;Rural;Total Rural;4.899;304;110;134;20;2.025;1.660;14;166;434;28;4
Napo;El Chaco;Rural;Asiste;1.692;;99;124;;871;340;6;53;196;3;
Napo;El Chaco;Rural;No asiste;3.207;304;11;10;20;1.154;1.320;8;113;238;25;4
Napo;Quijos;Total Quijos;Total Quijos;6.472;343;68;159;13;2.561;1.895;57;278;971;118;9
Napo;Quijos;Total Quijos;Asiste;2.232;;55;150;;1.164;416;18;95;330;4;
Napo;Quijos;Total Quijos;No asiste;4.240;343;13;9;13;1.397;1.479;39;183;641;114;9
Napo;Quijos;Urbana;Total Urbana;1.972;108;25;41;5;699;605;9;63;361;52;4
Napo;Quijos;Urbana;Asiste;676;;21;37;;345;138;2;20;113;;
Napo;Quijos;Urbana;No asiste;1.296;108;4;4;5;354;467;7;43;248;52;4
Napo;Quijos;Rural;Total Rural;4.500;235;43;118;8;1.862;1.290;48;215;610;66;5
Napo;Quijos;Rural;Asiste;1.556;;34;113;;819;278;16;75;217;4;
Napo;Quijos;Rural;No asiste;2.944;235;9;5;8;1.043;1.012;32;140;393;62;5
Napo;Carlos Julio Arosemena Tola;Total Carlos Julio Arosemena Tola;Total Carlos Julio Arosemena Tola;4.647;403;102;116;6;2.035;1.439;12;108;396;28;2
Napo;Carlos Julio Arosemena Tola;Total Carlos Julio Arosemena Tola;Asiste;1.636;;96;108;;989;257;3;41;142;;
Napo;Carlos Julio Arosemena Tola;Total Carlos Julio Arosemena Tola;No asiste;3.011;403;6;8;6;1.046;1.182;9;67;254;28;2
Napo;Carlos Julio Arosemena Tola;Urbana;Total Urbana;1.273;86;31;28;4;442;408;1;49;205;18;1
Napo;Carlos Julio Arosemena Tola;Urbana;Asiste;451;;31;28;;239;76;;17;60;;
Napo;Carlos Julio Arosemena Tola;Urbana;No asiste;822;86;;;4;203;332;1;32;145;18;1
Napo;Carlos Julio Arosemena Tola;Rural;Total Rural;3.374;317;71;88;2;1.593;1.031;11;59;191;10;1
Napo;Carlos Julio Arosemena Tola;Rural;Asiste;1.185;;65;80;;750;181;3;24;82;;
Napo;Carlos Julio Arosemena Tola;Rural;No asiste;2.189;317;6;8;2;843;850;8;35;109;10;1
Pastaza;Total Pastaza;Total Pastaza;Total Pastaza;111.915;9.806;2.158;3.029;203;45.123;30.727;476;2.942;15.356;1.936;159
Pastaza;Total Pastaza;Urbana;Total Urbana;38.386;1.981;712;937;24;12.214;11.138;276;1.324;8.481;1.202;97
Pastaza;Total Pastaza;Urbana;Asiste;13.693;;598;902;3;6.984;2.346;72;352;2.402;33;1
Pastaza;Total Pastaza;Urbana;No asiste;24.693;1.981;114;35;21;5.230;8.792;204;972;6.079;1.169;96
Pastaza;Total Pastaza;Rural;Total Rural;73.529;7.825;1.446;2.092;179;32.909;19.589;200;1.618;6.875;734;62
Pastaza;Total Pastaza;Rural;Asiste;29.023;;1.252;1.930;16;18.286;4.684;60;465;2.310;18;2
Pastaza;Total Pastaza;Rural;No asiste;44.506;7.825;194;162;163;14.623;14.905;140;1.153;4.565;716;60
Pastaza;Pastaza;Total Pastaza;Total Pastaza;82.754;7.366;1.463;2.125;116;32.867;22.270;400;2.140;12.222;1.643;142
Pastaza;Pastaza;Total Pastaza;Asiste;31.120;;1.251;1.976;11;18.333;5.101;109;624;3.671;41;3
Pastaza;Pastaza;Total Pastaza;No asiste;51.634;7.366;212;149;105;14.534;17.169;291;1.516;8.551;1.602;139
Pastaza;Pastaza;Urbana;Total Urbana;33.325;1.646;591;777;15;10.395;9.581;258;1.173;7.670;1.125;94
Pastaza;Pastaza;Urbana;Asiste;11.693;;492;745;1;5.917;1.998;68;305;2.136;30;1
Pastaza;Pastaza;Urbana;No asiste;21.632;1.646;99;32;14;4.478;7.583;190;868;5.534;1.095;93
Pastaza;Pastaza;Rural;Total Rural;49.429;5.720;872;1.348;101;22.472;12.689;142;967;4.552;518;48
Pastaza;Pastaza;Rural;Asiste;19.427;;759;1.231;10;12.416;3.103;41;319;1.535;11;2
Pastaza;Pastaza;Rural;No asiste;30.002;5.720;113;117;91;10.056;9.586;101;648;3.017;507;46
Pastaza;Mera;Total Mera;Total Mera;15.087;1.096;318;455;32;5.712;4.627;35;539;2.036;221;16
Pastaza;Mera;Total Mera;Asiste;5.805;;279;431;3;3.306;998;8;114;660;6;
Pastaza;Mera;Total Mera;No asiste;9.282;1.096;39;24;29;2.406;3.629;27;425;1.376;215;16
Pastaza;Mera;Urbana;Total Urbana;853;36;10;30;1;289;227;4;33;192;29;2
Pastaza;Mera;Urbana;Asiste;274;;8;30;;121;50;;11;53;1;
Pastaza;Mera;Urbana;No asiste;579;36;2;;1;168;177;4;22;139;28;2
Pastaza;Mera;Rural;Total Rural;14.234;1.060;308;425;31;5.423;4.400;31;506;1.844;192;14
Pastaza;Mera;Rural;Asiste;5.531;;271;401;3;3.185;948;8;103;607;5;
Pastaza;Mera;Rural;No asiste;8.703;1.060;37;24;28;2.238;3.452;23;403;1.237;187;14
Pastaza;Santa Clara;Total Santa Clara;Total Santa Clara;4.521;363;99;107;29;1.903;1.346;10;110;510;43;1
Pastaza;Santa Clara;Total Santa Clara;Asiste;1.574;;72;100;5;919;268;3;33;170;4;
Pastaza;Santa Clara;Total Santa Clara;No asiste;2.947;363;27;7;24;984;1.078;7;77;340;39;1
Pastaza;Santa Clara;Urbana;Total Urbana;1.831;118;44;56;2;645;595;3;50;289;28;1
Pastaza;Santa Clara;Urbana;Asiste;698;;35;55;2;375;125;;12;92;2;
Pastaza;Santa Clara;Urbana;No asiste;1.133;118;9;1;;270;470;3;38;197;26;1
Pastaza;Santa Clara;Rural;Total Rural;2.690;245;55;51;27;1.258;751;7;60;221;15;
Pastaza;Santa Clara;Rural;Asiste;876;;37;45;3;544;143;3;21;78;2;
Pastaza;Santa Clara;Rural;No asiste;1.814;245;18;6;24;714;608;4;39;143;13;
Pastaza;Arajuno;Total Arajuno;Total Arajuno;9.553;981;278;342;26;4.641;2.484;31;153;588;29;
Pastaza;Arajuno;Total Arajuno;Asiste;4.217;;248;325;;2.712;663;12;46;211;;
Pastaza;Arajuno;Total Arajuno;No asiste;5.336;981;30;17;26;1.929;1.821;19;107;377;29;
Pastaza;Arajuno;Urbana;Total Urbana;2.377;181;67;74;6;885;735;11;68;330;20;
Pastaza;Arajuno;Urbana;Asiste;1.028;;63;72;;571;173;4;24;121;;
Pastaza;Arajuno;Urbana;No asiste;1.349;181;4;2;6;314;562;7;44;209;20;
Pastaza;Arajuno;Rural;Total Rural;7.176;800;211;268;20;3.756;1.749;20;85;258;9;
Pastaza;Arajuno;Rural;Asiste;3.189;;185;253;;2.141;490;8;22;90;;
Pastaza;Arajuno;Rural;No asiste;3.987;800;26;15;20;1.615;1.259;12;63;168;9;
Pichincha;Total Pichincha;Total Pichincha;Total Pichincha;3.089.473;156.123;23.506;58.553;3.729;997.429;851.520;15.674;133.668;717.754;121.288;10.229
Pichincha;Total Pichincha;Urbana;Total Urbana;1.958.079;89.325;14.218;35.530;1.553;594.184;542.908;10.595;89.112;489.849;83.723;7.082
Pichincha;Total Pichincha;Urbana;Asiste;613.059;;12.640;33.436;132;282.491;102.089;2.167;21.309;156.429;2.191;175
Pichincha;Total Pichincha;Urbana;No asiste;1.345.020;89.325;1.578;2.094;1.421;311.693;440.819;8.428;67.803;333.420;81.532;6.907
Pichincha;Total Pichincha;Rural;Total Rural;1.131.394;66.798;9.288;23.023;2.176;403.245;308.612;5.079;44.556;227.905;37.565;3.147
Pichincha;Total Pichincha;Rural;Asiste;369.521;;8.162;21.523;82;180.995;65.362;1.121;11.765;79.479;943;89
Pichincha;Total Pichincha;Rural;No asiste;761.873;66.798;1.126;1.500;2.094;222.250;243.250;3.958;32.791;148.426;36.622;3.058
Pichincha;Distrito Metropolitano de Quito;Total Distrito Metropolitano de Quito;Total Distrito Metropolitano de Quito;2.679.722;126.478;19.512;49.817;2.590;840.720;736.590;13.323;118.128;650.051;112.855;9.658
Pichincha;Distrito Metropolitano de Quito;Total Distrito Metropolitano de Quito;Asiste;847.741;;17.296;46.870;180;395.118;142.804;2.766;28.780;210.826;2.868;233
Pichincha;Distrito Metropolitano de Quito;Total Distrito Metropolitano de Quito;No asiste;1.831.981;126.478;2.216;2.947;2.410;445.602;593.786;10.557;89.348;439.225;109.987;9.425
Pichincha;Distrito Metropolitano de Quito;Urbana;Total Urbana;1.763.275;79.428;12.593;31.415;1.345;532.841;488.629;9.226;80.511;444.003;76.703;6.581
Pichincha;Distrito Metropolitano de Quito;Urbana;Asiste;549.818;;11.196;29.559;118;252.511;91.431;1.918;19.303;141.626;2.008;148
Pichincha;Distrito Metropolitano de Quito;Urbana;No asiste;1.213.457;79.428;1.397;1.856;1.227;280.330;397.198;7.308;61.208;302.377;74.695;6.433
Pichincha;Distrito Metropolitano de Quito;Rural;Total Rural;916.447;47.050;6.919;18.402;1.245;307.879;247.961;4.097;37.617;206.048;36.152;3.077
Pichincha;Distrito Metropolitano de Quito;Rural;Asiste;297.923;;6.100;17.311;62;142.607;51.373;848;9.477;69.200;860;85
Pichincha;Distrito Metropolitano de Quito;Rural;No asiste;618.524;47.050;819;1.091;1.183;165.272;196.588;3.249;28.140;136.848;35.292;2.992
Pichincha;Cayambe;Total Cayambe;Total Cayambe;105.267;8.895;1.362;2.460;522;42.665;29.647;785;4.027;13.881;972;51
Pichincha;Cayambe;Total Cayambe;Asiste;36.649;;1.255;2.327;6;18.271;6.946;173;1.402;6.222;42;5
Pichincha;Cayambe;Total Cayambe;No asiste;68.618;8.895;107;133;516;24.394;22.701;612;2.625;7.659;930;46
Pichincha;Cayambe;Urbana;Total Urbana;44.559;2.566;586;1.054;55;15.602;13.336;416;1.963;8.249;699;33
Pichincha;Cayambe;Urbana;Asiste;15.503;;546;1.003;1;7.225;2.767;77;569;3.285;26;4
Pichincha;Cayambe;Urbana;No asiste;29.056;2.566;40;51;54;8.377;10.569;339;1.394;4.964;673;29
Pichincha;Cayambe;Rural;Total Rural;60.708;6.329;776;1.406;467;27.063;16.311;369;2.064;5.632;273;18
Pichincha;Cayambe;Rural;Asiste;21.146;;709;1.324;5;11.046;4.179;96;833;2.937;16;1
Pichincha;Cayambe;Rural;No asiste;39.562;6.329;67;82;462;16.017;12.132;273;1.231;2.695;257;17
Pichincha;Mejía;Total Mejía;Total Mejía;101.894;7.940;628;2.102;246;40.427;29.823;600;4.124;14.760;1.202;42
Pichincha;Mejía;Total Mejía;Asiste;33.695;;546;1.919;8;17.490;6.331;155;1.072;6.118;51;5
Pichincha;Mejía;Total Mejía;No asiste;68.199;7.940;82;183;238;22.937;23.492;445;3.052;8.642;1.151;37
Pichincha;Mejía;Urbana;Total Urbana;24.188;1.451;126;509;38;8.316;6.979;199;1.080;4.997;480;13
Pichincha;Mejía;Urbana;Asiste;7.880;;112;483;;3.895;1.326;41;224;1.788;8;3
Pichincha;Mejía;Urbana;No asiste;16.308;1.451;14;26;38;4.421;5.653;158;856;3.209;472;10
Pichincha;Mejía;Rural;Total Rural;77.706;6.489;502;1.593;208;32.111;22.844;401;3.044;9.763;722;29
Pichincha;Mejía;Rural;Asiste;25.815;;434;1.436;8;13.595;5.005;114;848;4.330;43;2
Pichincha;Mejía;Rural;No asiste;51.891;6.489;68;157;200;18.516;17.839;287;2.196;5.433;679;27
Pichincha;Pedro Moncayo;Total Pedro Moncayo;Total Pedro Moncayo;40.483;3.243;632;982;180;17.516;12.068;80;1.225;4.250;290;17
Pichincha;Pedro Moncayo;Total Pedro Moncayo;Asiste;13.370;;524;883;2;7.049;2.582;36;424;1.854;16;
Pichincha;Pedro Moncayo;Total Pedro Moncayo;No asiste;27.113;3.243;108;99;178;10.467;9.486;44;801;2.396;274;17
Pichincha;Pedro Moncayo;Urbana;Total Urbana;13.019;880;214;327;12;5.035;4.253;31;417;1.701;139;10
Pichincha;Pedro Moncayo;Urbana;Asiste;4.344;;180;295;;2.311;756;13;121;662;6;
Pichincha;Pedro Moncayo;Urbana;No asiste;8.675;880;34;32;12;2.724;3.497;18;296;1.039;133;10
Pichincha;Pedro Moncayo;Rural;Total Rural;27.464;2.363;418;655;168;12.481;7.815;49;808;2.549;151;7
Pichincha;Pedro Moncayo;Rural;Asiste;9.026;;344;588;2;4.738;1.826;23;303;1.192;10;
Pichincha;Pedro Moncayo;Rural;No asiste;18.438;2.363;74;67;166;7.743;5.989;26;505;1.357;141;7
Pichincha;Rumiñahui;Total Rumiñahui;Total Rumiñahui;107.904;4.494;510;2.031;94;30.448;28.038;773;4.962;30.535;5.578;441
Pichincha;Rumiñahui;Total Rumiñahui;Asiste;33.060;;453;1.923;9;15.068;5.442;128;1.021;8.855;141;20
Pichincha;Rumiñahui;Total Rumiñahui;No asiste;74.844;4.494;57;108;85;15.380;22.596;645;3.941;21.680;5.437;421
Pichincha;Rumiñahui;Urbana;Total Urbana;96.647;3.763;462;1.795;72;25.905;24.699;680;4.461;28.920;5.455;435
Pichincha;Rumiñahui;Urbana;Asiste;29.606;;412;1.698;8;13.408;4.749;113;886;8.178;135;19
Pichincha;Rumiñahui;Urbana;No asiste;67.041;3.763;50;97;64;12.497;19.950;567;3.575;20.742;5.320;416
Pichincha;Rumiñahui;Rural;Total Rural;11.257;731;48;236;22;4.543;3.339;93;501;1.615;123;6
Pichincha;Rumiñahui;Rural;Asiste;3.454;;41;225;1;1.660;693;15;135;677;6;1
Pichincha;Rumiñahui;Rural;No asiste;7.803;731;7;11;21;2.883;2.646;78;366;938;117;5
Pichincha;San Miguel de los Bancos;Total San Miguel de los Bancos;Total San Miguel de los Bancos;13.661;1.202;159;294;18;6.031;3.917;42;379;1.504;108;7
Pichincha;San Miguel de los Bancos;Total San Miguel de los Bancos;Asiste;4.707;;140;261;6;2.482;880;8;115;806;8;1
Pichincha;San Miguel de los Bancos;Total San Miguel de los Bancos;No asiste;8.954;1.202;19;33;12;3.549;3.037;34;264;698;100;6
Pichincha;San Miguel de los Bancos;Urbana;Total Urbana;5.396;429;61;152;11;2.138;1.566;27;219;733;57;3
Pichincha;San Miguel de los Bancos;Urbana;Asiste;2.022;;52;140;5;1.022;324;2;70;402;4;1
Pichincha;San Miguel de los Bancos;Urbana;No asiste;3.374;429;9;12;6;1.116;1.242;25;149;331;53;2
Pichincha;San Miguel de los Bancos;Rural;Total Rural;8.265;773;98;142;7;3.893;2.351;15;160;771;51;4
Pichincha;San Miguel de los Bancos;Rural;Asiste;2.685;;88;121;1;1.460;556;6;45;404;4;
Pichincha;San Miguel de los Bancos;Rural;No asiste;5.580;773;10;21;6;2.433;1.795;9;115;367;47;4
Pichincha;Pedro Vicente Maldonado;Total Pedro Vicente Maldonado;Total Pedro Vicente Maldonado;15.475;1.411;338;393;25;7.313;4.348;23;393;1.089;136;6
Pichincha;Pedro Vicente Maldonado;Total Pedro Vicente Maldonado;Asiste;5.193;;279;353;;3.145;925;10;116;363;2;
Pichincha;Pedro Vicente Maldonado;Total Pedro Vicente Maldonado;No asiste;10.282;1.411;59;40;25;4.168;3.423;13;277;726;134;6
Pichincha;Pedro Vicente Maldonado;Urbana;Total Urbana;7.162;510;129;190;9;2.867;2.338;8;292;703;112;4
Pichincha;Pedro Vicente Maldonado;Urbana;Asiste;2.497;;104;178;;1.394;497;1;81;240;2;
Pichincha;Pedro Vicente Maldonado;Urbana;No asiste;4.665;510;25;12;9;1.473;1.841;7;211;463;110;4
Pichincha;Pedro Vicente Maldonado;Rural;Total Rural;8.313;901;209;203;16;4.446;2.010;15;101;386;24;2
Pichincha;Pedro Vicente Maldonado;Rural;Asiste;2.696;;175;175;;1.751;428;9;35;123;;
Pichincha;Pedro Vicente Maldonado;Rural;No asiste;5.617;901;34;28;16;2.695;1.582;6;66;263;24;2
Pichincha;Puerto Quito;Total Puerto Quito;Total Puerto Quito;25.067;2.460;365;474;54;12.309;7.089;48;430;1.684;147;7
Pichincha;Puerto Quito;Total Puerto Quito;Asiste;8.165;;309;423;3;4.863;1.541;12;144;864;6;
Pichincha;Puerto Quito;Total Puerto Quito;No asiste;16.902;2.460;56;51;51;7.446;5.548;36;286;820;141;7
Pichincha;Puerto Quito;Urbana;Total Urbana;3.833;298;47;88;11;1.480;1.108;8;169;543;78;3
Pichincha;Puerto Quito;Urbana;Asiste;1.389;;38;80;;725;239;2;55;248;2;
Pichincha;Puerto Quito;Urbana;No asiste;2.444;298;9;8;11;755;869;6;114;295;76;3
Pichincha;Puerto Quito;Rural;Total Rural;21.234;2.162;318;386;43;10.829;5.981;40;261;1.141;69;4
Pichincha;Puerto Quito;Rural;Asiste;6.776;;271;343;3;4.138;1.302;10;89;616;4;
Pichincha;Puerto Quito;Rural;No asiste;14.458;2.162;47;43;40;6.691;4.679;30;172;525;65;4
Tungurahua;Total Tungurahua;Total Tungurahua;Total Tungurahua;563.532;39.072;5.607;10.874;3.322;233.594;136.534;2.164;16.014;101.754;13.505;1.092
Tungurahua;Total Tungurahua;Urbana;Total Urbana;225.249;11.110;1.441;4.087;278;72.476;56.564;1.173;7.507;60.125;9.620;868
Tungurahua;Total Tungurahua;Urbana;Asiste;68.584;;1.189;3.810;17;33.393;11.173;240;1.682;16.858;205;17
Tungurahua;Total Tungurahua;Urbana;No asiste;156.665;11.110;252;277;261;39.083;45.391;933;5.825;43.267;9.415;851
Tungurahua;Total Tungurahua;Rural;Total Rural;338.283;27.962;4.166;6.787;3.044;161.118;79.970;991;8.507;41.629;3.885;224
Tungurahua;Total Tungurahua;Rural;Asiste;106.059;;3.439;6.364;34;56.350;19.296;367;2.682;17.410;110;7
Tungurahua;Total Tungurahua;Rural;No asiste;232.224;27.962;727;423;3.010;104.768;60.674;624;5.825;24.219;3.775;217
Tungurahua;Ambato;Total Ambato;Total Ambato;370.664;25.709;3.390;6.883;2.145;142.810;89.502;1.559;10.033;76.261;11.391;981
Tungurahua;Ambato;Total Ambato;Asiste;115.657;;2.765;6.407;36;58.853;19.836;379;2.624;24.467;268;22
Tungurahua;Ambato;Total Ambato;No asiste;255.007;25.709;625;476;2.109;83.957;69.666;1.180;7.409;51.794;11.123;959
Tungurahua;Ambato;Urbana;Total Urbana;177.316;8.697;1.091;3.030;198;55.393;43.917;959;5.566;49.218;8.451;796
Tungurahua;Ambato;Urbana;Asiste;53.604;;892;2.824;15;25.948;8.662;178;1.259;13.624;185;17
Tungurahua;Ambato;Urbana;No asiste;123.712;8.697;199;206;183;29.445;35.255;781;4.307;35.594;8.266;779
Tungurahua;Ambato;Rural;Total Rural;193.348;17.012;2.299;3.853;1.947;87.417;45.585;600;4.467;27.043;2.940;185
Tungurahua;Ambato;Rural;Asiste;62.053;;1.873;3.583;21;32.905;11.174;201;1.365;10.843;83;5
Tungurahua;Ambato;Rural;No asiste;131.295;17.012;426;270;1.926;54.512;34.411;399;3.102;16.200;2.857;180
Tungurahua;Baños de Agua Santa;Total Baños de Agua Santa;Total Baños de Agua Santa;21.908;1.159;79;412;54;8.192;6.359;63;1.017;4.133;413;27
Tungurahua;Baños de Agua Santa;Total Baños de Agua Santa;Asiste;6.354;;63;381;1;3.215;1.214;12;247;1.210;11;
Tungurahua;Baños de Agua Santa;Total Baños de Agua Santa;No asiste;15.554;1.159;16;31;53;4.977;5.145;51;770;2.923;402;27
Tungurahua;Baños de Agua Santa;Urbana;Total Urbana;14.100;680;40;278;22;4.592;4.172;41;734;3.159;360;22
Tungurahua;Baños de Agua Santa;Urbana;Asiste;4.142;;29;254;;2.084;748;8;165;847;7;
Tungurahua;Baños de Agua Santa;Urbana;No asiste;9.958;680;11;24;22;2.508;3.424;33;569;2.312;353;22
Tungurahua;Baños de Agua Santa;Rural;Total Rural;7.808;479;39;134;32;3.600;2.187;22;283;974;53;5
Tungurahua;Baños de Agua Santa;Rural;Asiste;2.212;;34;127;1;1.131;466;4;82;363;4;
Tungurahua;Baños de Agua Santa;Rural;No asiste;5.596;479;5;7;31;2.469;1.721;18;201;611;49;5
Tungurahua;Cevallos;Total Cevallos;Total Cevallos;10.433;468;124;246;19;4.639;2.685;29;255;1.760;195;13
Tungurahua;Cevallos;Total Cevallos;Asiste;3.315;;112;233;2;1.690;546;8;53;667;4;
Tungurahua;Cevallos;Total Cevallos;No asiste;7.118;468;12;13;17;2.949;2.139;21;202;1.093;191;13
Tungurahua;Cevallos;Urbana;Total Urbana;3.754;160;32;100;3;1.450;981;15;83;829;96;5
Tungurahua;Cevallos;Urbana;Asiste;1.229;;28;96;;617;189;2;14;281;2;
Tungurahua;Cevallos;Urbana;No asiste;2.525;160;4;4;3;833;792;13;69;548;94;5
Tungurahua;Cevallos;Rural;Total Rural;6.679;308;92;146;16;3.189;1.704;14;172;931;99;8
Tungurahua;Cevallos;Rural;Asiste;2.086;;84;137;2;1.073;357;6;39;386;2;
Tungurahua;Cevallos;Rural;No asiste;4.593;308;8;9;14;2.116;1.347;8;133;545;97;8
Tungurahua;Mocha;Total Mocha;Total Mocha;7.260;381;84;135;16;3.805;1.831;6;153;806;40;3
Tungurahua;Mocha;Total Mocha;Asiste;2.031;;72;123;3;1.105;363;1;47;315;2;
Tungurahua;Mocha;Total Mocha;No asiste;5.229;381;12;12;13;2.700;1.468;5;106;491;38;3
Tungurahua;Mocha;Urbana;Total Urbana;1.516;72;13;37;6;727;420;1;37;196;7;
Tungurahua;Mocha;Urbana;Asiste;466;;11;30;2;258;79;;7;79;;
Tungurahua;Mocha;Urbana;No asiste;1.050;72;2;7;4;469;341;1;30;117;7;
Tungurahua;Mocha;Rural;Total Rural;5.744;309;71;98;10;3.078;1.411;5;116;610;33;3
Tungurahua;Mocha;Rural;Asiste;1.565;;61;93;1;847;284;1;40;236;2;
Tungurahua;Mocha;Rural;No asiste;4.179;309;10;5;9;2.231;1.127;4;76;374;31;3
Tungurahua;Patate;Total Patate;Total Patate;13.879;1.097;187;282;56;6.469;3.620;30;461;1.552;117;8
Tungurahua;Patate;Total Patate;Asiste;4.290;;166;270;1;2.302;782;8;174;583;4;
Tungurahua;Patate;Total Patate;No asiste;9.589;1.097;21;12;55;4.167;2.838;22;287;969;113;8
Tungurahua;Patate;Urbana;Total Urbana;2.514;141;24;50;2;792;693;15;137;589;66;5
Tungurahua;Patate;Urbana;Asiste;768;;22;49;;346;113;3;45;189;1;
Tungurahua;Patate;Urbana;No asiste;1.746;141;2;1;2;446;580;12;92;400;65;5
Tungurahua;Patate;Rural;Total Rural;11.365;956;163;232;54;5.677;2.927;15;324;963;51;3
Tungurahua;Patate;Rural;Asiste;3.522;;144;221;1;1.956;669;5;129;394;3;
Tungurahua;Patate;Rural;No asiste;7.843;956;19;11;53;3.721;2.258;10;195;569;48;3
Tungurahua;Quero;Total Quero;Total Quero;19.084;1.466;282;414;189;10.360;4.298;63;317;1.585;108;2
Tungurahua;Quero;Total Quero;Asiste;5.663;;246;389;2;3.087;1.036;35;132;735;1;
Tungurahua;Quero;Total Quero;No asiste;13.421;1.466;36;25;187;7.273;3.262;28;185;850;107;2
Tungurahua;Quero;Urbana;Total Urbana;3.269;207;39;80;11;1.322;805;19;82;643;60;1
Tungurahua;Quero;Urbana;Asiste;1.011;;29;72;;492;160;10;16;231;1;
Tungurahua;Quero;Urbana;No asiste;2.258;207;10;8;11;830;645;9;66;412;59;1
Tungurahua;Quero;Rural;Total Rural;15.815;1.259;243;334;178;9.038;3.493;44;235;942;48;1
Tungurahua;Quero;Rural;Asiste;4.652;;217;317;2;2.595;876;25;116;504;;
Tungurahua;Quero;Rural;No asiste;11.163;1.259;26;17;176;6.443;2.617;19;119;438;48;1
Tungurahua;San Pedro de Pelileo;Total San Pedro de Pelileo;Total San Pedro de Pelileo;63.897;4.407;800;1.427;444;30.385;15.119;193;1.865;8.589;635;33
Tungurahua;San Pedro de Pelileo;Total San Pedro de Pelileo;Asiste;20.450;;641;1.360;2;10.698;3.619;89;532;3.497;11;1
Tungurahua;San Pedro de Pelileo;Total San Pedro de Pelileo;No asiste;43.447;4.407;159;67;442;19.687;11.500;104;1.333;5.092;624;32
Tungurahua;San Pedro de Pelileo;Urbana;Total Urbana;11.403;539;86;256;18;4.106;2.803;67;398;2.846;262;22
Tungurahua;San Pedro de Pelileo;Urbana;Asiste;3.704;;71;243;;1.807;613;20;85;860;5;
Tungurahua;San Pedro de Pelileo;Urbana;No asiste;7.699;539;15;13;18;2.299;2.190;47;313;1.986;257;22
Tungurahua;San Pedro de Pelileo;Rural;Total Rural;52.494;3.868;714;1.171;426;26.279;12.316;126;1.467;5.743;373;11
Tungurahua;San Pedro de Pelileo;Rural;Asiste;16.746;;570;1.117;2;8.891;3.006;69;447;2.637;6;1
Tungurahua;San Pedro de Pelileo;Rural;No asiste;35.748;3.868;144;54;424;17.388;9.310;57;1.020;3.106;367;10
Tungurahua;Santiago de Píllaro;Total Santiago de Píllaro;Total Santiago de Píllaro;42.497;3.569;430;815;340;19.600;9.965;186;1.623;5.450;495;24
Tungurahua;Santiago de Píllaro;Total Santiago de Píllaro;Asiste;12.694;;357;758;2;6.618;2.325;65;447;2.107;14;1
Tungurahua;Santiago de Píllaro;Total Santiago de Píllaro;No asiste;29.803;3.569;73;57;338;12.982;7.640;121;1.176;3.343;481;23
Tungurahua;Santiago de Píllaro;Urbana;Total Urbana;9.816;533;81;229;16;3.351;2.420;54;441;2.381;293;17
Tungurahua;Santiago de Píllaro;Urbana;Asiste;3.157;;75;216;;1.589;534;18;82;639;4;
Tungurahua;Santiago de Píllaro;Urbana;No asiste;6.659;533;6;13;16;1.762;1.886;36;359;1.742;289;17
Tungurahua;Santiago de Píllaro;Rural;Total Rural;32.681;3.036;349;586;324;16.249;7.545;132;1.182;3.069;202;7
Tungurahua;Santiago de Píllaro;Rural;Asiste;9.537;;282;542;2;5.029;1.791;47;365;1.468;10;1
Tungurahua;Santiago de Píllaro;Rural;No asiste;23.144;3.036;67;44;322;11.220;5.754;85;817;1.601;192;6
Tungurahua;Tisaleo;Total Tisaleo;Total Tisaleo;13.910;816;231;260;59;7.334;3.155;35;290;1.618;111;1
Tungurahua;Tisaleo;Total Tisaleo;Asiste;4.189;;206;253;2;2.175;748;10;108;687;;
Tungurahua;Tisaleo;Total Tisaleo;No asiste;9.721;816;25;7;57;5.159;2.407;25;182;931;111;1
Tungurahua;Tisaleo;Urbana;Total Urbana;1.561;81;35;27;2;743;353;2;29;264;25;
Tungurahua;Tisaleo;Urbana;Asiste;503;;32;26;;252;75;1;9;108;;
Tungurahua;Tisaleo;Urbana;No asiste;1.058;81;3;1;2;491;278;1;20;156;25;
Tungurahua;Tisaleo;Rural;Total Rural;12.349;735;196;233;57;6.591;2.802;33;261;1.354;86;1
Tungurahua;Tisaleo;Rural;Asiste;3.686;;174;227;2;1.923;673;9;99;579;;
Tungurahua;Tisaleo;Rural;No asiste;8.663;735;22;6;55;4.668;2.129;24;162;775;86;1
Zamora Chinchipe;Total Zamora Chinchipe;Total Zamora Chinchipe;Total Zamora Chinchipe;110.973;8.961;1.354;2.595;329;48.128;32.216;381;2.187;13.494;1.281;47
Zamora Chinchipe;Total Zamora Chinchipe;Urbana;Total Urbana;51.424;3.394;515;1.328;95;18.398;15.454;269;1.465;9.418;1.051;37
Zamora Chinchipe;Total Zamora Chinchipe;Urbana;Asiste;17.756;;420;1.237;21;9.997;3.169;44;330;2.509;28;1
Zamora Chinchipe;Total Zamora Chinchipe;Urbana;No asiste;33.668;3.394;95;91;74;8.401;12.285;225;1.135;6.909;1.023;36
Zamora Chinchipe;Total Zamora Chinchipe;Rural;Total Rural;59.549;5.567;839;1.267;234;29.730;16.762;112;722;4.076;230;10
Zamora Chinchipe;Total Zamora Chinchipe;Rural;Asiste;19.918;;649;1.104;5;12.494;3.809;30;195;1.627;4;1
Zamora Chinchipe;Total Zamora Chinchipe;Rural;No asiste;39.631;5.567;190;163;229;17.236;12.953;82;527;2.449;226;9
Zamora Chinchipe;Zamora;Total Zamora;Total Zamora;30.186;2.153;309;763;85;11.086;8.868;99;832;5.347;611;33
Zamora Chinchipe;Zamora;Total Zamora;Asiste;9.536;;260;650;14;5.352;1.722;18;197;1.310;13;
Zamora Chinchipe;Zamora;Total Zamora;No asiste;20.650;2.153;49;113;71;5.734;7.146;81;635;4.037;598;33
Zamora Chinchipe;Zamora;Urbana;Total Urbana;17.584;1.029;169;455;38;5.352;5.181;61;616;4.125;533;25
Zamora Chinchipe;Zamora;Urbana;Asiste;5.758;;143;424;10;3.120;975;11;137;926;12;
Zamora Chinchipe;Zamora;Urbana;No asiste;11.826;1.029;26;31;28;2.232;4.206;50;479;3.199;521;25
Zamora Chinchipe;Zamora;Rural;Total Rural;12.602;1.124;140;308;47;5.734;3.687;38;216;1.222;78;8
Zamora Chinchipe;Zamora;Rural;Asiste;3.778;;117;226;4;2.232;747;7;60;384;1;
Zamora Chinchipe;Zamora;Rural;No asiste;8.824;1.124;23;82;43;3.502;2.940;31;156;838;77;8
Zamora Chinchipe;Chinchipe;Total Chinchipe;Total Chinchipe;10.337;825;68;195;34;4.855;3.003;23;195;1.050;88;1
Zamora Chinchipe;Chinchipe;Total Chinchipe;Asiste;3.262;;38;179;6;2.107;594;3;28;306;1;
Zamora Chinchipe;Chinchipe;Total Chinchipe;No asiste;7.075;825;30;16;28;2.748;2.409;20;167;744;87;1
Zamora Chinchipe;Chinchipe;Urbana;Total Urbana;4.154;249;40;114;9;1.441;1.331;19;130;751;69;1
Zamora Chinchipe;Chinchipe;Urbana;Asiste;1.378;;29;102;6;786;257;2;14;181;1;
Zamora Chinchipe;Chinchipe;Urbana;No asiste;2.776;249;11;12;3;655;1.074;17;116;570;68;1
Zamora Chinchipe;Chinchipe;Rural;Total Rural;6.183;576;28;81;25;3.414;1.672;4;65;299;19;
Zamora Chinchipe;Chinchipe;Rural;Asiste;1.884;;9;77;;1.321;337;1;14;125;;
Zamora Chinchipe;Chinchipe;Rural;No asiste;4.299;576;19;4;25;2.093;1.335;3;51;174;19;
Zamora Chinchipe;Nangaritza;Total Nangaritza;Total Nangaritza;6.429;611;122;162;21;3.053;1.748;10;74;590;38;
Zamora Chinchipe;Nangaritza;Total Nangaritza;Asiste;2.372;;105;149;1;1.451;381;6;29;248;2;
Zamora Chinchipe;Nangaritza;Total Nangaritza;No asiste;4.057;611;17;13;20;1.602;1.367;4;45;342;36;
Zamora Chinchipe;Nangaritza;Urbana;Total Urbana;2.519;169;38;78;5;1.032;716;7;47;401;26;
Zamora Chinchipe;Nangaritza;Urbana;Asiste;986;;34;73;1;534;166;3;18;157;;
Zamora Chinchipe;Nangaritza;Urbana;No asiste;1.533;169;4;5;4;498;550;4;29;244;26;
Zamora Chinchipe;Nangaritza;Rural;Total Rural;3.910;442;84;84;16;2.021;1.032;3;27;189;12;
Zamora Chinchipe;Nangaritza;Rural;Asiste;1.386;;71;76;;917;215;3;11;91;2;
Zamora Chinchipe;Nangaritza;Rural;No asiste;2.524;442;13;8;16;1.104;817;;16;98;10;
Zamora Chinchipe;Yacuambi;Total Yacuambi;Total Yacuambi;6.391;605;192;157;21;2.963;1.827;14;56;529;27;
Zamora Chinchipe;Yacuambi;Total Yacuambi;Asiste;2.360;;149;139;;1.415;423;8;13;213;;
Zamora Chinchipe;Yacuambi;Total Yacuambi;No asiste;4.031;605;43;18;21;1.548;1.404;6;43;316;27;
Zamora Chinchipe;Yacuambi;Urbana;Total Urbana;1.626;90;39;40;1;598;562;1;21;259;15;
Zamora Chinchipe;Yacuambi;Urbana;Asiste;638;;31;37;;376;110;;4;80;;
Zamora Chinchipe;Yacuambi;Urbana;No asiste;988;90;8;3;1;222;452;1;17;179;15;
Zamora Chinchipe;Yacuambi;Rural;Total Rural;4.765;515;153;117;20;2.365;1.265;13;35;270;12;
Zamora Chinchipe;Yacuambi;Rural;Asiste;1.722;;118;102;;1.039;313;8;9;133;;
Zamora Chinchipe;Yacuambi;Rural;No asiste;3.043;515;35;15;20;1.326;952;5;26;137;12;
Zamora Chinchipe;Yantzaza;Total Yantzaza;Total Yantzaza;23.370;1.962;214;536;58;9.920;6.956;180;487;2.786;264;7
Zamora Chinchipe;Yantzaza;Total Yantzaza;Asiste;8.235;;190;510;;4.867;1.589;22;119;928;10;
Zamora Chinchipe;Yantzaza;Total Yantzaza;No asiste;15.135;1.962;24;26;58;5.053;5.367;158;368;1.858;254;7
Zamora Chinchipe;Yantzaza;Urbana;Total Urbana;13.335;987;85;327;22;5.120;4.000;153;355;2.048;232;6
Zamora Chinchipe;Yantzaza;Urbana;Asiste;4.700;;72;313;;2.719;877;19;84;606;10;
Zamora Chinchipe;Yantzaza;Urbana;No asiste;8.635;987;13;14;22;2.401;3.123;134;271;1.442;222;6
Zamora Chinchipe;Yantzaza;Rural;Total Rural;10.035;975;129;209;36;4.800;2.956;27;132;738;32;1
Zamora Chinchipe;Yantzaza;Rural;Asiste;3.535;;118;197;;2.148;712;3;35;322;;
Zamora Chinchipe;Yantzaza;Rural;No asiste;6.500;975;11;12;36;2.652;2.244;24;97;416;32;1
Zamora Chinchipe;El Pangui;Total El Pangui;Total El Pangui;12.768;1.188;122;328;31;6.059;3.518;17;153;1.249;100;3
Zamora Chinchipe;El Pangui;Total El Pangui;Asiste;4.524;;92;306;;2.845;819;;40;420;2;
Zamora Chinchipe;El Pangui;Total El Pangui;No asiste;8.244;1.188;30;22;31;3.214;2.699;17;113;829;98;3
Zamora Chinchipe;El Pangui;Urbana;Total Urbana;5.340;436;72;144;9;2.204;1.503;4;89;806;70;3
Zamora Chinchipe;El Pangui;Urbana;Asiste;1.883;;62;134;;1.099;309;;27;250;2;
Zamora Chinchipe;El Pangui;Urbana;No asiste;3.457;436;10;10;9;1.105;1.194;4;62;556;68;3
Zamora Chinchipe;El Pangui;Rural;Total Rural;7.428;752;50;184;22;3.855;2.015;13;64;443;30;
Zamora Chinchipe;El Pangui;Rural;Asiste;2.641;;30;172;;1.746;510;;13;170;;
Zamora Chinchipe;El Pangui;Rural;No asiste;4.787;752;20;12;22;2.109;1.505;13;51;273;30;
Zamora Chinchipe;Centinela del Cóndor;Total Centinela del Cóndor;Total Centinela del Cóndor;7.882;599;72;190;27;3.525;2.329;20;164;884;70;2
Zamora Chinchipe;Centinela del Cóndor;Total Centinela del Cóndor;Asiste;2.651;;52;170;;1.552;516;8;49;300;2;2
Zamora Chinchipe;Centinela del Cóndor;Total Centinela del Cóndor;No asiste;5.231;599;20;20;27;1.973;1.813;12;115;584;68;
Zamora Chinchipe;Centinela del Cóndor;Urbana;Total Urbana;2.930;196;17;67;2;1.106;898;13;93;491;46;1
Zamora Chinchipe;Centinela del Cóndor;Urbana;Asiste;973;;9;58;;553;178;4;25;143;2;1
Zamora Chinchipe;Centinela del Cóndor;Urbana;No asiste;1.957;196;8;9;2;553;720;9;68;348;44;
Zamora Chinchipe;Centinela del Cóndor;Rural;Total Rural;4.952;403;55;123;25;2.419;1.431;7;71;393;24;1
Zamora Chinchipe;Centinela del Cóndor;Rural;Asiste;1.678;;43;112;;999;338;4;24;157;;1
Zamora Chinchipe;Centinela del Cóndor;Rural;No asiste;3.274;403;12;11;25;1.420;1.093;3;47;236;24;
Zamora Chinchipe;Palanda;Total Palanda;Total Palanda;8.873;640;180;145;36;4.410;2.584;10;128;687;53;
Zamora Chinchipe;Palanda;Total Palanda;Asiste;3.022;;128;140;1;1.826;630;7;28;260;2;
Zamora Chinchipe;Palanda;Total Palanda;No asiste;5.851;640;52;5;35;2.584;1.954;3;100;427;51;
Zamora Chinchipe;Palanda;Urbana;Total Urbana;2.353;141;35;58;2;930;763;6;51;334;33;
Zamora Chinchipe;Palanda;Urbana;Asiste;864;;27;57;1;479;185;4;8;102;1;
Zamora Chinchipe;Palanda;Urbana;No asiste;1.489;141;8;1;1;451;578;2;43;232;32;
Zamora Chinchipe;Palanda;Rural;Total Rural;6.520;499;145;87;34;3.480;1.821;4;77;353;20;
Zamora Chinchipe;Palanda;Rural;Asiste;2.158;;101;83;;1.347;445;3;20;158;1;
Zamora Chinchipe;Palanda;Rural;No asiste;4.362;499;44;4;34;2.133;1.376;1;57;195;19;
Zamora Chinchipe;Paquisha;Total Paquisha;Total Paquisha;4.737;378;75;119;16;2.257;1.383;8;98;372;30;1
Zamora Chinchipe;Paquisha;Total Paquisha;Asiste;1.712;;55;98;4;1.076;304;2;22;151;;
Zamora Chinchipe;Paquisha;Total Paquisha;No asiste;3.025;378;20;21;12;1.181;1.079;6;76;221;30;1
Zamora Chinchipe;Paquisha;Urbana;Total Urbana;1.583;97;20;45;7;615;500;5;63;203;27;1
Zamora Chinchipe;Paquisha;Urbana;Asiste;576;;13;39;3;331;112;1;13;64;;
Zamora Chinchipe;Paquisha;Urbana;No asiste;1.007;97;7;6;4;284;388;4;50;139;27;1
Zamora Chinchipe;Paquisha;Rural;Total Rural;3.154;281;55;74;9;1.642;883;3;35;169;3;
Zamora Chinchipe;Paquisha;Rural;Asiste;1.136;;42;59;1;745;192;1;9;87;;
Zamora Chinchipe;Paquisha;Rural;No asiste;2.018;281;13;15;8;897;691;2;26;82;3;
Galápagos;Total Galápagos;Total Galápagos;Total Galápagos;28.583;1.324;300;658;14;9.079;9.262;301;1.191;5.571;809;74
Galápagos;Total Galápagos;Urbana;Total Urbana;22.741;1.019;239;548;11;6.768;7.394;255;976;4.777;696;58
Galápagos;Total Galápagos;Urbana;Asiste;7.190;;190;521;1;3.775;1.246;29;239;1.170;19;
Galápagos;Total Galápagos;Urbana;No asiste;15.551;1.019;49;27;10;2.993;6.148;226;737;3.607;677;58
Galápagos;Total Galápagos;Rural;Total Rural;5.842;305;61;110;3;2.311;1.868;46;215;794;113;16
Galápagos;Total Galápagos;Rural;Asiste;1.839;;44;103;;1.022;361;8;60;236;5;
Galápagos;Total Galápagos;Rural;No asiste;4.003;305;17;7;3;1.289;1.507;38;155;558;108;16
Galápagos;San Cristóbal;Total San Cristóbal;Total San Cristóbal;8.300;323;108;213;2;2.378;2.525;126;400;1.876;313;36
Galápagos;San Cristóbal;Total San Cristóbal;Asiste;2.687;;86;199;;1.341;466;11;86;492;6;
Galápagos;San Cristóbal;Total San Cristóbal;No asiste;5.613;323;22;14;2;1.037;2.059;115;314;1.384;307;36
Galápagos;San Cristóbal;Urbana;Total Urbana;7.290;271;100;189;2;2.004;2.230;95;347;1.725;294;33
Galápagos;San Cristóbal;Urbana;Asiste;2.369;;78;179;;1.172;408;11;72;443;6;
Galápagos;San Cristóbal;Urbana;No asiste;4.921;271;22;10;2;832;1.822;84;275;1.282;288;33
Galápagos;San Cristóbal;Rural;Total Rural;1.010;52;8;24;;374;295;31;53;151;19;3
Galápagos;San Cristóbal;Rural;Asiste;318;;8;20;;169;58;;14;49;;
Galápagos;San Cristóbal;Rural;No asiste;692;52;;4;;205;237;31;39;102;19;3
Galápagos;Isabela;Total Isabela;Total Isabela;3.050;137;44;92;;1.012;1.074;20;142;480;47;2
Galápagos;Isabela;Total Isabela;Asiste;973;;37;91;;522;167;7;39;106;4;
Galápagos;Isabela;Total Isabela;No asiste;2.077;137;7;1;;490;907;13;103;374;43;2
Galápagos;Isabela;Urbana;Total Urbana;2.755;121;42;85;;857;984;20;137;461;46;2
Galápagos;Isabela;Urbana;Asiste;913;;36;85;;488;151;7;38;104;4;
Galápagos;Isabela;Urbana;No asiste;1.842;121;6;;;369;833;13;99;357;42;2
Galápagos;Isabela;Rural;Total Rural;295;16;2;7;;155;90;;5;19;1;
Galápagos;Isabela;Rural;Asiste;60;;1;6;;34;16;;1;2;;
Galápagos;Isabela;Rural;No asiste;235;16;1;1;;121;74;;4;17;1;
Galápagos;Santa Cruz;Total Santa Cruz;Total Santa Cruz;17.233;864;148;353;12;5.689;5.663;155;649;3.215;449;36
Galápagos;Santa Cruz;Total Santa Cruz;Asiste;5.369;;111;334;1;2.934;974;19;174;808;14;
Galápagos;Santa Cruz;Total Santa Cruz;No asiste;11.864;864;37;19;11;2.755;4.689;136;475;2.407;435;36
Galápagos;Santa Cruz;Urbana;Total Urbana;12.696;627;97;274;9;3.907;4.180;140;492;2.591;356;23
Galápagos;Santa Cruz;Urbana;Asiste;3.908;;76;257;1;2.115;687;11;129;623;9;
Galápagos;Santa Cruz;Urbana;No asiste;8.788;627;21;17;8;1.792;3.493;129;363;1.968;347;23
Galápagos;Santa Cruz;Rural;Total Rural;4.537;237;51;79;3;1.782;1.483;15;157;624;93;13
Galápagos;Santa Cruz;Rural;Asiste;1.461;;35;77;;819;287;8;45;185;5;
Galápagos;Santa Cruz;Rural;No asiste;3.076;237;16;2;3;963;1.196;7;112;439;88;13
Sucumbíos;Total Sucumbíos;Total Sucumbíos;Total Sucumbíos;199.014;14.997;3.361;4.734;342;85.052;64.813;957;5.736;17.428;1.524;70
Sucumbíos;Total Sucumbíos;Urbana;Total Urbana;81.034;5.147;1.029;2.031;75;28.419;28.067;359;3.323;11.322;1.206;56
Sucumbíos;Total Sucumbíos;Urbana;Asiste;29.153;;868;1.876;9;15.671;5.453;141;1.166;3.922;42;5
Sucumbíos;Total Sucumbíos;Urbana;No asiste;51.881;5.147;161;155;66;12.748;22.614;218;2.157;7.400;1.164;51
Sucumbíos;Total Sucumbíos;Rural;Total Rural;117.980;9.850;2.332;2.703;267;56.633;36.746;598;2.413;6.106;318;14
Sucumbíos;Total Sucumbíos;Rural;Asiste;42.172;;1.921;2.370;35;26.082;7.965;73;995;2.702;25;4
Sucumbíos;Total Sucumbíos;Rural;No asiste;75.808;9.850;411;333;232;30.551;28.781;525;1.418;3.404;293;10
Sucumbíos;Lago Agrio;Total Lago Agrio;Total Lago Agrio;105.044;7.428;1.834;2.386;129;43.311;34.345;373;3.189;10.979;1.019;51
Sucumbíos;Lago Agrio;Total Lago Agrio;Asiste;37.568;;1.509;2.143;11;21.428;6.953;126;1.239;4.112;40;7
Sucumbíos;Lago Agrio;Total Lago Agrio;No asiste;67.476;7.428;325;243;118;21.883;27.392;247;1.950;6.867;979;44
Sucumbíos;Lago Agrio;Urbana;Total Urbana;55.627;3.564;710;1.328;49;19.410;19.030;258;2.143;8.200;893;42
Sucumbíos;Lago Agrio;Urbana;Asiste;19.925;;588;1.214;5;10.628;3.730;93;775;2.857;32;3
Sucumbíos;Lago Agrio;Urbana;No asiste;35.702;3.564;122;114;44;8.782;15.300;165;1.368;5.343;861;39
Sucumbíos;Lago Agrio;Rural;Total Rural;49.417;3.864;1.124;1.058;80;23.901;15.315;115;1.046;2.779;126;9
Sucumbíos;Lago Agrio;Rural;Asiste;17.643;;921;929;6;10.800;3.223;33;464;1.255;8;4
Sucumbíos;Lago Agrio;Rural;No asiste;31.774;3.864;203;129;74;13.101;12.092;82;582;1.524;118;5
Sucumbíos;Gonzalo Pizarro;Total Gonzalo Pizarro;Total Gonzalo Pizarro;10.356;651;236;323;62;4.556;3.300;16;276;868;65;3
Sucumbíos;Gonzalo Pizarro;Total Gonzalo Pizarro;Asiste;4.003;;200;289;;2.318;747;6;97;342;3;1
Sucumbíos;Gonzalo Pizarro;Total Gonzalo Pizarro;No asiste;6.353;651;36;34;62;2.238;2.553;10;179;526;62;2
Sucumbíos;Gonzalo Pizarro;Urbana;Total Urbana;2.083;89;45;69;;698;733;3;105;316;24;1
Sucumbíos;Gonzalo Pizarro;Urbana;Asiste;778;;41;65;;388;136;1;35;110;1;1
Sucumbíos;Gonzalo Pizarro;Urbana;No asiste;1.305;89;4;4;;310;597;2;70;206;23;
Sucumbíos;Gonzalo Pizarro;Rural;Total Rural;8.273;562;191;254;62;3.858;2.567;13;171;552;41;2
Sucumbíos;Gonzalo Pizarro;Rural;Asiste;3.225;;159;224;;1.930;611;5;62;232;2;
Sucumbíos;Gonzalo Pizarro;Rural;No asiste;5.048;562;32;30;62;1.928;1.956;8;109;320;39;2
Sucumbíos;Putumayo;Total Putumayo;Total Putumayo;9.018;863;181;227;12;4.144;2.775;120;181;488;24;3
Sucumbíos;Putumayo;Total Putumayo;Asiste;3.250;;143;182;;1.997;649;6;55;217;1;
Sucumbíos;Putumayo;Total Putumayo;No asiste;5.768;863;38;45;12;2.147;2.126;114;126;271;23;3
Sucumbíos;Putumayo;Urbana;Total Urbana;2.012;154;32;63;2;815;640;12;83;198;11;2
Sucumbíos;Putumayo;Urbana;Asiste;770;;27;60;;448;150;2;14;69;;
Sucumbíos;Putumayo;Urbana;No asiste;1.242;154;5;3;2;367;490;10;69;129;11;2
Sucumbíos;Putumayo;Rural;Total Rural;7.006;709;149;164;10;3.329;2.135;108;98;290;13;1
Sucumbíos;Putumayo;Rural;Asiste;2.480;;116;122;;1.549;499;4;41;148;1;
Sucumbíos;Putumayo;Rural;No asiste;4.526;709;33;42;10;1.780;1.636;104;57;142;12;1
Sucumbíos;Shushufindi;Total Shushufindi;Total Shushufindi;50.826;4.379;594;1.165;98;22.187;16.845;395;1.593;3.307;255;8
Sucumbíos;Shushufindi;Total Shushufindi;Asiste;17.642;;481;1.072;26;10.662;3.500;56;598;1.234;13;
Sucumbíos;Shushufindi;Total Shushufindi;No asiste;33.184;4.379;113;93;72;11.525;13.345;339;995;2.073;242;8
Sucumbíos;Shushufindi;Urbana;Total Urbana;16.328;1.147;128;430;14;5.775;5.970;58;819;1.803;177;7
Sucumbíos;Shushufindi;Urbana;Asiste;5.782;;104;400;4;3.233;1.107;31;287;609;7;
Sucumbíos;Shushufindi;Urbana;No asiste;10.546;1.147;24;30;10;2.542;4.863;27;532;1.194;170;7
Sucumbíos;Shushufindi;Rural;Total Rural;34.498;3.232;466;735;84;16.412;10.875;337;774;1.504;78;1
Sucumbíos;Shushufindi;Rural;Asiste;11.860;;377;672;22;7.429;2.393;25;311;625;6;
Sucumbíos;Shushufindi;Rural;No asiste;22.638;3.232;89;63;62;8.983;8.482;312;463;879;72;1
Sucumbíos;Sucumbíos;Total Sucumbíos;Total Sucumbíos;3.174;170;50;62;5;1.420;1.052;7;50;341;17;
Sucumbíos;Sucumbíos;Total Sucumbíos;Asiste;1.020;;44;55;;539;204;3;15;160;;
Sucumbíos;Sucumbíos;Total Sucumbíos;No asiste;2.154;170;6;7;5;881;848;4;35;181;17;
Sucumbíos;Sucumbíos;Urbana;Total Urbana;746;17;27;20;2;288;262;;16;103;11;
Sucumbíos;Sucumbíos;Urbana;Asiste;281;;25;20;;143;42;;6;45;;
Sucumbíos;Sucumbíos;Urbana;No asiste;465;17;2;;2;145;220;;10;58;11;
Sucumbíos;Sucumbíos;Rural;Total Rural;2.428;153;23;42;3;1.132;790;7;34;238;6;
Sucumbíos;Sucumbíos;Rural;Asiste;739;;19;35;;396;162;3;9;115;;
Sucumbíos;Sucumbíos;Rural;No asiste;1.689;153;4;7;3;736;628;4;25;123;6;
Sucumbíos;Cascales;Total Cascales;Total Cascales;11.744;887;240;339;25;5.365;3.625;34;296;831;97;5
Sucumbíos;Cascales;Total Cascales;Asiste;4.508;;216;301;5;2.753;775;16;104;328;9;1
Sucumbíos;Cascales;Total Cascales;No asiste;7.236;887;24;38;20;2.612;2.850;18;192;503;88;4
Sucumbíos;Cascales;Urbana;Total Urbana;2.510;115;50;78;8;850;828;22;102;394;59;4
Sucumbíos;Cascales;Urbana;Asiste;978;;50;76;;498;166;14;34;137;2;1
Sucumbíos;Cascales;Urbana;No asiste;1.532;115;;2;8;352;662;8;68;257;57;3
Sucumbíos;Cascales;Rural;Total Rural;9.234;772;190;261;17;4.515;2.797;12;194;437;38;1
Sucumbíos;Cascales;Rural;Asiste;3.530;;166;225;5;2.255;609;2;70;191;7;
Sucumbíos;Cascales;Rural;No asiste;5.704;772;24;36;12;2.260;2.188;10;124;246;31;1
Sucumbíos;Cuyabeno;Total Cuyabeno;Total Cuyabeno;8.852;619;226;232;11;4.069;2.871;12;151;614;47;
Sucumbíos;Cuyabeno;Total Cuyabeno;Asiste;3.334;;196;204;2;2.056;590;1;53;231;1;
Sucumbíos;Cuyabeno;Total Cuyabeno;No asiste;5.518;619;30;28;9;2.013;2.281;11;98;383;46;
Sucumbíos;Cuyabeno;Urbana;Total Urbana;1.728;61;37;43;;583;604;6;55;308;31;
Sucumbíos;Cuyabeno;Urbana;Asiste;639;;33;41;;333;122;;15;95;;
Sucumbíos;Cuyabeno;Urbana;No asiste;1.089;61;4;2;;250;482;6;40;213;31;
Sucumbíos;Cuyabeno;Rural;Total Rural;7.124;558;189;189;11;3.486;2.267;6;96;306;16;
Sucumbíos;Cuyabeno;Rural;Asiste;2.695;;163;163;2;1.723;468;1;38;136;1;
Sucumbíos;Cuyabeno;Rural;No asiste;4.429;558;26;26;9;1.763;1.799;5;58;170;15;
Orellana;Total Orellana;Total Orellana;Total Orellana;182.166;15.185;3.818;4.011;236;81.889;56.183;562;4.754;14.025;1.448;55
Orellana;Total Orellana;Urbana;Total Urbana;73.338;5.036;871;1.700;66;26.535;25.253;317;3.002;9.422;1.093;43
Orellana;Total Orellana;Urbana;Asiste;26.312;;695;1.583;5;15.031;4.878;118;991;2.986;23;2
Orellana;Total Orellana;Urbana;No asiste;47.026;5.036;176;117;61;11.504;20.375;199;2.011;6.436;1.070;41
Orellana;Total Orellana;Rural;Total Rural;108.828;10.149;2.947;2.311;170;55.354;30.930;245;1.752;4.603;355;12
Orellana;Total Orellana;Rural;Asiste;41.111;;2.329;2.072;8;26.973;6.897;115;699;2.001;17;
Orellana;Total Orellana;Rural;No asiste;67.717;10.149;618;239;162;28.381;24.033;130;1.053;2.602;338;12
Orellana;Francisco de Orellana;Total Francisco de Orellana;Total Francisco de Orellana;95.130;8.061;1.439;1.973;117;41.078;30.330;305;2.499;8.434;857;37
Orellana;Francisco de Orellana;Total Francisco de Orellana;Asiste;34.942;;1.158;1.791;4;21.855;6.297;104;851;2.859;22;1
Orellana;Francisco de Orellana;Total Francisco de Orellana;No asiste;60.188;8.061;281;182;113;19.223;24.033;201;1.648;5.575;835;36
Orellana;Francisco de Orellana;Urbana;Total Urbana;51.281;3.646;451;1.130;46;18.661;17.736;224;1.926;6.699;732;30
Orellana;Francisco de Orellana;Urbana;Asiste;18.331;;369;1.036;3;10.637;3.445;78;624;2.123;15;1
Orellana;Francisco de Orellana;Urbana;No asiste;32.950;3.646;82;94;43;8.024;14.291;146;1.302;4.576;717;29
Orellana;Francisco de Orellana;Rural;Total Rural;43.849;4.415;988;843;71;22.417;12.594;81;573;1.735;125;7
Orellana;Francisco de Orellana;Rural;Asiste;16.611;;789;755;1;11.218;2.852;26;227;736;7;
Orellana;Francisco de Orellana;Rural;No asiste;27.238;4.415;199;88;70;11.199;9.742;55;346;999;118;7
Orellana;Aguarico;Total Aguarico;Total Aguarico;6.872;776;168;155;5;3.467;1.764;10;174;325;28;
Orellana;Aguarico;Total Aguarico;Asiste;2.840;;136;127;;1.902;452;4;81;136;2;
Orellana;Aguarico;Total Aguarico;No asiste;4.032;776;32;28;5;1.565;1.312;6;93;189;26;
Orellana;Aguarico;Urbana;Total Urbana;657;29;29;16;;238;239;;33;69;4;
Orellana;Aguarico;Urbana;Asiste;248;;22;14;;132;42;;16;22;;
Orellana;Aguarico;Urbana;No asiste;409;29;7;2;;106;197;;17;47;4;
Orellana;Aguarico;Rural;Total Rural;6.215;747;139;139;5;3.229;1.525;10;141;256;24;
Orellana;Aguarico;Rural;Asiste;2.592;;114;113;;1.770;410;4;65;114;2;
Orellana;Aguarico;Rural;No asiste;3.623;747;25;26;5;1.459;1.115;6;76;142;22;
Orellana;La Joya de los Sachas;Total La Joya de los Sachas;Total La Joya de los Sachas;52.444;3.999;1.087;1.297;86;23.354;16.418;126;1.726;3.870;468;13
Orellana;La Joya de los Sachas;Total La Joya de los Sachas;Asiste;18.609;;901;1.199;4;11.025;3.307;52;642;1.465;13;1
Orellana;La Joya de los Sachas;Total La Joya de los Sachas;No asiste;33.835;3.999;186;98;82;12.329;13.111;74;1.084;2.405;455;12
Orellana;La Joya de los Sachas;Urbana;Total Urbana;16.023;1.049;239;393;16;5.630;5.487;66;873;1.962;298;10
Orellana;La Joya de los Sachas;Urbana;Asiste;5.645;;198;375;1;3.113;1.015;25;296;614;7;1
Orellana;La Joya de los Sachas;Urbana;No asiste;10.378;1.049;41;18;15;2.517;4.472;41;577;1.348;291;9
Orellana;La Joya de los Sachas;Rural;Total Rural;36.421;2.950;848;904;70;17.724;10.931;60;853;1.908;170;3
Orellana;La Joya de los Sachas;Rural;Asiste;12.964;;703;824;3;7.912;2.292;27;346;851;6;
Orellana;La Joya de los Sachas;Rural;No asiste;23.457;2.950;145;80;67;9.812;8.639;33;507;1.057;164;3
Orellana;Loreto;Total Loreto;Total Loreto;27.720;2.349;1.124;586;28;13.990;7.671;121;355;1.396;95;5
Orellana;Loreto;Total Loreto;Asiste;11.032;;829;538;5;7.222;1.719;73;116;527;3;
Orellana;Loreto;Total Loreto;No asiste;16.688;2.349;295;48;23;6.768;5.952;48;239;869;92;5
Orellana;Loreto;Urbana;Total Urbana;5.377;312;152;161;4;2.006;1.791;27;170;692;59;3
Orellana;Loreto;Urbana;Asiste;2.088;;106;158;1;1.149;376;15;55;227;1;
Orellana;Loreto;Urbana;No asiste;3.289;312;46;3;3;857;1.415;12;115;465;58;3
Orellana;Loreto;Rural;Total Rural;22.343;2.037;972;425;24;11.984;5.880;94;185;704;36;2
Orellana;Loreto;Rural;Asiste;8.944;;723;380;4;6.073;1.343;58;61;300;2;
Orellana;Loreto;Rural;No asiste;13.399;2.037;249;45;20;5.911;4.537;36;124;404;34;2
Santo Domingo de los Tsáchilas;Total Santo Domingo de los Tsáchilas;Total Santo Domingo de los Tsáchilas;Total Santo Domingo de los Tsáchilas;492.969;44.463;3.817;10.039;767;208.587;146.590;1.648;11.385;59.886;5.451;336
Santo Domingo de los Tsáchilas;Total Santo Domingo de los Tsáchilas;Urbana;Total Urbana;370.300;30.957;2.675;7.610;411;146.335;114.006;1.360;9.725;52.014;4.903;304
Santo Domingo de los Tsáchilas;Total Santo Domingo de los Tsáchilas;Urbana;Asiste;124.842;;2.237;6.838;39;67.072;21.989;426;3.442;22.659;130;10
Santo Domingo de los Tsáchilas;Total Santo Domingo de los Tsáchilas;Urbana;No asiste;245.458;30.957;438;772;372;79.263;92.017;934;6.283;29.355;4.773;294
Santo Domingo de los Tsáchilas;Total Santo Domingo de los Tsáchilas;Rural;Total Rural;122.669;13.506;1.142;2.429;356;62.252;32.584;288;1.660;7.872;548;32
Santo Domingo de los Tsáchilas;Total Santo Domingo de los Tsáchilas;Rural;Asiste;36.460;;973;2.087;11;22.044;6.862;132;610;3.721;20;
Santo Domingo de los Tsáchilas;Total Santo Domingo de los Tsáchilas;Rural;No asiste;86.209;13.506;169;342;345;40.208;25.722;156;1.050;4.151;528;32
Santo Domingo de los Tsáchilas;Santo Domingo;Total Santo Domingo;Total Santo Domingo;441.583;38.806;3.412;8.846;704;185.193;131.397;1.521;10.733;55.652;5.003;316
Santo Domingo de los Tsáchilas;Santo Domingo;Total Santo Domingo;Asiste;144.064;;2.874;7.836;41;78.456;25.634;504;3.840;24.730;139;10
Santo Domingo de los Tsáchilas;Santo Domingo;Total Santo Domingo;No asiste;297.519;38.806;538;1.010;663;106.737;105.763;1.017;6.893;30.922;4.864;306
Santo Domingo de los Tsáchilas;Santo Domingo;Urbana;Total Urbana;334.826;27.326;2.400;6.787;374;130.913;103.130;1.250;9.210;48.635;4.513;288
Santo Domingo de los Tsáchilas;Santo Domingo;Urbana;Asiste;112.739;;2.013;6.080;37;59.654;19.734;383;3.274;21.430;124;10
Santo Domingo de los Tsáchilas;Santo Domingo;Urbana;No asiste;222.087;27.326;387;707;337;71.259;83.396;867;5.936;27.205;4.389;278
Santo Domingo de los Tsáchilas;Santo Domingo;Rural;Total Rural;106.757;11.480;1.012;2.059;330;54.280;28.267;271;1.523;7.017;490;28
Santo Domingo de los Tsáchilas;Santo Domingo;Rural;Asiste;31.325;;861;1.756;4;18.802;5.900;121;566;3.300;15;
Santo Domingo de los Tsáchilas;Santo Domingo;Rural;No asiste;75.432;11.480;151;303;326;35.478;22.367;150;957;3.717;475;28
Santo Domingo de los Tsáchilas;La Concordia;Total La Concordia;Total La Concordia;51.386;5.657;405;1.193;63;23.394;15.193;127;652;4.234;448;20
Santo Domingo de los Tsáchilas;La Concordia;Total La Concordia;Asiste;17.238;;336;1.089;9;10.660;3.217;54;212;1.650;11;
Santo Domingo de los Tsáchilas;La Concordia;Total La Concordia;No asiste;34.148;5.657;69;104;54;12.734;11.976;73;440;2.584;437;20
Santo Domingo de los Tsáchilas;La Concordia;Urbana;Total Urbana;35.474;3.631;275;823;37;15.422;10.876;110;515;3.379;390;16
Santo Domingo de los Tsáchilas;La Concordia;Urbana;Asiste;12.103;;224;758;2;7.418;2.255;43;168;1.229;6;
Santo Domingo de los Tsáchilas;La Concordia;Urbana;No asiste;23.371;3.631;51;65;35;8.004;8.621;67;347;2.150;384;16
Santo Domingo de los Tsáchilas;La Concordia;Rural;Total Rural;15.912;2.026;130;370;26;7.972;4.317;17;137;855;58;4
Santo Domingo de los Tsáchilas;La Concordia;Rural;Asiste;5.135;;112;331;7;3.242;962;11;44;421;5;
Santo Domingo de los Tsáchilas;La Concordia;Rural;No asiste;10.777;2.026;18;39;19;4.730;3.355;6;93;434;53;4
Santa Elena;Total Santa Elena;Total Santa Elena;Total Santa Elena;385.735;21.580;13.079;8.583;943;176.221;112.861;1.217;4.358;42.539;4.074;280
Santa Elena;Total Santa Elena;Urbana;Total Urbana;201.785;11.687;5.777;4.082;258;81.813;62.821;694;2.877;28.723;2.855;198
Santa Elena;Total Santa Elena;Urbana;Asiste;70.107;;4.793;3.785;46;38.379;11.598;184;657;10.528;130;7
Santa Elena;Total Santa Elena;Urbana;No asiste;131.678;11.687;984;297;212;43.434;51.223;510;2.220;18.195;2.725;191
Santa Elena;Total Santa Elena;Rural;Total Rural;183.950;9.893;7.302;4.501;685;94.408;50.040;523;1.481;13.816;1.219;82
Santa Elena;Total Santa Elena;Rural;Asiste;64.786;;6.307;4.210;95;38.048;9.895;142;393;5.657;39;
Santa Elena;Total Santa Elena;Rural;No asiste;119.164;9.893;995;291;590;56.360;40.145;381;1.088;8.159;1.180;82
Santa Elena;Santa Elena;Total Santa Elena;Total Santa Elena;186.687;9.689;6.983;4.354;682;90.925;52.144;534;1.795;17.859;1.620;102
Santa Elena;Santa Elena;Total Santa Elena;Asiste;65.715;;6.009;4.104;114;37.642;10.147;156;468;7.001;69;5
Santa Elena;Santa Elena;Total Santa Elena;No asiste;120.972;9.689;974;250;568;53.283;41.997;378;1.327;10.858;1.551;97
Santa Elena;Santa Elena;Urbana;Total Urbana;54.565;2.845;1.514;1.158;89;19.846;17.564;258;858;9.393;962;78
Santa Elena;Santa Elena;Urbana;Asiste;19.944;;1.256;1.099;34;10.542;3.292;64;210;3.393;49;5
Santa Elena;Santa Elena;Urbana;No asiste;34.621;2.845;258;59;55;9.304;14.272;194;648;6.000;913;73
Santa Elena;Santa Elena;Rural;Total Rural;132.122;6.844;5.469;3.196;593;71.079;34.580;276;937;8.466;658;24
Santa Elena;Santa Elena;Rural;Asiste;45.771;;4.753;3.005;80;27.100;6.855;92;258;3.608;20;
Santa Elena;Santa Elena;Rural;No asiste;86.351;6.844;716;191;513;43.979;27.725;184;679;4.858;638;24
Santa Elena;La Libertad;Total La Libertad;Total La Libertad;112.247;6.876;3.460;2.258;133;47.326;35.322;324;1.357;13.946;1.196;49
Santa Elena;La Libertad;Total La Libertad;Asiste;39.500;;2.945;2.085;10;21.905;6.572;103;343;5.478;58;1
Santa Elena;La Libertad;Total La Libertad;No asiste;72.747;6.876;515;173;123;25.421;28.750;221;1.014;8.468;1.138;48
Santa Elena;La Libertad;Urbana;Total Urbana;112.154;6.869;3.457;2.253;133;47.273;35.298;323;1.357;13.946;1.196;49
Santa Elena;La Libertad;Urbana;Asiste;39.460;;2.942;2.081;10;21.880;6.565;102;343;5.478;58;1
Santa Elena;La Libertad;Urbana;No asiste;72.694;6.869;515;172;123;25.393;28.733;221;1.014;8.468;1.138;48
Santa Elena;La Libertad;Rural;Total Rural;93;7;3;5;;53;24;1;;;;
Santa Elena;La Libertad;Rural;Asiste;40;;3;4;;25;7;1;;;;
Santa Elena;La Libertad;Rural;No asiste;53;7;;1;;28;17;;;;;
Santa Elena;Salinas;Total Salinas;Total Salinas;86.801;5.015;2.636;1.971;128;37.970;25.395;359;1.206;10.734;1.258;129
Santa Elena;Salinas;Total Salinas;Asiste;29.678;;2.146;1.806;17;16.880;4.774;67;239;3.706;42;1
Santa Elena;Salinas;Total Salinas;No asiste;57.123;5.015;490;165;111;21.090;20.621;292;967;7.028;1.216;128
Santa Elena;Salinas;Urbana;Total Urbana;35.066;1.973;806;671;36;14.694;9.959;113;662;5.384;697;71
Santa Elena;Salinas;Urbana;Asiste;10.703;;595;605;2;5.957;1.741;18;104;1.657;23;1
Santa Elena;Salinas;Urbana;No asiste;24.363;1.973;211;66;34;8.737;8.218;95;558;3.727;674;70
Santa Elena;Salinas;Rural;Total Rural;51.735;3.042;1.830;1.300;92;23.276;15.436;246;544;5.350;561;58
Santa Elena;Salinas;Rural;Asiste;18.975;;1.551;1.201;15;10.923;3.033;49;135;2.049;19;
Santa Elena;Salinas;Rural;No asiste;32.760;3.042;279;99;77;12.353;12.403;197;409;3.301;542;58